/*
 * zedBSD
 * Copyright (C) 2026 Awe Morris
 *
 * SPDX-License-Identifier: Zlib
 */

/*
 * Embedded reference DMC firmware i915/adlp_dmc.bin (v2.20, 79088 bytes).
 * Do NOT edit: byte-for-byte copy of the fixed reference blob.
 * sha256=3516de2e134ddcf3b319c75d2e437779fecbd58cbb77234bd6f297c544e92ccb
 * byte-sum checksum=0x002b075a
 */

const unsigned char drv_i915_firmware_adlp_dmc[79088] = {
	0x09,0x00,0x00,0x00,0x20,0x00,0x00,0x00,0x00,0x00,0x01,0x00,0x00,0x00,0x00,0x00,
	0x00,0x00,0x00,0x00,0x12,0x07,0xe7,0x07,0x3c,0x4d,0x00,0x00,0x00,0x00,0x00,0x00,
	0x00,0x00,0x00,0x00,0x00,0x00,0x00,0x00,0x00,0x00,0x00,0x00,0x00,0x00,0x00,0x00,
	0x00,0x00,0x00,0x00,0x00,0x00,0x00,0x00,0x00,0x00,0x00,0x00,0x00,0x00,0x00,0x00,
	0x00,0x00,0x00,0x00,0x00,0x00,0x00,0x00,0x00,0x00,0x00,0x00,0x00,0x00,0x00,0x00,
	0x00,0x00,0x00,0x00,0x00,0x00,0x00,0x00,0x14,0x00,0x02,0x00,0x00,0x00,0x00,0x00,
	0x00,0x00,0x00,0x00,0x00,0x00,0x00,0x00,0x00,0x00,0x00,0x00,0x00,0x00,0x00,0x00,
	0x00,0x00,0x00,0x00,0x00,0x00,0x00,0x00,0x00,0x00,0x00,0x00,0x00,0x00,0x00,0x00,
	0x64,0x02,0x00,0x00,0x00,0x00,0x00,0x00,0x00,0x00,0x00,0x00,0x06,0x00,0x00,0x00,
	0x00,0x00,0x41,0x2a,0x00,0x00,0x00,0x00,0x00,0x00,0x00,0x00,0x00,0x00,0x2a,0x2a,
	0x9d,0x18,0x00,0x00,0x00,0x00,0x00,0x00,0x00,0x01,0x2a,0x2a,0x5f,0x31,0x00,0x00,
	0x00,0x00,0x00,0x00,0x00,0x02,0x2a,0x2a,0x92,0x3b,0x00,0x00,0x00,0x00,0x00,0x00,
	0x00,0x03,0x2a,0x2a,0xcc,0x47,0x00,0x00,0x00,0x00,0x00,0x00,0x00,0x04,0x2a,0x2a,
	0x42,0x4a,0x00,0x00,0x00,0x00,0x00,0x00,0x00,0x00,0x00,0x00,0x00,0x00,0x00,0x00,
	0x00,0x00,0x00,0x00,0x00,0x00,0x00,0x00,0x00,0x00,0x00,0x00,0x00,0x00,0x00,0x00,
	0x00,0x00,0x00,0x00,0x00,0x00,0x00,0x00,0x00,0x00,0x00,0x00,0x00,0x00,0x00,0x00,
	0x00,0x00,0x00,0x00,0x00,0x00,0x00,0x00,0x00,0x00,0x00,0x00,0x00,0x00,0x00,0x00,
	0x00,0x00,0x00,0x00,0x00,0x00,0x00,0x00,0x00,0x00,0x00,0x00,0x00,0x00,0x00,0x00,
	0x00,0x00,0x00,0x00,0x00,0x00,0x00,0x00,0x00,0x00,0x00,0x00,0x00,0x00,0x00,0x00,
	0x00,0x00,0x00,0x00,0x00,0x00,0x00,0x00,0x00,0x00,0x00,0x00,0x00,0x00,0x00,0x00,
	0x00,0x00,0x00,0x00,0x00,0x00,0x00,0x00,0x00,0x00,0x00,0x00,0x00,0x00,0x00,0x00,
	0x00,0x00,0x00,0x00,0x00,0x00,0x00,0x00,0x00,0x00,0x00,0x00,0x00,0x00,0x00,0x00,
	0x00,0x00,0x00,0x00,0x00,0x00,0x00,0x00,0x00,0x00,0x00,0x00,0x00,0x00,0x00,0x00,
	0x00,0x00,0x00,0x00,0x00,0x00,0x00,0x00,0x00,0x00,0x00,0x00,0x00,0x00,0x00,0x00,
	0x00,0x00,0x00,0x00,0x00,0x00,0x00,0x00,0x00,0x00,0x00,0x00,0x00,0x00,0x00,0x00,
	0x00,0x00,0x00,0x00,0x00,0x00,0x00,0x00,0x00,0x00,0x00,0x00,0x00,0x00,0x00,0x00,
	0x00,0x00,0x00,0x00,0x00,0x00,0x00,0x00,0x00,0x00,0x00,0x00,0x00,0x00,0x00,0x00,
	0x00,0x00,0x00,0x00,0x00,0x00,0x00,0x00,0x00,0x00,0x00,0x00,0x00,0x00,0x00,0x00,
	0x00,0x00,0x00,0x00,0x00,0x00,0x00,0x00,0x00,0x00,0x00,0x00,0x00,0x00,0x00,0x00,
	0x00,0x00,0x00,0x00,0x00,0x00,0x00,0x00,0x00,0x00,0x00,0x00,0x00,0x00,0x00,0x00,
	0x00,0x00,0x00,0x00,0x00,0x00,0x00,0x00,0x00,0x00,0x00,0x00,0x00,0x00,0x00,0x00,
	0x00,0x00,0x00,0x00,0x00,0x00,0x00,0x00,0x00,0x00,0x00,0x00,0x00,0x00,0x00,0x00,
	0x00,0x00,0x00,0x00,0x00,0x00,0x00,0x00,0x00,0x00,0x00,0x00,0x00,0x00,0x00,0x00,
	0x3e,0x3e,0x40,0x40,0x40,0x03,0x04,0x0c,0x0a,0x0c,0x00,0x00,0x5d,0x18,0x00,0x00,
	0x00,0x00,0x02,0x00,0x00,0x00,0x08,0x00,0x00,0x00,0x00,0x00,0x00,0x00,0x00,0x00,
	0x00,0x00,0x00,0x00,0x00,0x00,0x00,0x00,0x00,0x00,0x00,0x00,0x00,0x00,0x00,0x00,
	0x00,0x00,0x00,0x00,0x00,0x00,0x00,0x00,0x00,0x00,0x00,0x00,0x34,0x01,0x03,0x31,
	0x34,0x3c,0x40,0x2f,0x36,0x47,0x2f,0x3d,0x31,0x39,0x3e,0x2f,0x11,0x00,0x2f,0x02,
	0xfe,0x00,0xfe,0x34,0xd0,0xfd,0x34,0x35,0x46,0x39,0x33,0x35,0x07,0x00,0x00,0x00,
	0x74,0xf0,0x08,0x00,0x34,0xf0,0x08,0x00,0x04,0xf0,0x08,0x00,0x38,0xf0,0x08,0x00,
	0x08,0xf0,0x08,0x00,0x3c,0xf0,0x08,0x00,0x0c,0xf0,0x08,0x00,0x00,0x00,0x00,0x00,
	0x00,0x00,0x00,0x00,0x00,0x00,0x00,0x00,0x00,0x00,0x00,0x00,0x00,0x00,0x00,0x00,
	0x00,0x00,0x00,0x00,0x00,0x00,0x00,0x00,0x00,0x00,0x00,0x00,0x00,0x00,0x00,0x00,
	0x00,0x00,0x00,0x00,0x00,0x00,0x00,0x00,0x00,0x00,0x00,0x00,0x00,0x00,0x00,0x00,
	0xc0,0x6f,0x08,0x00,0x00,0xb4,0x03,0xc0,0x08,0x01,0x24,0x01,0x00,0xb2,0x03,0xc0,
	0x40,0x50,0x8c,0x50,0x00,0xb3,0x03,0xc0,0x68,0x57,0xb8,0x57,0x00,0x00,0x00,0x00,
	0x00,0x00,0x00,0x00,0x00,0x00,0x00,0x00,0x00,0x00,0x00,0x00,0x00,0x00,0x00,0x00,
	0x00,0x00,0x00,0x00,0x00,0x00,0x00,0x00,0x00,0x00,0x00,0x00,0x00,0x00,0x00,0x00,
	0x00,0x00,0x00,0x00,0x00,0x00,0x00,0x00,0x00,0x00,0x00,0x00,0x00,0x00,0x00,0x00,
	0x40,0x40,0x0a,0x0c,0x00,0x00,0x02,0x00,0x00,0x00,0x00,0x00,0x00,0x00,0x00,0x00,
	0x00,0x00,0x00,0x00,0x00,0x00,0x00,0x00,0x00,0x00,0x00,0x00,0x00,0x00,0x00,0x00,
	0x00,0x00,0x00,0x00,0x00,0x00,0x00,0x00,0x00,0x00,0x00,0x00,0x00,0x00,0x00,0x00,
	0x00,0x00,0x00,0x00,0x00,0x00,0x00,0x00,0x00,0x00,0x00,0x00,0x00,0x00,0x00,0x00,
	0x00,0x00,0x00,0x00,0x00,0x00,0x00,0x00,0x00,0x00,0x00,0x00,0x00,0x00,0x00,0x00,
	0x00,0x00,0x00,0x00,0x00,0x00,0x00,0x00,0x00,0x00,0x00,0x00,0x00,0x00,0x00,0x00,
	0x00,0x00,0x00,0x00,0x00,0x00,0x00,0x00,0x00,0x00,0x00,0x00,0x00,0x00,0x00,0x00,
	0x00,0x00,0x00,0x00,0x00,0x00,0x00,0x00,0x00,0x00,0x00,0x00,0x00,0x00,0x00,0x00,
	0x00,0x00,0x00,0x00,0x00,0x00,0x00,0x00,0x00,0x00,0x00,0x00,0x00,0x00,0x00,0x00,
	0x00,0x00,0x00,0x00,0x00,0x00,0x00,0x00,0x00,0x00,0x00,0x00,0x00,0x00,0x00,0x00,
	0x00,0x00,0x00,0x00,0x00,0x00,0x00,0x00,0x00,0x00,0x00,0x00,0x00,0x00,0x00,0x00,
	0x00,0x00,0x00,0x00,0x00,0x00,0x00,0x00,0x00,0x00,0x00,0x00,0x00,0x00,0x00,0x00,
	0x00,0x00,0x00,0x00,0x00,0x00,0x00,0x00,0x00,0x00,0x00,0x00,0x00,0x00,0x00,0x00,
	0x00,0x00,0x00,0x00,0x00,0x00,0x00,0x00,0x00,0x00,0x00,0x00,0x00,0x00,0x00,0x00,
	0x00,0x00,0x00,0x00,0x00,0x00,0x00,0x00,0x00,0x00,0x00,0x00,0x00,0x00,0x00,0x00,
	0x00,0x00,0x00,0x00,0x00,0x00,0x00,0x00,0x00,0x00,0x00,0x00,0x00,0x00,0x00,0x00,
	0x00,0x00,0x00,0x00,0x00,0x00,0x00,0x00,0x00,0x00,0x01,0x04,0x05,0x00,0x00,0x00,
	0x00,0x55,0x04,0x00,0x00,0x08,0x01,0x02,0xf0,0x46,0x5c,0x49,0x00,0x00,0x01,0x02,
	0x24,0x01,0x10,0x03,0x00,0x00,0x01,0x01,0x00,0x00,0x00,0x00,0x00,0x01,0x08,0x00,
	0x00,0x00,0x01,0x01,0x00,0x00,0x00,0x00,0xfc,0x00,0x08,0x00,0x00,0x00,0x01,0x01,
	0x00,0x00,0x00,0x00,0xf8,0x00,0x08,0x00,0x00,0x00,0x01,0x01,0x00,0x00,0x00,0x00,
	0xf4,0x00,0x08,0x00,0x00,0x00,0x01,0x01,0x00,0x00,0x00,0x00,0xf0,0x00,0x08,0x00,
	0x00,0x00,0x01,0x01,0x00,0x00,0x00,0x00,0xec,0x00,0x08,0x00,0x00,0x00,0x01,0x01,
	0x00,0x00,0x00,0x00,0xe8,0x00,0x08,0x00,0x00,0x00,0x01,0x01,0x00,0x00,0x00,0x00,
	0xc0,0x00,0x08,0x00,0x00,0x00,0x01,0x01,0x00,0x00,0x00,0x00,0xbc,0x00,0x08,0x00,
	0x00,0x00,0x01,0x01,0x00,0x00,0x00,0x00,0x9c,0x68,0x08,0x00,0x00,0x00,0x01,0x01,
	0x00,0x00,0x00,0x00,0x98,0x68,0x08,0x00,0x00,0x00,0x01,0x01,0x00,0x00,0x00,0x00,
	0x94,0x68,0x08,0x00,0x00,0x00,0x01,0x01,0x00,0x00,0x00,0x00,0x90,0x68,0x08,0x00,
	0x00,0x00,0x01,0x01,0x00,0x00,0x00,0x00,0x68,0x68,0x08,0x00,0x00,0x00,0x01,0x01,
	0x00,0x00,0x00,0x00,0x64,0x68,0x08,0x00,0x00,0x00,0x01,0x01,0x00,0x00,0x00,0x00,
	0x60,0x68,0x08,0x00,0x00,0x00,0x01,0x01,0x00,0x00,0x00,0x00,0x5c,0x68,0x08,0x00,
	0x00,0x00,0x01,0x01,0x00,0x00,0x00,0x00,0x58,0x68,0x08,0x00,0x00,0x00,0x01,0x01,
	0x00,0x00,0x00,0x00,0x54,0x68,0x08,0x00,0x00,0x00,0x01,0x01,0x00,0x00,0x00,0x00,
	0x50,0x68,0x08,0x00,0x00,0x00,0x01,0x01,0x00,0x00,0x00,0x00,0x4c,0x68,0x08,0x00,
	0x00,0x00,0x01,0x01,0x01,0x00,0x00,0x10,0xd0,0x00,0x08,0x00,0x00,0x00,0x01,0x01,
	0x00,0x00,0x00,0x00,0xc8,0x00,0x08,0x00,0x00,0x00,0x01,0x01,0x00,0x00,0x00,0x00,
	0xc4,0x00,0x08,0x00,0x00,0x00,0x01,0x01,0x00,0x00,0x00,0x00,0xa4,0x68,0x08,0x00,
	0x00,0x00,0x01,0x01,0x00,0x00,0x00,0x00,0xa0,0x68,0x08,0x00,0x00,0x00,0x01,0x01,
	0x00,0x00,0x00,0x00,0xf0,0xf3,0x05,0x00,0x00,0x00,0x01,0x01,0x00,0x00,0x00,0x00,
	0xf0,0xf7,0x05,0x00,0x00,0x00,0x01,0x01,0x00,0x00,0x00,0xd0,0xe0,0xf0,0x08,0x00,
	0x05,0x00,0x01,0x04,0x00,0x00,0x00,0x80,0x60,0xf0,0x05,0x00,0x05,0x00,0x01,0x04,
	0x00,0x00,0x00,0x80,0x60,0xf4,0x05,0x00,0x05,0x00,0x01,0x04,0x00,0x00,0x00,0x80,
	0x60,0xf8,0x05,0x00,0x05,0x00,0x01,0x04,0x00,0x00,0x00,0x80,0x60,0xfc,0x05,0x00,
	0x00,0x00,0x00,0x01,0x28,0x40,0x06,0x00,0xc4,0x68,0x08,0x00,0x04,0x00,0x01,0x04,
	0x00,0x00,0xe0,0x01,0xc4,0x68,0x08,0x00,0x00,0x00,0x01,0x04,0x00,0x00,0x00,0x00,
	0xc4,0x68,0x08,0x00,0x00,0x08,0x00,0x02,0x80,0x4c,0xdc,0x4c,0x00,0x00,0x00,0x01,
	0x28,0x41,0x06,0x00,0xc0,0x68,0x08,0x00,0x04,0x00,0x01,0x04,0x00,0x00,0xe0,0x01,
	0xc0,0x68,0x08,0x00,0x00,0x00,0x01,0x04,0x00,0x00,0x00,0x00,0xc0,0x68,0x08,0x00,
	0x00,0x08,0x00,0x02,0x80,0x4c,0xdc,0x4c,0x00,0x00,0x01,0x02,0x10,0x03,0xb4,0x03,
	0x00,0x00,0x00,0x01,0x04,0x55,0x04,0x00,0xb4,0x68,0x08,0x00,0x04,0x00,0x01,0x04,
	0x03,0x00,0x00,0x00,0xb4,0x68,0x08,0x00,0x00,0x00,0x01,0x04,0x00,0x00,0x00,0x00,
	0xb4,0x68,0x08,0x00,0x00,0x08,0x01,0x02,0x80,0x4c,0xdc,0x4c,0x05,0x00,0x01,0x04,
	0x01,0x00,0x00,0x00,0x80,0xf0,0x08,0x00,0x05,0x00,0x01,0x04,0x01,0x00,0x00,0x00,
	0x84,0x20,0x04,0x00,0x00,0x00,0x00,0x01,0x24,0x54,0x04,0x00,0xf0,0x68,0x08,0x00,
	0x04,0x00,0x01,0x04,0x80,0x00,0x00,0x00,0xf0,0x68,0x08,0x00,0x00,0x00,0x01,0x04,
	0x80,0x00,0x00,0x00,0xf0,0x68,0x08,0x00,0x00,0x08,0x01,0x02,0x80,0x4c,0xdc,0x4c,
	0x00,0x00,0x00,0x01,0x00,0x42,0x04,0x00,0xd0,0x68,0x08,0x00,0x04,0x00,0x01,0x04,
	0xff,0xff,0xff,0x7f,0xd0,0x68,0x08,0x00,0x00,0x00,0x01,0x04,0x00,0x00,0x00,0x00,
	0xd0,0x68,0x08,0x00,0x00,0x08,0x01,0x02,0x30,0x04,0x80,0x05,0x00,0x00,0x01,0x02,
	0xb4,0x03,0x30,0x04,0x00,0x00,0x01,0x01,0x00,0x00,0x00,0x00,0xcc,0x68,0x08,0x00,
	0x05,0x00,0x00,0x04,0x68,0x44,0x04,0x00,0xcc,0x68,0x08,0x00,0x05,0x00,0x00,0x04,
	0x88,0x44,0x04,0x00,0xcc,0x68,0x08,0x00,0x05,0x00,0x00,0x04,0x78,0x44,0x04,0x00,
	0xcc,0x68,0x08,0x00,0x05,0x00,0x00,0x04,0x08,0x44,0x04,0x00,0xcc,0x68,0x08,0x00,
	0x05,0x00,0x00,0x04,0x48,0x44,0x04,0x00,0xcc,0x68,0x08,0x00,0x05,0x00,0x00,0x04,
	0x18,0x08,0x06,0x00,0xcc,0x68,0x08,0x00,0x05,0x00,0x00,0x04,0x58,0x70,0x06,0x00,
	0xcc,0x68,0x08,0x00,0x00,0x00,0x01,0x04,0x00,0x00,0x00,0x00,0xcc,0x68,0x08,0x00,
	0x00,0x08,0x01,0x02,0x30,0x04,0x80,0x05,0x00,0x00,0x01,0x02,0x80,0x4c,0xdc,0x4c,
	0x00,0x00,0x00,0x01,0x50,0x52,0x04,0x00,0xbc,0x6f,0x08,0x00,0x00,0x00,0x00,0x01,
	0x54,0x52,0x04,0x00,0xb8,0x6f,0x08,0x00,0x00,0x00,0x00,0x01,0x4c,0x65,0x04,0x00,
	0xb4,0x6f,0x08,0x00,0x00,0x00,0x00,0x01,0x50,0x65,0x04,0x00,0xb0,0x6f,0x08,0x00,
	0x00,0x00,0x00,0x01,0x94,0xb0,0x06,0x00,0xac,0x6f,0x08,0x00,0x00,0x00,0x00,0x01,
	0x94,0xb8,0x06,0x00,0xa8,0x6f,0x08,0x00,0x00,0x00,0x00,0x01,0x00,0xb4,0x06,0x00,
	0xa4,0x6f,0x08,0x00,0x00,0x00,0x00,0x01,0x00,0xbc,0x06,0x00,0xa0,0x6f,0x08,0x00,
	0x00,0x00,0x00,0x01,0x00,0xb0,0x06,0x00,0x9c,0x6f,0x08,0x00,0x00,0x00,0x00,0x01,
	0x0c,0xb0,0x06,0x00,0x98,0x6f,0x08,0x00,0x00,0x00,0x00,0x01,0x10,0xb0,0x06,0x00,
	0x94,0x6f,0x08,0x00,0x00,0x00,0x00,0x01,0x00,0xb8,0x06,0x00,0x90,0x6f,0x08,0x00,
	0x00,0x00,0x00,0x01,0x0c,0xb8,0x06,0x00,0x8c,0x6f,0x08,0x00,0x00,0x00,0x00,0x01,
	0x10,0xb8,0x06,0x00,0x88,0x6f,0x08,0x00,0x00,0x00,0x00,0x01,0x08,0xb0,0x07,0x00,
	0x84,0x6f,0x08,0x00,0x00,0x00,0x00,0x01,0x08,0xb8,0x07,0x00,0x80,0x6f,0x08,0x00,
	0x00,0x00,0x00,0x01,0x40,0x09,0x06,0x00,0x7c,0x6f,0x08,0x00,0x00,0x00,0x00,0x01,
	0x40,0x19,0x06,0x00,0x78,0x6f,0x08,0x00,0x00,0x00,0x00,0x01,0x34,0xb0,0x06,0x00,
	0x74,0x6f,0x08,0x00,0x00,0x00,0x00,0x01,0x34,0xb8,0x06,0x00,0x70,0x6f,0x08,0x00,
	0x00,0x00,0x00,0x01,0x24,0x54,0x04,0x00,0xf0,0x68,0x08,0x00,0x04,0x00,0x01,0x04,
	0x40,0x00,0x00,0x00,0xf0,0x68,0x08,0x00,0x00,0x00,0x01,0x04,0x40,0x00,0x00,0x00,
	0xf0,0x68,0x08,0x00,0x00,0x08,0x01,0x02,0x14,0x06,0x80,0x06,0x00,0x00,0x00,0x01,
	0x24,0x54,0x04,0x00,0xf0,0x68,0x08,0x00,0x04,0x00,0x01,0x04,0x02,0x00,0x00,0x00,
	0xf0,0x68,0x08,0x00,0x00,0x00,0x01,0x04,0x02,0x00,0x00,0x00,0xf0,0x68,0x08,0x00,
	0x00,0x08,0x01,0x02,0x80,0x05,0x94,0x05,0x00,0x00,0x01,0x02,0x94,0x05,0x00,0x06,
	0x00,0x00,0x01,0x01,0x01,0x00,0x00,0x00,0x50,0x68,0x08,0x00,0x00,0x00,0x01,0x02,
	0x94,0x05,0x00,0x06,0x00,0x00,0x00,0x01,0x24,0x54,0x04,0x00,0xf0,0x68,0x08,0x00,
	0x04,0x00,0x01,0x04,0x20,0x00,0x00,0x00,0xf0,0x68,0x08,0x00,0x00,0x00,0x01,0x04,
	0x20,0x00,0x00,0x00,0xf0,0x68,0x08,0x00,0x00,0x08,0x01,0x02,0xe4,0x07,0x50,0x08,
	0x00,0x00,0x00,0x01,0x24,0x54,0x04,0x00,0xf0,0x68,0x08,0x00,0x04,0x00,0x01,0x04,
	0x01,0x00,0x00,0x00,0xf0,0x68,0x08,0x00,0x00,0x00,0x01,0x04,0x00,0x00,0x00,0x00,
	0xf0,0x68,0x08,0x00,0x00,0x08,0x01,0x02,0x4c,0x0c,0xbc,0x0c,0x00,0x00,0x01,0x01,
	0x01,0x00,0x00,0x00,0x4c,0x68,0x08,0x00,0x00,0x00,0x01,0x02,0xb4,0x09,0xe8,0x09,
	0x00,0x00,0x01,0x01,0x01,0x00,0x00,0x00,0x4c,0x68,0x08,0x00,0x00,0x00,0x01,0x02,
	0x4c,0x0c,0xbc,0x0c,0x00,0x00,0x00,0x01,0x00,0x18,0x06,0x00,0xec,0x68,0x08,0x00,
	0x04,0x00,0x01,0x04,0x00,0x00,0x00,0x80,0xec,0x68,0x08,0x00,0x00,0x00,0x01,0x04,
	0x00,0x00,0x00,0x80,0xec,0x68,0x08,0x00,0x00,0x08,0x01,0x02,0x80,0x06,0xc0,0x06,
	0x00,0x00,0x00,0x01,0x00,0x19,0x06,0x00,0xf0,0x68,0x08,0x00,0x04,0x00,0x01,0x04,
	0x00,0x00,0x00,0x80,0xf0,0x68,0x08,0x00,0x00,0x00,0x01,0x04,0x00,0x00,0x00,0x80,
	0xf0,0x68,0x08,0x00,0x00,0x08,0x01,0x02,0xc0,0x06,0x20,0x07,0x00,0x00,0x01,0x01,
	0x01,0x00,0x00,0x00,0x5c,0x68,0x08,0x00,0x00,0x00,0x01,0x02,0x94,0x05,0x00,0x06,
	0x00,0x00,0x00,0x01,0x40,0x18,0x06,0x00,0xe8,0x68,0x08,0x00,0x04,0x00,0x01,0x04,
	0x00,0x00,0x00,0xe0,0xe8,0x68,0x08,0x00,0x00,0x00,0x01,0x04,0x00,0x00,0x00,0x40,
	0xe8,0x68,0x08,0x00,0x00,0x08,0x00,0x02,0x20,0x4e,0xa4,0x4e,0x00,0x00,0x01,0x01,
	0x01,0x00,0x00,0x00,0x58,0x68,0x08,0x00,0x00,0x00,0x01,0x02,0x94,0x05,0x00,0x06,
	0x00,0x00,0x00,0x01,0x40,0x19,0x06,0x00,0xf0,0x68,0x08,0x00,0x04,0x00,0x01,0x04,
	0x00,0x00,0x00,0xf0,0xf0,0x68,0x08,0x00,0x00,0x00,0x01,0x04,0x00,0x00,0x00,0x80,
	0xf0,0x68,0x08,0x00,0x00,0x08,0x01,0x02,0x20,0x07,0x54,0x07,0x00,0x00,0x00,0x01,
	0x04,0x55,0x04,0x00,0xb4,0x68,0x08,0x00,0x04,0x00,0x01,0x04,0x03,0x00,0x00,0x00,
	0xb4,0x68,0x08,0x00,0x00,0x00,0x01,0x04,0x03,0x00,0x00,0x00,0xb4,0x68,0x08,0x00,
	0x00,0x08,0x01,0x02,0x74,0x07,0xb0,0x07,0x00,0x00,0x01,0x02,0x20,0x4e,0xa4,0x4e,
	0x00,0x00,0x00,0x01,0x04,0x55,0x04,0x00,0xb4,0x68,0x08,0x00,0x04,0x00,0x01,0x04,
	0x03,0x00,0x00,0x00,0xb4,0x68,0x08,0x00,0x00,0x00,0x01,0x04,0x03,0x00,0x00,0x00,
	0xb4,0x68,0x08,0x00,0x00,0x08,0x01,0x03,0x68,0x07,0x74,0x07,0x00,0x00,0x01,0x02,
	0x54,0x07,0x68,0x07,0x00,0x00,0x01,0x01,0x01,0x00,0x00,0x00,0x54,0x68,0x08,0x00,
	0x00,0x00,0x01,0x02,0x94,0x05,0x00,0x06,0x00,0x00,0x01,0x01,0x01,0x00,0x00,0x00,
	0xa4,0x68,0x08,0x00,0x00,0x00,0x01,0x03,0x68,0x07,0x74,0x07,0x00,0x00,0x00,0x01,
	0x40,0x19,0x06,0x00,0xf0,0x68,0x08,0x00,0x04,0x00,0x01,0x04,0x00,0x00,0x00,0xf0,
	0xf0,0x68,0x08,0x00,0x00,0x00,0x01,0x04,0x00,0x00,0x00,0x30,0xf0,0x68,0x08,0x00,
	0x00,0x08,0x01,0x02,0xb0,0x07,0xe4,0x07,0x00,0x00,0x01,0x02,0x20,0x4e,0xa4,0x4e,
	0x00,0x00,0x00,0x01,0x40,0x19,0x06,0x00,0xf0,0x68,0x08,0x00,0x04,0x00,0x01,0x04,
	0x00,0x08,0x00,0x00,0xf0,0x68,0x08,0x00,0x00,0x00,0x01,0x04,0x00,0x08,0x00,0x00,
	0xf0,0x68,0x08,0x00,0x00,0x08,0x01,0x02,0x20,0x4e,0xa4,0x4e,0x00,0x00,0x01,0x02,
	0x54,0x07,0x68,0x07,0x00,0x00,0x00,0x01,0x00,0x08,0x06,0x00,0xec,0x68,0x08,0x00,
	0x04,0x00,0x01,0x04,0x00,0x00,0x00,0x80,0xec,0x68,0x08,0x00,0x00,0x00,0x01,0x04,
	0x00,0x00,0x00,0x80,0xec,0x68,0x08,0x00,0x00,0x08,0x01,0x02,0x50,0x08,0x90,0x08,
	0x00,0x00,0x00,0x01,0x00,0x09,0x06,0x00,0xf0,0x68,0x08,0x00,0x04,0x00,0x01,0x04,
	0x00,0x00,0x00,0x80,0xf0,0x68,0x08,0x00,0x00,0x00,0x01,0x04,0x00,0x00,0x00,0x80,
	0xf0,0x68,0x08,0x00,0x00,0x08,0x01,0x02,0x90,0x08,0xf0,0x08,0x00,0x00,0x01,0x01,
	0x01,0x00,0x00,0x00,0x68,0x68,0x08,0x00,0x00,0x00,0x01,0x02,0xb4,0x09,0xe8,0x09,
	0x00,0x00,0x00,0x01,0x40,0x08,0x06,0x00,0xe8,0x68,0x08,0x00,0x04,0x00,0x01,0x04,
	0x00,0x00,0x00,0xe0,0xe8,0x68,0x08,0x00,0x00,0x00,0x01,0x04,0x00,0x00,0x00,0x40,
	0xe8,0x68,0x08,0x00,0x00,0x08,0x00,0x02,0x20,0x4e,0xa4,0x4e,0x00,0x00,0x01,0x01,
	0x01,0x00,0x00,0x00,0x64,0x68,0x08,0x00,0x00,0x00,0x01,0x02,0x4c,0x0c,0xbc,0x0c,
	0x00,0x00,0x00,0x01,0x40,0x09,0x06,0x00,0xf0,0x68,0x08,0x00,0x04,0x00,0x01,0x04,
	0x00,0x00,0x00,0xf0,0xf0,0x68,0x08,0x00,0x00,0x00,0x01,0x04,0x00,0x00,0x00,0x80,
	0xf0,0x68,0x08,0x00,0x00,0x08,0x01,0x02,0xf0,0x08,0x24,0x09,0x00,0x00,0x00,0x01,
	0x04,0x55,0x04,0x00,0xb4,0x68,0x08,0x00,0x04,0x00,0x01,0x04,0x03,0x00,0x00,0x00,
	0xb4,0x68,0x08,0x00,0x00,0x00,0x01,0x04,0x03,0x00,0x00,0x00,0xb4,0x68,0x08,0x00,
	0x00,0x08,0x01,0x02,0x44,0x09,0x80,0x09,0x00,0x00,0x01,0x02,0x20,0x4e,0xa4,0x4e,
	0x00,0x00,0x00,0x01,0x04,0x55,0x04,0x00,0xb4,0x68,0x08,0x00,0x04,0x00,0x01,0x04,
	0x03,0x00,0x00,0x00,0xb4,0x68,0x08,0x00,0x00,0x00,0x01,0x04,0x03,0x00,0x00,0x00,
	0xb4,0x68,0x08,0x00,0x00,0x08,0x01,0x03,0x38,0x09,0x44,0x09,0x00,0x00,0x01,0x02,
	0x24,0x09,0x38,0x09,0x00,0x00,0x01,0x01,0x01,0x00,0x00,0x00,0x60,0x68,0x08,0x00,
	0x00,0x00,0x01,0x02,0x4c,0x0c,0xbc,0x0c,0x00,0x00,0x01,0x01,0x01,0x00,0x00,0x00,
	0xa4,0x68,0x08,0x00,0x00,0x00,0x01,0x03,0x38,0x09,0x44,0x09,0x00,0x00,0x00,0x01,
	0x40,0x09,0x06,0x00,0xf0,0x68,0x08,0x00,0x04,0x00,0x01,0x04,0x00,0x00,0x00,0xf0,
	0xf0,0x68,0x08,0x00,0x00,0x00,0x01,0x04,0x00,0x00,0x00,0x30,0xf0,0x68,0x08,0x00,
	0x00,0x08,0x01,0x02,0x80,0x09,0xb4,0x09,0x00,0x00,0x01,0x02,0x20,0x4e,0xa4,0x4e,
	0x00,0x00,0x00,0x01,0x40,0x09,0x06,0x00,0xf0,0x68,0x08,0x00,0x04,0x00,0x01,0x04,
	0x00,0x08,0x00,0x00,0xf0,0x68,0x08,0x00,0x00,0x00,0x01,0x04,0x00,0x08,0x00,0x00,
	0xf0,0x68,0x08,0x00,0x00,0x08,0x01,0x02,0x20,0x4e,0xa4,0x4e,0x00,0x00,0x01,0x02,
	0x24,0x09,0x38,0x09,0x00,0x00,0x00,0x01,0x00,0xb4,0x06,0x00,0xec,0x68,0x08,0x00,
	0x04,0x00,0x01,0x04,0x00,0x00,0x00,0x80,0xec,0x68,0x08,0x00,0x00,0x00,0x01,0x04,
	0x00,0x00,0x00,0x80,0xec,0x68,0x08,0x00,0x00,0x08,0x01,0x02,0x1c,0x0a,0xbc,0x0a,
	0x00,0x00,0x01,0x02,0xe8,0x09,0x1c,0x0a,0x00,0x00,0x00,0x01,0x00,0xbc,0x06,0x00,
	0xf0,0x68,0x08,0x00,0x04,0x00,0x01,0x04,0x00,0x00,0x00,0x80,0xf0,0x68,0x08,0x00,
	0x00,0x00,0x01,0x04,0x00,0x00,0x00,0x80,0xf0,0x68,0x08,0x00,0x00,0x08,0x01,0x02,
	0x34,0x0b,0xd4,0x0b,0x00,0x00,0x01,0x02,0x4c,0x0c,0xbc,0x0c,0x00,0x00,0x00,0x01,
	0x38,0xb0,0x06,0x00,0xe8,0x68,0x08,0x00,0x04,0x00,0x01,0x04,0x04,0x00,0x00,0x00,
	0xe8,0x68,0x08,0x00,0x00,0x00,0x01,0x04,0x00,0x00,0x00,0x00,0xe8,0x68,0x08,0x00,
	0x00,0x08,0x01,0x02,0x20,0x4e,0xa4,0x4e,0x00,0x00,0x00,0x01,0x08,0xb0,0x07,0x00,
	0x84,0x6f,0x08,0x00,0x00,0x00,0x00,0x01,0x00,0xb4,0x06,0x00,0xa4,0x6f,0x08,0x00,
	0x00,0x00,0x00,0x01,0x94,0xb0,0x06,0x00,0xac,0x6f,0x08,0x00,0x00,0x00,0x00,0x01,
	0x00,0xb0,0x06,0x00,0x9c,0x6f,0x08,0x00,0x00,0x00,0x00,0x01,0x0c,0xb0,0x06,0x00,
	0x98,0x6f,0x08,0x00,0x00,0x00,0x00,0x01,0x10,0xb0,0x06,0x00,0x94,0x6f,0x08,0x00,
	0x04,0x00,0x01,0x04,0xff,0xff,0xff,0x7f,0x08,0xb0,0x07,0x00,0x05,0x00,0x01,0x04,
	0x01,0x00,0x00,0x00,0xd8,0xb0,0x06,0x00,0x04,0x00,0x01,0x04,0xff,0xfe,0xff,0xff,
	0xd8,0xb0,0x06,0x00,0x00,0x00,0x01,0x02,0xbc,0x0a,0x20,0x0b,0x01,0x00,0x01,0x04,
	0x01,0x00,0x00,0x00,0xc8,0x00,0x08,0x00,0x00,0x00,0x01,0x01,0x05,0x00,0x00,0x00,
	0x90,0xf0,0x08,0x00,0x00,0x15,0x03,0x05,0x00,0x00,0x00,0x01,0xd8,0xb0,0x06,0x00,
	0xf0,0x68,0x08,0x00,0x04,0x00,0x01,0x04,0x00,0x00,0x01,0x00,0xf0,0x68,0x08,0x00,
	0x00,0x00,0x01,0x04,0x00,0x00,0x01,0x00,0xf0,0x68,0x08,0x00,0x00,0x08,0x01,0x02,
	0x20,0x0b,0x34,0x0b,0x00,0x00,0x01,0x04,0x0a,0x00,0x00,0x00,0xc8,0x00,0x08,0x00,
	0x00,0x08,0x01,0x02,0x20,0x4e,0xa4,0x4e,0x00,0x00,0x01,0x02,0xbc,0x0a,0x20,0x0b,
	0x04,0x00,0x01,0x04,0xff,0xff,0xff,0x87,0x00,0xb4,0x06,0x00,0x00,0x00,0x01,0x02,
	0xe8,0x09,0x1c,0x0a,0x00,0x00,0x00,0x01,0x38,0xb0,0x06,0x00,0xe8,0x68,0x08,0x00,
	0x04,0x00,0x01,0x04,0x08,0x00,0x00,0x00,0xe8,0x68,0x08,0x00,0x00,0x00,0x01,0x04,
	0x00,0x00,0x00,0x00,0xe8,0x68,0x08,0x00,0x00,0x08,0x01,0x02,0x20,0x4e,0xa4,0x4e,
	0x00,0x00,0x00,0x01,0x08,0xb8,0x07,0x00,0x80,0x6f,0x08,0x00,0x00,0x00,0x00,0x01,
	0x00,0xbc,0x06,0x00,0xa0,0x6f,0x08,0x00,0x00,0x00,0x00,0x01,0x94,0xb8,0x06,0x00,
	0xa8,0x6f,0x08,0x00,0x00,0x00,0x00,0x01,0x00,0xb8,0x06,0x00,0x90,0x6f,0x08,0x00,
	0x00,0x00,0x00,0x01,0x0c,0xb8,0x06,0x00,0x8c,0x6f,0x08,0x00,0x00,0x00,0x00,0x01,
	0x10,0xb8,0x06,0x00,0x88,0x6f,0x08,0x00,0x04,0x00,0x01,0x04,0xff,0xff,0xff,0x7f,
	0x08,0xb8,0x07,0x00,0x05,0x00,0x01,0x04,0x01,0x00,0x00,0x00,0xd8,0xb8,0x06,0x00,
	0x04,0x00,0x01,0x04,0xff,0xfe,0xff,0xff,0xd8,0xb8,0x06,0x00,0x00,0x00,0x01,0x02,
	0xd4,0x0b,0x38,0x0c,0x01,0x00,0x01,0x04,0x01,0x00,0x00,0x00,0xc4,0x00,0x08,0x00,
	0x00,0x00,0x01,0x01,0x05,0x00,0x00,0x00,0x90,0xf0,0x08,0x00,0x00,0x15,0x03,0x05,
	0x00,0x00,0x00,0x01,0xd8,0xb8,0x06,0x00,0xf0,0x68,0x08,0x00,0x04,0x00,0x01,0x04,
	0x00,0x00,0x01,0x00,0xf0,0x68,0x08,0x00,0x00,0x00,0x01,0x04,0x00,0x00,0x01,0x00,
	0xf0,0x68,0x08,0x00,0x00,0x08,0x01,0x02,0x38,0x0c,0x4c,0x0c,0x00,0x00,0x01,0x04,
	0x0a,0x00,0x00,0x00,0xc4,0x00,0x08,0x00,0x00,0x08,0x01,0x02,0x20,0x4e,0xa4,0x4e,
	0x00,0x00,0x01,0x02,0xd4,0x0b,0x38,0x0c,0x04,0x00,0x01,0x04,0xff,0xff,0xff,0x87,
	0x00,0xbc,0x06,0x00,0x00,0x00,0x01,0x02,0x4c,0x0c,0xbc,0x0c,0x01,0x00,0x01,0x04,
	0x01,0x00,0x00,0x00,0xb0,0x00,0x08,0x00,0x01,0x00,0x01,0x04,0x01,0x00,0x00,0x00,
	0x54,0xf0,0x08,0x00,0x00,0x00,0x01,0x04,0x01,0x00,0x00,0x00,0x58,0x68,0x08,0x00,
	0x00,0x08,0x01,0x02,0x14,0x0d,0x40,0x0d,0x00,0x00,0x01,0x04,0x01,0x00,0x00,0x00,
	0x54,0x68,0x08,0x00,0x00,0x08,0x01,0x02,0x14,0x0d,0x40,0x0d,0x00,0x00,0x01,0x04,
	0x01,0x00,0x00,0x00,0x5c,0x68,0x08,0x00,0x00,0x08,0x01,0x02,0x14,0x0d,0x40,0x0d,
	0x00,0x00,0x01,0x04,0x01,0x00,0x00,0x00,0x50,0x68,0x08,0x00,0x00,0x08,0x01,0x02,
	0x40,0x0d,0x78,0x0d,0x00,0x00,0x01,0x02,0xbc,0x0c,0x14,0x0d,0x00,0x00,0x01,0x04,
	0x01,0x00,0x00,0x00,0x64,0x68,0x08,0x00,0x00,0x08,0x01,0x02,0x78,0x0d,0xa4,0x0d,
	0x00,0x00,0x01,0x04,0x01,0x00,0x00,0x00,0x60,0x68,0x08,0x00,0x00,0x08,0x01,0x02,
	0x78,0x0d,0xa4,0x0d,0x00,0x00,0x01,0x04,0x01,0x00,0x00,0x00,0x68,0x68,0x08,0x00,
	0x00,0x08,0x01,0x02,0x78,0x0d,0xa4,0x0d,0x00,0x00,0x01,0x04,0x01,0x00,0x00,0x00,
	0x4c,0x68,0x08,0x00,0x00,0x08,0x01,0x02,0xa4,0x0d,0xdc,0x0d,0x00,0x00,0x01,0x02,
	0xbc,0x0f,0xcc,0x13,0x00,0x00,0x01,0x01,0x01,0x00,0x00,0x00,0x90,0x68,0x08,0x00,
	0x00,0x00,0x01,0x01,0x01,0x00,0x00,0x00,0x54,0x52,0x04,0x00,0x00,0x00,0x01,0x01,
	0x8c,0x96,0x9c,0x96,0x00,0xf4,0x05,0x00,0x00,0x00,0x01,0x02,0xbc,0x0c,0x14,0x0d,
	0x00,0x00,0x01,0x01,0x01,0x00,0x00,0x00,0x98,0x68,0x08,0x00,0x00,0x00,0x01,0x01,
	0x01,0x00,0x00,0x00,0x54,0x52,0x04,0x00,0x05,0x00,0x01,0x04,0x00,0x10,0x00,0x00,
	0x50,0x65,0x04,0x00,0x00,0x00,0x01,0x01,0x9c,0x96,0xa4,0x96,0x00,0xf4,0x05,0x00,
	0x00,0x00,0x01,0x02,0xbc,0x0c,0x14,0x0d,0x00,0x00,0x01,0x01,0x01,0x00,0x00,0x00,
	0x94,0x68,0x08,0x00,0x00,0x00,0x01,0x01,0x01,0x00,0x00,0x00,0x50,0x52,0x04,0x00,
	0x00,0x00,0x01,0x01,0x6c,0x12,0x7c,0x12,0x00,0xf0,0x05,0x00,0x00,0x00,0x01,0x02,
	0xbc,0x0f,0xcc,0x13,0x00,0x00,0x01,0x01,0x01,0x00,0x00,0x00,0x9c,0x68,0x08,0x00,
	0x00,0x00,0x01,0x01,0x01,0x00,0x00,0x00,0x50,0x52,0x04,0x00,0x05,0x00,0x01,0x04,
	0x00,0x10,0x00,0x00,0x4c,0x65,0x04,0x00,0x00,0x00,0x01,0x01,0x7c,0x12,0x84,0x12,
	0x00,0xf0,0x05,0x00,0x00,0x00,0x01,0x02,0xbc,0x0f,0xcc,0x13,0x00,0x00,0x01,0x01,
	0x05,0x00,0x00,0x00,0x90,0xf0,0x08,0x00,0x00,0x15,0x03,0x05,0x00,0x00,0x00,0x01,
	0xf0,0xf7,0x05,0x00,0xf0,0x68,0x08,0x00,0x04,0x00,0x01,0x04,0x03,0x00,0x00,0x00,
	0xf0,0x68,0x08,0x00,0x00,0x00,0x01,0x04,0x03,0x00,0x00,0x00,0xf0,0x68,0x08,0x00,
	0x00,0x08,0x00,0x02,0xdc,0x0d,0x18,0x0e,0x00,0x00,0x01,0x01,0x05,0x00,0x00,0x00,
	0x90,0xf0,0x08,0x00,0x00,0x15,0x03,0x05,0x00,0x00,0x00,0x01,0xf0,0xf7,0x05,0x00,
	0xf0,0x68,0x08,0x00,0x04,0x00,0x01,0x04,0x01,0x00,0x00,0x00,0xf0,0x68,0x08,0x00,
	0x00,0x00,0x01,0x04,0x01,0x00,0x00,0x00,0xf0,0x68,0x08,0x00,0x00,0x08,0x00,0x02,
	0x18,0x0e,0x54,0x0e,0x00,0x00,0x01,0x01,0x05,0x00,0x00,0x00,0x90,0xf0,0x08,0x00,
	0x00,0x15,0x03,0x05,0x00,0x00,0x00,0x01,0xf0,0xf3,0x05,0x00,0xf0,0x68,0x08,0x00,
	0x04,0x00,0x01,0x04,0x03,0x00,0x00,0x00,0xf0,0x68,0x08,0x00,0x00,0x00,0x01,0x04,
	0x03,0x00,0x00,0x00,0xf0,0x68,0x08,0x00,0x00,0x08,0x00,0x02,0x54,0x0e,0x90,0x0e,
	0x00,0x00,0x01,0x01,0x05,0x00,0x00,0x00,0x90,0xf0,0x08,0x00,0x00,0x15,0x03,0x05,
	0x00,0x00,0x00,0x01,0xf0,0xf3,0x05,0x00,0xf0,0x68,0x08,0x00,0x04,0x00,0x01,0x04,
	0x01,0x00,0x00,0x00,0xf0,0x68,0x08,0x00,0x00,0x00,0x01,0x04,0x01,0x00,0x00,0x00,
	0xf0,0x68,0x08,0x00,0x00,0x08,0x00,0x02,0x90,0x0e,0xcc,0x0e,0x00,0x00,0x00,0x01,
	0x74,0xf0,0x05,0x00,0x6c,0x6f,0x08,0x00,0x03,0x00,0x00,0x01,0x04,0xf0,0x05,0x00,
	0x5c,0x6f,0x08,0x00,0x03,0x00,0x00,0x01,0x34,0xf0,0x05,0x00,0x4c,0x6f,0x08,0x00,
	0x00,0x00,0x00,0x01,0x40,0xf1,0x05,0x00,0x48,0x6f,0x08,0x00,0x01,0x00,0x00,0x01,
	0x38,0xf1,0x05,0x00,0x40,0x6f,0x08,0x00,0x01,0x00,0x00,0x01,0x20,0xf1,0x05,0x00,
	0x38,0x6f,0x08,0x00,0x00,0x00,0x00,0x01,0x1c,0xf1,0x05,0x00,0x34,0x6f,0x08,0x00,
	0x00,0x00,0x00,0x01,0x80,0xf0,0x05,0x00,0x30,0x6f,0x08,0x00,0x00,0x00,0x00,0x01,
	0x10,0xf1,0x05,0x00,0x2c,0x6f,0x08,0x00,0x02,0x00,0x00,0x01,0x00,0xf3,0x05,0x00,
	0x20,0x6f,0x08,0x00,0x00,0x00,0x00,0x01,0x74,0xf4,0x05,0x00,0x1c,0x6f,0x08,0x00,
	0x03,0x00,0x00,0x01,0x04,0xf4,0x05,0x00,0x0c,0x6f,0x08,0x00,0x03,0x00,0x00,0x01,
	0x34,0xf4,0x05,0x00,0xfc,0x6e,0x08,0x00,0x00,0x00,0x00,0x01,0x40,0xf5,0x05,0x00,
	0xf8,0x6e,0x08,0x00,0x01,0x00,0x00,0x01,0x38,0xf5,0x05,0x00,0xf0,0x6e,0x08,0x00,
	0x01,0x00,0x00,0x01,0x20,0xf5,0x05,0x00,0xe8,0x6e,0x08,0x00,0x00,0x00,0x00,0x01,
	0x1c,0xf5,0x05,0x00,0xe4,0x6e,0x08,0x00,0x00,0x00,0x00,0x01,0x80,0xf4,0x05,0x00,
	0xe0,0x6e,0x08,0x00,0x00,0x00,0x00,0x01,0x10,0xf5,0x05,0x00,0xdc,0x6e,0x08,0x00,
	0x02,0x00,0x00,0x01,0x00,0xf7,0x05,0x00,0xd0,0x6e,0x08,0x00,0x00,0x00,0x00,0x01,
	0x04,0x55,0x04,0x00,0xf0,0x68,0x08,0x00,0x04,0x00,0x01,0x04,0x03,0x00,0x00,0x00,
	0xf0,0x68,0x08,0x00,0x00,0x00,0x01,0x04,0x02,0x00,0x00,0x00,0xf0,0x68,0x08,0x00,
	0x00,0x08,0x01,0x03,0xc8,0x14,0x38,0x1a,0x00,0x00,0x00,0x01,0x04,0x55,0x04,0x00,
	0xb4,0x68,0x08,0x00,0x04,0x00,0x01,0x04,0x03,0x00,0x00,0x00,0xb4,0x68,0x08,0x00,
	0x00,0x00,0x01,0x04,0x03,0x00,0x00,0x00,0xb4,0x68,0x08,0x00,0x00,0x08,0x01,0x03,
	0xb4,0x14,0xc8,0x14,0x00,0x00,0x00,0x01,0x44,0x00,0x06,0x00,0xcc,0x6e,0x08,0x00,
	0x00,0x00,0x00,0x01,0x00,0x04,0x06,0x00,0xc8,0x6e,0x08,0x00,0x00,0x00,0x00,0x01,
	0x04,0x04,0x06,0x00,0xc4,0x6e,0x08,0x00,0x00,0x00,0x00,0x01,0x00,0x02,0x06,0x00,
	0xc0,0x6e,0x08,0x00,0x00,0x00,0x00,0x01,0x20,0x00,0x07,0x00,0xbc,0x6e,0x08,0x00,
	0x00,0x00,0x00,0x01,0x24,0x04,0x06,0x00,0xb8,0x6e,0x08,0x00,0x00,0x00,0x00,0x01,
	0x30,0x04,0x06,0x00,0xb4,0x6e,0x08,0x00,0x00,0x00,0x00,0x01,0x34,0x04,0x06,0x00,
	0xb0,0x6e,0x08,0x00,0x00,0x00,0x00,0x01,0x38,0x04,0x06,0x00,0xac,0x6e,0x08,0x00,
	0x00,0x00,0x00,0x01,0x00,0x08,0x06,0x00,0xa8,0x6e,0x08,0x00,0x00,0x00,0x00,0x01,
	0x60,0x08,0x06,0x00,0xa4,0x6e,0x08,0x00,0x00,0x00,0x00,0x01,0x00,0x09,0x06,0x00,
	0xa0,0x6e,0x08,0x00,0x00,0x00,0x00,0x01,0x44,0x08,0x06,0x00,0x9c,0x6e,0x08,0x00,
	0x00,0x00,0x00,0x01,0x40,0x05,0x06,0x00,0x98,0x6e,0x08,0x00,0x00,0x00,0x00,0x01,
	0xf0,0x05,0x06,0x00,0x94,0x6e,0x08,0x00,0x00,0x00,0x00,0x01,0x44,0x10,0x06,0x00,
	0x90,0x6e,0x08,0x00,0x00,0x00,0x00,0x01,0x00,0x14,0x06,0x00,0x8c,0x6e,0x08,0x00,
	0x00,0x00,0x00,0x01,0x04,0x14,0x06,0x00,0x88,0x6e,0x08,0x00,0x00,0x00,0x00,0x01,
	0x00,0x12,0x06,0x00,0x84,0x6e,0x08,0x00,0x00,0x00,0x00,0x01,0x20,0x10,0x07,0x00,
	0x80,0x6e,0x08,0x00,0x00,0x00,0x00,0x01,0x24,0x14,0x06,0x00,0x7c,0x6e,0x08,0x00,
	0x00,0x00,0x00,0x01,0x30,0x14,0x06,0x00,0x78,0x6e,0x08,0x00,0x00,0x00,0x00,0x01,
	0x34,0x14,0x06,0x00,0x74,0x6e,0x08,0x00,0x00,0x00,0x00,0x01,0x38,0x14,0x06,0x00,
	0x70,0x6e,0x08,0x00,0x00,0x00,0x00,0x01,0x00,0x18,0x06,0x00,0x6c,0x6e,0x08,0x00,
	0x00,0x00,0x00,0x01,0x60,0x18,0x06,0x00,0x68,0x6e,0x08,0x00,0x00,0x00,0x00,0x01,
	0x00,0x19,0x06,0x00,0x64,0x6e,0x08,0x00,0x00,0x00,0x00,0x01,0x44,0x18,0x06,0x00,
	0x60,0x6e,0x08,0x00,0x00,0x00,0x00,0x01,0x40,0x15,0x06,0x00,0x5c,0x6e,0x08,0x00,
	0x00,0x00,0x00,0x01,0xf0,0x15,0x06,0x00,0x58,0x6e,0x08,0x00,0x00,0x00,0x00,0x01,
	0x00,0x40,0x06,0x00,0x54,0x6e,0x08,0x00,0x00,0x00,0x00,0x01,0x00,0x41,0x06,0x00,
	0x50,0x6e,0x08,0x00,0x00,0x00,0x00,0x01,0x08,0x00,0x07,0x00,0x4c,0x6e,0x08,0x00,
	0x00,0x00,0x00,0x01,0x08,0x10,0x07,0x00,0x48,0x6e,0x08,0x00,0x00,0x00,0x00,0x01,
	0x00,0x54,0x04,0x00,0x44,0x6e,0x08,0x00,0x00,0x00,0x00,0x01,0x04,0x54,0x04,0x00,
	0x40,0x6e,0x08,0x00,0x00,0x00,0x00,0x01,0x0c,0x54,0x04,0x00,0x3c,0x6e,0x08,0x00,
	0x00,0x00,0x00,0x01,0x40,0x54,0x04,0x00,0x38,0x6e,0x08,0x00,0x00,0x00,0x00,0x01,
	0x44,0x54,0x04,0x00,0x34,0x6e,0x08,0x00,0x00,0x00,0x00,0x01,0x4c,0x54,0x04,0x00,
	0x30,0x6e,0x08,0x00,0x00,0x00,0x00,0x01,0x50,0x54,0x04,0x00,0x2c,0x6e,0x08,0x00,
	0x00,0x00,0x00,0x01,0x54,0x54,0x04,0x00,0x28,0x6e,0x08,0x00,0x00,0x00,0x00,0x01,
	0x5c,0x54,0x04,0x00,0x24,0x6e,0x08,0x00,0x00,0x00,0x00,0x01,0x04,0x55,0x04,0x00,
	0x20,0x6e,0x08,0x00,0x00,0x00,0x00,0x01,0x00,0x60,0x04,0x00,0x1c,0x6e,0x08,0x00,
	0x00,0x00,0x00,0x01,0x08,0x50,0x04,0x00,0x18,0x6e,0x08,0x00,0x00,0x00,0x00,0x01,
	0xe8,0x4f,0x04,0x00,0x14,0x6e,0x08,0x00,0x00,0x00,0x00,0x01,0x00,0x43,0x04,0x00,
	0x10,0x6e,0x08,0x00,0x00,0x00,0x00,0x01,0x04,0x43,0x04,0x00,0x0c,0x6e,0x08,0x00,
	0x00,0x00,0x00,0x01,0x50,0x40,0x04,0x00,0x08,0x6e,0x08,0x00,0x00,0x00,0x00,0x01,
	0x54,0x40,0x04,0x00,0x04,0x6e,0x08,0x00,0x00,0x00,0x00,0x01,0x00,0xf3,0x08,0x00,
	0x00,0x6e,0x08,0x00,0x00,0x00,0x00,0x01,0x04,0xf3,0x08,0x00,0xfc,0x6d,0x08,0x00,
	0x00,0x00,0x00,0x01,0x08,0xf3,0x08,0x00,0xf8,0x6d,0x08,0x00,0x00,0x00,0x00,0x01,
	0x70,0x60,0x04,0x00,0xf4,0x6d,0x08,0x00,0x00,0x00,0x00,0x01,0x10,0x60,0x04,0x00,
	0xf0,0x6d,0x08,0x00,0x00,0x00,0x00,0x01,0x14,0x60,0x04,0x00,0xec,0x6d,0x08,0x00,
	0x00,0x00,0x00,0x01,0x00,0x08,0x06,0x00,0xa8,0x6e,0x08,0x00,0x00,0x00,0x00,0x01,
	0x00,0x09,0x06,0x00,0xa0,0x6e,0x08,0x00,0x00,0x00,0x00,0x01,0x00,0x18,0x06,0x00,
	0x6c,0x6e,0x08,0x00,0x00,0x00,0x00,0x01,0x00,0x19,0x06,0x00,0x64,0x6e,0x08,0x00,
	0x00,0x00,0x00,0x01,0xa4,0x90,0x04,0x00,0xe8,0x6d,0x08,0x00,0x00,0x00,0x00,0x01,
	0xa4,0x91,0x04,0x00,0xe4,0x6d,0x08,0x00,0x00,0x00,0x01,0x04,0x01,0x00,0x00,0x00,
	0xa4,0x68,0x08,0x00,0x00,0x08,0x01,0x02,0xcc,0x13,0x24,0x14,0x00,0x00,0x00,0x01,
	0x78,0x40,0x04,0x00,0xe0,0x6d,0x08,0x00,0x00,0x00,0x00,0x01,0x7c,0x40,0x04,0x00,
	0xdc,0x6d,0x08,0x00,0x00,0x00,0x00,0x01,0x00,0xf0,0x06,0x00,0xd8,0x6d,0x08,0x00,
	0x00,0x00,0x00,0x01,0x04,0xf0,0x06,0x00,0xd4,0x6d,0x08,0x00,0x00,0x00,0x00,0x01,
	0x08,0xf0,0x06,0x00,0xd0,0x6d,0x08,0x00,0x00,0x00,0x00,0x01,0x0c,0xf0,0x06,0x00,
	0xcc,0x6d,0x08,0x00,0x00,0x00,0x00,0x01,0x10,0xf0,0x06,0x00,0xc8,0x6d,0x08,0x00,
	0x00,0x00,0x00,0x01,0x14,0xf0,0x06,0x00,0xc4,0x6d,0x08,0x00,0x00,0x00,0x00,0x01,
	0x40,0xf0,0x06,0x00,0xc0,0x6d,0x08,0x00,0x00,0x00,0x00,0x01,0x44,0xf0,0x06,0x00,
	0xbc,0x6d,0x08,0x00,0x00,0x00,0x00,0x01,0x7c,0xf0,0x06,0x00,0xb8,0x6d,0x08,0x00,
	0x00,0x00,0x00,0x01,0x90,0xfa,0x06,0x00,0xb4,0x6d,0x08,0x00,0x00,0x00,0x00,0x01,
	0x50,0xf0,0x07,0x00,0xb0,0x6d,0x08,0x00,0x00,0x00,0x00,0x01,0x88,0xfa,0x06,0x00,
	0xac,0x6d,0x08,0x00,0x00,0x00,0x01,0x02,0xcc,0x13,0x24,0x14,0x00,0x00,0x01,0x04,
	0x01,0x00,0x00,0x00,0x90,0x68,0x08,0x00,0x00,0x08,0x01,0x03,0xdc,0x0d,0x18,0x0e,
	0x00,0x00,0x01,0x04,0x01,0x00,0x00,0x00,0x98,0x68,0x08,0x00,0x00,0x08,0x01,0x03,
	0x18,0x0e,0x54,0x0e,0x00,0x00,0x01,0x04,0x01,0x00,0x00,0x00,0x94,0x68,0x08,0x00,
	0x00,0x08,0x01,0x03,0x54,0x0e,0x90,0x0e,0x00,0x00,0x01,0x04,0x01,0x00,0x00,0x00,
	0x9c,0x68,0x08,0x00,0x00,0x08,0x01,0x03,0x90,0x0e,0xcc,0x0e,0x00,0x00,0x01,0x02,
	0x24,0x14,0xb4,0x14,0x04,0x00,0x01,0x04,0x55,0x55,0xf1,0xff,0x50,0x54,0x04,0x00,
	0x04,0x00,0x01,0x04,0x55,0x55,0xf1,0xff,0x54,0x54,0x04,0x00,0x04,0x00,0x01,0x04,
	0x55,0x55,0xf1,0xff,0x5c,0x54,0x04,0x00,0x04,0x00,0x01,0x04,0x55,0xfd,0x57,0xd5,
	0x40,0x54,0x04,0x00,0x04,0x00,0x01,0x04,0x55,0xfd,0x57,0xd5,0x44,0x54,0x04,0x00,
	0x04,0x00,0x01,0x04,0x55,0xfd,0x57,0xd5,0x4c,0x54,0x04,0x00,0x04,0x00,0x01,0x04,
	0xff,0xff,0xff,0x7f,0x08,0x50,0x04,0x00,0x04,0x00,0x01,0x04,0xff,0xff,0xff,0x7f,
	0xe8,0x4f,0x04,0x00,0x04,0x00,0x01,0x04,0xff,0xff,0xff,0x7f,0x00,0x43,0x04,0x00,
	0x04,0x00,0x01,0x04,0xff,0xff,0xff,0x7f,0x04,0x43,0x04,0x00,0x00,0x00,0x01,0x01,
	0x05,0x00,0x00,0x00,0x90,0xf0,0x08,0x00,0x00,0x15,0x03,0x05,0x00,0x00,0x01,0x02,
	0x38,0x1a,0x34,0x1b,0x05,0x00,0x01,0x04,0x02,0x00,0x00,0x00,0x88,0xfa,0x06,0x00,
	0x00,0x00,0x01,0x03,0xc8,0x14,0x38,0x1a,0x01,0x00,0x00,0x01,0x00,0x10,0x04,0x00,
	0xa4,0x6d,0x08,0x00,0x00,0x00,0x00,0x01,0x60,0x20,0x04,0x00,0xa0,0x6d,0x08,0x00,
	0x04,0x00,0x00,0x01,0x80,0x20,0x04,0x00,0x8c,0x6d,0x08,0x00,0x06,0x00,0x00,0x01,
	0xb0,0x20,0x04,0x00,0x70,0x6d,0x08,0x00,0x02,0x00,0x00,0x01,0xd8,0x20,0x04,0x00,
	0x64,0x6d,0x08,0x00,0x00,0x00,0x00,0x01,0x00,0x23,0x04,0x00,0x60,0x6d,0x08,0x00,
	0x00,0x00,0x00,0x01,0x0c,0x23,0x04,0x00,0x5c,0x6d,0x08,0x00,0x00,0x00,0x00,0x01,
	0x30,0x40,0x04,0x00,0x58,0x6d,0x08,0x00,0x00,0x00,0x00,0x01,0x38,0x40,0x04,0x00,
	0x54,0x6d,0x08,0x00,0x03,0x00,0x00,0x01,0x40,0x40,0x04,0x00,0x44,0x6d,0x08,0x00,
	0x00,0x00,0x00,0x01,0x58,0x40,0x04,0x00,0x40,0x6d,0x08,0x00,0x01,0x00,0x00,0x01,
	0x70,0x40,0x04,0x00,0x38,0x6d,0x08,0x00,0x03,0x00,0x00,0x01,0x10,0x42,0x04,0x00,
	0x28,0x6d,0x08,0x00,0x07,0x00,0x00,0x01,0x08,0x43,0x04,0x00,0x08,0x6d,0x08,0x00,
	0x02,0x00,0x00,0x01,0x8c,0x43,0x04,0x00,0xfc,0x6c,0x08,0x00,0x00,0x00,0x00,0x01,
	0x64,0x44,0x04,0x00,0xf8,0x6c,0x08,0x00,0x00,0x00,0x00,0x01,0x6c,0x44,0x04,0x00,
	0xf4,0x6c,0x08,0x00,0x00,0x00,0x00,0x01,0x74,0x44,0x04,0x00,0xf0,0x6c,0x08,0x00,
	0x00,0x00,0x00,0x01,0x7c,0x44,0x04,0x00,0xec,0x6c,0x08,0x00,0x00,0x00,0x00,0x01,
	0x84,0x44,0x04,0x00,0xe8,0x6c,0x08,0x00,0x00,0x00,0x00,0x01,0x8c,0x44,0x04,0x00,
	0xe4,0x6c,0x08,0x00,0x00,0x00,0x00,0x01,0x00,0x45,0x04,0x00,0xe0,0x6c,0x08,0x00,
	0x00,0x00,0x00,0x01,0xe4,0x4f,0x04,0x00,0xdc,0x6c,0x08,0x00,0x02,0x00,0x00,0x01,
	0xec,0x4f,0x04,0x00,0xd0,0x6c,0x08,0x00,0x02,0x00,0x00,0x01,0xfc,0x4f,0x04,0x00,
	0xc4,0x6c,0x08,0x00,0x02,0x00,0x00,0x01,0x0c,0x50,0x04,0x00,0xb8,0x6c,0x08,0x00,
	0x02,0x00,0x00,0x01,0x1c,0x50,0x04,0x00,0xac,0x6c,0x08,0x00,0x00,0x00,0x00,0x01,
	0x30,0x50,0x04,0x00,0xa8,0x6c,0x08,0x00,0x04,0x00,0x00,0x01,0x38,0x50,0x04,0x00,
	0x94,0x6c,0x08,0x00,0x00,0x00,0x00,0x01,0x5c,0x50,0x04,0x00,0x90,0x6c,0x08,0x00,
	0x0a,0x00,0x00,0x01,0x1c,0x52,0x04,0x00,0x64,0x6c,0x08,0x00,0x00,0x00,0x00,0x01,
	0x60,0x52,0x04,0x00,0x60,0x6c,0x08,0x00,0x00,0x00,0x00,0x01,0x80,0x52,0x04,0x00,
	0x5c,0x6c,0x08,0x00,0x01,0x00,0x00,0x01,0xa0,0x52,0x04,0x00,0x54,0x6c,0x08,0x00,
	0x00,0x00,0x00,0x01,0xb0,0x52,0x04,0x00,0x50,0x6c,0x08,0x00,0x00,0x00,0x00,0x01,
	0xc0,0x52,0x04,0x00,0x4c,0x6c,0x08,0x00,0x00,0x00,0x00,0x01,0x10,0x53,0x04,0x00,
	0x48,0x6c,0x08,0x00,0x01,0x00,0x00,0x01,0x18,0x54,0x04,0x00,0x40,0x6c,0x08,0x00,
	0x00,0x00,0x00,0x01,0x30,0x54,0x04,0x00,0x3c,0x6c,0x08,0x00,0x00,0x00,0x00,0x01,
	0x60,0x54,0x04,0x00,0x38,0x6c,0x08,0x00,0x01,0x00,0x00,0x01,0x70,0x54,0x04,0x00,
	0x30,0x6c,0x08,0x00,0x00,0x00,0x00,0x01,0x10,0x55,0x04,0x00,0x2c,0x6c,0x08,0x00,
	0x00,0x00,0x00,0x01,0x20,0x55,0x04,0x00,0x28,0x6c,0x08,0x00,0x01,0x00,0x00,0x01,
	0x50,0x55,0x04,0x00,0x20,0x6c,0x08,0x00,0x00,0x00,0x00,0x01,0x5c,0x55,0x04,0x00,
	0x1c,0x6c,0x08,0x00,0x01,0x00,0x00,0x01,0x88,0x55,0x04,0x00,0x14,0x6c,0x08,0x00,
	0x01,0x00,0x00,0x01,0x94,0x55,0x04,0x00,0x0c,0x6c,0x08,0x00,0x01,0x00,0x00,0x01,
	0xa0,0x56,0x04,0x00,0x04,0x6c,0x08,0x00,0x00,0x00,0x00,0x01,0x10,0x58,0x04,0x00,
	0x00,0x6c,0x08,0x00,0x00,0x00,0x00,0x01,0x1c,0x58,0x04,0x00,0xfc,0x6b,0x08,0x00,
	0x00,0x00,0x00,0x01,0x08,0x60,0x04,0x00,0xf8,0x6b,0x08,0x00,0x00,0x00,0x00,0x01,
	0x20,0x60,0x04,0x00,0xf4,0x6b,0x08,0x00,0x07,0x00,0x00,0x01,0x34,0x60,0x04,0x00,
	0xd4,0x6b,0x08,0x00,0x05,0x00,0x00,0x01,0x0c,0x61,0x04,0x00,0xbc,0x6b,0x08,0x00,
	0x03,0x00,0x00,0x01,0x40,0x61,0x04,0x00,0xac,0x6b,0x08,0x00,0x00,0x00,0x00,0x01,
	0x08,0x64,0x04,0x00,0xa8,0x6b,0x08,0x00,0x02,0x00,0x00,0x01,0x30,0x64,0x04,0x00,
	0x9c,0x6b,0x08,0x00,0x00,0x00,0x00,0x01,0x40,0x64,0x04,0x00,0x98,0x6b,0x08,0x00,
	0x0a,0x00,0x00,0x01,0x20,0x65,0x04,0x00,0x6c,0x6b,0x08,0x00,0x03,0x00,0x00,0x01,
	0x54,0x65,0x04,0x00,0x5c,0x6b,0x08,0x00,0x01,0x00,0x00,0x01,0x50,0x82,0x04,0x00,
	0x54,0x6b,0x08,0x00,0x03,0x00,0x00,0x01,0x00,0x84,0x04,0x00,0x44,0x6b,0x08,0x00,
	0x00,0x00,0x00,0x01,0x14,0x84,0x04,0x00,0x40,0x6b,0x08,0x00,0x00,0x00,0x00,0x01,
	0x10,0xe0,0x04,0x00,0x3c,0x6b,0x08,0x00,0x04,0x00,0x00,0x01,0x00,0x10,0x05,0x00,
	0x28,0x6b,0x08,0x00,0x01,0x00,0x00,0x01,0x80,0x10,0x05,0x00,0x20,0x6b,0x08,0x00,
	0x02,0x00,0x00,0x01,0x00,0x4c,0x06,0x00,0x14,0x6b,0x08,0x00,0x04,0x00,0x00,0x01,
	0x00,0x50,0x06,0x00,0x00,0x6b,0x08,0x00,0x00,0x00,0x00,0x01,0x28,0x50,0x06,0x00,
	0xfc,0x6a,0x08,0x00,0x00,0x00,0x00,0x01,0x50,0x50,0x06,0x00,0xf8,0x6a,0x08,0x00,
	0x00,0x00,0x00,0x01,0x88,0x50,0x06,0x00,0xf4,0x6a,0x08,0x00,0x03,0x00,0x00,0x01,
	0xb4,0x50,0x06,0x00,0xe4,0x6a,0x08,0x00,0x00,0x00,0x00,0x01,0xd4,0x50,0x06,0x00,
	0xe0,0x6a,0x08,0x00,0x00,0x00,0x00,0x01,0xe0,0x50,0x06,0x00,0xdc,0x6a,0x08,0x00,
	0x04,0x00,0x00,0x01,0x00,0x51,0x06,0x00,0xc8,0x6a,0x08,0x00,0x00,0x00,0x00,0x01,
	0x28,0x51,0x06,0x00,0xc4,0x6a,0x08,0x00,0x00,0x00,0x00,0x01,0x50,0x51,0x06,0x00,
	0xc0,0x6a,0x08,0x00,0x02,0x00,0x00,0x01,0xb4,0x51,0x06,0x00,0xb4,0x6a,0x08,0x00,
	0x00,0x00,0x00,0x01,0xe0,0x51,0x06,0x00,0xb0,0x6a,0x08,0x00,0x04,0x00,0x00,0x01,
	0x00,0x52,0x06,0x00,0x9c,0x6a,0x08,0x00,0x00,0x00,0x00,0x01,0x28,0x52,0x06,0x00,
	0x98,0x6a,0x08,0x00,0x00,0x00,0x00,0x01,0x50,0x52,0x06,0x00,0x94,0x6a,0x08,0x00,
	0x02,0x00,0x00,0x01,0xb4,0x52,0x06,0x00,0x88,0x6a,0x08,0x00,0x00,0x00,0x00,0x01,
	0xe0,0x52,0x06,0x00,0x84,0x6a,0x08,0x00,0x04,0x00,0x00,0x01,0x00,0x53,0x06,0x00,
	0x70,0x6a,0x08,0x00,0x00,0x00,0x00,0x01,0x28,0x53,0x06,0x00,0x6c,0x6a,0x08,0x00,
	0x00,0x00,0x00,0x01,0x50,0x53,0x06,0x00,0x68,0x6a,0x08,0x00,0x02,0x00,0x00,0x01,
	0xb4,0x53,0x06,0x00,0x5c,0x6a,0x08,0x00,0x00,0x00,0x00,0x01,0xe0,0x53,0x06,0x00,
	0x58,0x6a,0x08,0x00,0x00,0x00,0x00,0x01,0x00,0x59,0x06,0x00,0x54,0x6a,0x08,0x00,
	0x05,0x00,0x00,0x01,0x00,0x5e,0x06,0x00,0x3c,0x6a,0x08,0x00,0x02,0x00,0x00,0x01,
	0x20,0x5e,0x06,0x00,0x30,0x6a,0x08,0x00,0x01,0x00,0x00,0x01,0xa0,0x5e,0x06,0x00,
	0x28,0x6a,0x08,0x00,0x01,0x00,0x00,0x01,0xf0,0x5e,0x06,0x00,0x20,0x6a,0x08,0x00,
	0x00,0x00,0x00,0x01,0x00,0x5f,0x06,0x00,0x1c,0x6a,0x08,0x00,0x02,0x00,0x00,0x01,
	0x08,0x5f,0x06,0x00,0x10,0x6a,0x08,0x00,0x00,0x00,0x00,0x01,0x1c,0x5f,0x06,0x00,
	0x0c,0x6a,0x08,0x00,0x00,0x00,0x00,0x01,0x00,0x14,0x10,0x00,0x08,0x6a,0x08,0x00,
	0x00,0x00,0x00,0x01,0x08,0x14,0x10,0x00,0x04,0x6a,0x08,0x00,0x06,0x00,0x00,0x01,
	0x18,0x14,0x10,0x00,0xe8,0x69,0x08,0x00,0x07,0x00,0x00,0x01,0xa0,0x14,0x10,0x00,
	0xc8,0x69,0x08,0x00,0x07,0x00,0x00,0x01,0x04,0x15,0x10,0x00,0xa8,0x69,0x08,0x00,
	0x00,0x00,0x00,0x01,0x04,0xf0,0x08,0x00,0xa4,0x69,0x08,0x00,0x00,0x00,0x00,0x01,
	0x34,0xf0,0x08,0x00,0xa0,0x69,0x08,0x00,0x00,0x00,0x00,0x01,0x08,0xf0,0x08,0x00,
	0x9c,0x69,0x08,0x00,0x00,0x00,0x00,0x01,0x38,0xf0,0x08,0x00,0x98,0x69,0x08,0x00,
	0x00,0x00,0x00,0x01,0x0c,0xf0,0x08,0x00,0x94,0x69,0x08,0x00,0x00,0x00,0x00,0x01,
	0x3c,0xf0,0x08,0x00,0x90,0x69,0x08,0x00,0x00,0x00,0x00,0x01,0x80,0xf0,0x08,0x00,
	0x8c,0x69,0x08,0x00,0x00,0x00,0x00,0x01,0x54,0xf0,0x08,0x00,0x88,0x69,0x08,0x00,
	0x00,0x00,0x00,0x01,0x5c,0xf0,0x08,0x00,0x84,0x69,0x08,0x00,0x00,0x00,0x00,0x01,
	0x68,0xf0,0x08,0x00,0x80,0x69,0x08,0x00,0x00,0x00,0x00,0x01,0x64,0xf0,0x08,0x00,
	0x7c,0x69,0x08,0x00,0x00,0x00,0x01,0x03,0x24,0x4b,0x30,0x4b,0x00,0x00,0x01,0x03,
	0xcc,0x0e,0x44,0x0f,0x00,0x00,0x01,0x03,0x44,0x0f,0xbc,0x0f,0x04,0x00,0x01,0x04,
	0xfe,0xff,0xff,0xff,0x00,0xf2,0x08,0x00,0x00,0x00,0x00,0x01,0x08,0x50,0x04,0x00,
	0xf0,0x68,0x08,0x00,0x04,0x00,0x01,0x04,0x00,0x00,0x00,0x40,0xf0,0x68,0x08,0x00,
	0x00,0x00,0x01,0x04,0x00,0x00,0x00,0x40,0xf0,0x68,0x08,0x00,0x00,0x08,0x01,0x02,
	0xe8,0x4c,0xf4,0x4c,0x00,0x00,0x00,0x01,0xe8,0x4f,0x04,0x00,0xf0,0x68,0x08,0x00,
	0x04,0x00,0x01,0x04,0x00,0x00,0x00,0x40,0xf0,0x68,0x08,0x00,0x00,0x00,0x01,0x04,
	0x00,0x00,0x00,0x40,0xf0,0x68,0x08,0x00,0x00,0x08,0x01,0x02,0xe8,0x4c,0xf4,0x4c,
	0x00,0x00,0x00,0x01,0x00,0x43,0x04,0x00,0xf0,0x68,0x08,0x00,0x04,0x00,0x01,0x04,
	0x00,0x00,0x00,0x40,0xf0,0x68,0x08,0x00,0x00,0x00,0x01,0x04,0x00,0x00,0x00,0x40,
	0xf0,0x68,0x08,0x00,0x00,0x08,0x01,0x02,0xe8,0x4c,0xf4,0x4c,0x00,0x00,0x00,0x01,
	0x04,0x43,0x04,0x00,0xf0,0x68,0x08,0x00,0x04,0x00,0x01,0x04,0x00,0x00,0x00,0x40,
	0xf0,0x68,0x08,0x00,0x00,0x00,0x01,0x04,0x00,0x00,0x00,0x40,0xf0,0x68,0x08,0x00,
	0x00,0x08,0x01,0x02,0xe8,0x4c,0xf4,0x4c,0x05,0x00,0x01,0x04,0x00,0x00,0x00,0x08,
	0x70,0x60,0x04,0x00,0x04,0x00,0x01,0x04,0xff,0xff,0xff,0x7f,0x70,0x60,0x04,0x00,
	0x00,0x00,0x01,0x04,0x01,0x00,0x00,0x00,0xa4,0x68,0x08,0x00,0x00,0x08,0x01,0x02,
	0x34,0x1b,0x90,0x1b,0x04,0x00,0x01,0x04,0xff,0xff,0xff,0x7f,0x10,0x60,0x04,0x00,
	0x04,0x00,0x01,0x04,0xff,0xff,0xff,0x7f,0x14,0x60,0x04,0x00,0x00,0x00,0x01,0x02,
	0x34,0x1b,0x90,0x1b,0x01,0x00,0x01,0x04,0x01,0x00,0x00,0x00,0xf4,0x00,0x08,0x00,
	0x00,0x00,0x01,0x01,0x10,0x00,0x00,0x00,0x90,0xf0,0x08,0x00,0x00,0x15,0x03,0x05,
	0x00,0x00,0x00,0x01,0x70,0x60,0x04,0x00,0xf0,0x68,0x08,0x00,0x04,0x00,0x01,0x04,
	0x00,0x00,0x00,0x40,0xf0,0x68,0x08,0x00,0x00,0x00,0x01,0x04,0x00,0x00,0x00,0x00,
	0xf0,0x68,0x08,0x00,0x00,0x08,0x01,0x02,0x90,0x1b,0x04,0x1c,0x00,0x00,0x01,0x04,
	0x01,0x00,0x00,0x00,0xf4,0x00,0x08,0x00,0x00,0x08,0x01,0x02,0xf4,0x4c,0x0c,0x4d,
	0x00,0x00,0x01,0x04,0x01,0x00,0x00,0x00,0xa4,0x68,0x08,0x00,0x00,0x08,0x01,0x02,
	0x64,0x46,0xf0,0x46,0x00,0x00,0x00,0x01,0x10,0x60,0x04,0x00,0xf0,0x68,0x08,0x00,
	0x04,0x00,0x01,0x04,0x00,0x00,0x00,0x40,0xf0,0x68,0x08,0x00,0x00,0x00,0x01,0x04,
	0x00,0x00,0x00,0x40,0xf0,0x68,0x08,0x00,0x00,0x08,0x01,0x03,0x0c,0x4d,0x1c,0x4d,
	0x00,0x00,0x00,0x01,0x14,0x60,0x04,0x00,0xf0,0x68,0x08,0x00,0x04,0x00,0x01,0x04,
	0x00,0x00,0x00,0x40,0xf0,0x68,0x08,0x00,0x00,0x00,0x01,0x04,0x00,0x00,0x00,0x40,
	0xf0,0x68,0x08,0x00,0x00,0x08,0x01,0x03,0x0c,0x4d,0x1c,0x4d,0x00,0x00,0x01,0x02,
	0x64,0x46,0xf0,0x46,0x00,0x00,0x01,0x01,0x00,0x00,0x00,0xd0,0xe0,0xf0,0x08,0x00,
	0x00,0x00,0x00,0x01,0x20,0x6e,0x08,0x00,0x04,0x55,0x04,0x00,0x05,0x00,0x01,0x04,
	0x10,0x02,0x00,0x00,0x04,0x55,0x04,0x00,0x05,0x00,0x01,0x04,0x00,0x00,0x00,0x80,
	0x60,0xf0,0x05,0x00,0x05,0x00,0x01,0x04,0x00,0x00,0x00,0x80,0x60,0xf4,0x05,0x00,
	0x05,0x00,0x01,0x04,0x00,0x00,0x00,0x80,0x60,0xf8,0x05,0x00,0x05,0x00,0x01,0x04,
	0x00,0x00,0x00,0x80,0x60,0xfc,0x05,0x00,0x00,0x00,0x00,0x01,0x18,0x6c,0x08,0x00,
	0x8c,0x55,0x04,0x00,0x00,0x00,0x00,0x01,0x0c,0x6c,0x08,0x00,0x94,0x55,0x04,0x00,
	0x00,0x00,0x00,0x01,0x8c,0x69,0x08,0x00,0x80,0xf0,0x08,0x00,0x00,0x00,0x01,0x03,
	0x2c,0x4c,0x80,0x4c,0x00,0x00,0x01,0x03,0x30,0x4b,0x2c,0x4c,0x04,0x00,0x01,0x04,
	0xef,0xfd,0xff,0xff,0x04,0x55,0x04,0x00,0x00,0x00,0x01,0x03,0xb4,0x1c,0x74,0x1d,
	0x00,0x00,0x01,0x01,0x05,0x00,0x00,0x00,0x00,0x55,0x04,0x00,0x00,0x00,0x01,0x02,
	0x74,0x1d,0xb8,0x1e,0x00,0x00,0x00,0x01,0x60,0xf0,0x05,0x00,0x28,0x68,0x08,0x00,
	0x04,0x00,0x01,0x04,0x00,0x00,0x00,0x80,0x28,0x68,0x08,0x00,0x05,0x00,0x01,0x04,
	0x05,0x00,0x00,0x00,0x28,0x68,0x08,0x00,0x00,0x00,0x00,0x01,0x28,0x68,0x08,0x00,
	0x60,0xf0,0x05,0x00,0x00,0x00,0x00,0x01,0x60,0xf4,0x05,0x00,0x28,0x68,0x08,0x00,
	0x04,0x00,0x01,0x04,0x00,0x00,0x00,0x80,0x28,0x68,0x08,0x00,0x05,0x00,0x01,0x04,
	0x05,0x00,0x00,0x00,0x28,0x68,0x08,0x00,0x00,0x00,0x00,0x01,0x28,0x68,0x08,0x00,
	0x60,0xf4,0x05,0x00,0x00,0x00,0x00,0x01,0x60,0xf8,0x05,0x00,0x28,0x68,0x08,0x00,
	0x04,0x00,0x01,0x04,0x00,0x00,0x00,0x80,0x28,0x68,0x08,0x00,0x05,0x00,0x01,0x04,
	0x05,0x00,0x00,0x00,0x28,0x68,0x08,0x00,0x00,0x00,0x00,0x01,0x28,0x68,0x08,0x00,
	0x60,0xf8,0x05,0x00,0x00,0x00,0x00,0x01,0x60,0xfc,0x05,0x00,0x28,0x68,0x08,0x00,
	0x04,0x00,0x01,0x04,0x00,0x00,0x00,0x80,0x28,0x68,0x08,0x00,0x05,0x00,0x01,0x04,
	0x05,0x00,0x00,0x00,0x28,0x68,0x08,0x00,0x00,0x00,0x00,0x01,0x28,0x68,0x08,0x00,
	0x60,0xfc,0x05,0x00,0x05,0x00,0x01,0x04,0x80,0x00,0x00,0x00,0x80,0xf0,0x08,0x00,
	0x00,0x00,0x01,0x04,0x05,0x00,0x00,0x00,0x00,0x55,0x04,0x00,0x00,0x08,0x00,0x02,
	0xa4,0x4e,0xb0,0x4e,0x05,0x00,0x01,0x04,0x00,0x00,0x00,0x80,0x60,0xf0,0x05,0x00,
	0x05,0x00,0x01,0x04,0x00,0x00,0x00,0x80,0x60,0xf4,0x05,0x00,0x05,0x00,0x01,0x04,
	0x00,0x00,0x00,0x80,0x60,0xf8,0x05,0x00,0x05,0x00,0x01,0x04,0x00,0x00,0x00,0x80,
	0x60,0xfc,0x05,0x00,0x00,0x00,0x01,0x01,0x00,0x00,0x00,0x00,0x88,0x68,0x08,0x00,
	0x00,0x00,0x01,0x01,0x00,0x00,0x00,0x00,0x84,0x68,0x08,0x00,0x00,0x00,0x01,0x01,
	0x00,0x00,0x00,0x00,0x80,0x68,0x08,0x00,0x00,0x00,0x01,0x01,0x00,0x00,0x00,0x00,
	0x7c,0x68,0x08,0x00,0x00,0x00,0x01,0x01,0x00,0x00,0x00,0x00,0x78,0x68,0x08,0x00,
	0x00,0x00,0x01,0x01,0x00,0x00,0x00,0x00,0x74,0x68,0x08,0x00,0x00,0x00,0x01,0x01,
	0x00,0x00,0x00,0x00,0x70,0x68,0x08,0x00,0x00,0x00,0x01,0x01,0x00,0x00,0x00,0x00,
	0x6c,0x68,0x08,0x00,0x00,0x00,0x00,0x01,0x64,0xf0,0x08,0x00,0x38,0x68,0x08,0x00,
	0x04,0x00,0x01,0x04,0x01,0x00,0x00,0x00,0x38,0x68,0x08,0x00,0x00,0x00,0x01,0x04,
	0x01,0x00,0x00,0x00,0x38,0x68,0x08,0x00,0x00,0x08,0x01,0x02,0x54,0x21,0xd4,0x21,
	0x00,0x00,0x00,0x01,0x04,0x55,0x04,0x00,0xb4,0x68,0x08,0x00,0x04,0x00,0x01,0x04,
	0x03,0x00,0x00,0x00,0xb4,0x68,0x08,0x00,0x00,0x00,0x01,0x04,0x03,0x00,0x00,0x00,
	0xb4,0x68,0x08,0x00,0x00,0x08,0x00,0x02,0xb8,0x1e,0xe8,0x1e,0x00,0x00,0x01,0x02,
	0x54,0x21,0xd4,0x21,0x00,0x00,0x00,0x01,0x04,0x55,0x04,0x00,0xb4,0x68,0x08,0x00,
	0x04,0x00,0x01,0x04,0x20,0x00,0x00,0x00,0xb4,0x68,0x08,0x00,0x00,0x00,0x01,0x04,
	0x20,0x00,0x00,0x00,0xb4,0x68,0x08,0x00,0x00,0x08,0x01,0x02,0xe8,0x1e,0xa0,0x1f,
	0x00,0x00,0x01,0x02,0xa0,0x1f,0x30,0x20,0x04,0x00,0x01,0x04,0x7f,0xff,0xff,0xff,
	0x80,0xf0,0x08,0x00,0x04,0x00,0x01,0x04,0xff,0xfd,0xff,0xff,0x04,0x55,0x04,0x00,
	0x00,0x00,0x01,0x01,0x74,0x1d,0xb8,0x1e,0xe4,0xf0,0x08,0x00,0x05,0x00,0x01,0x04,
	0x00,0x00,0x00,0x00,0x00,0x55,0x04,0x00,0x00,0x00,0x00,0x01,0x7c,0x6f,0x08,0x00,
	0x44,0x68,0x08,0x00,0x04,0x00,0x01,0x04,0x00,0x04,0x00,0x00,0x44,0x68,0x08,0x00,
	0x00,0x00,0x01,0x04,0x00,0x04,0x00,0x00,0x44,0x68,0x08,0x00,0x00,0x08,0x01,0x02,
	0x54,0x21,0xd4,0x21,0x00,0x00,0x00,0x01,0x78,0x6f,0x08,0x00,0x44,0x68,0x08,0x00,
	0x04,0x00,0x01,0x04,0x00,0x04,0x00,0x00,0x44,0x68,0x08,0x00,0x00,0x00,0x01,0x04,
	0x00,0x04,0x00,0x00,0x44,0x68,0x08,0x00,0x00,0x08,0x01,0x02,0x54,0x21,0xd4,0x21,
	0x00,0x00,0x00,0x01,0x74,0x6f,0x08,0x00,0x40,0x68,0x08,0x00,0x04,0x00,0x01,0x04,
	0x00,0x00,0x00,0x80,0x40,0x68,0x08,0x00,0x00,0x00,0x01,0x04,0x00,0x00,0x00,0x80,
	0x40,0x68,0x08,0x00,0x00,0x08,0x01,0x02,0x54,0x21,0xd4,0x21,0x00,0x00,0x00,0x01,
	0x70,0x6f,0x08,0x00,0x40,0x68,0x08,0x00,0x04,0x00,0x01,0x04,0x00,0x00,0x00,0x80,
	0x40,0x68,0x08,0x00,0x00,0x00,0x01,0x04,0x00,0x00,0x00,0x80,0x40,0x68,0x08,0x00,
	0x00,0x08,0x01,0x02,0x54,0x21,0xd4,0x21,0x00,0x00,0x01,0x02,0xc0,0x20,0xfc,0x20,
	0x00,0x00,0x00,0x04,0x30,0xf1,0x05,0x00,0x2c,0xf1,0x05,0x00,0x00,0x08,0x01,0x02,
	0x30,0x20,0xc0,0x20,0x00,0x00,0x00,0x01,0x90,0x55,0x04,0x00,0x30,0x68,0x08,0x00,
	0x01,0x00,0x01,0x04,0xe8,0x03,0x00,0x00,0x30,0x68,0x08,0x00,0x00,0x00,0x01,0x01,
	0x08,0x00,0x09,0x00,0x28,0xf1,0x05,0x00,0x00,0x00,0x00,0x01,0x30,0xf1,0x05,0x00,
	0x2c,0x68,0x08,0x00,0x04,0x00,0x01,0x04,0x0f,0x00,0x00,0x00,0x2c,0x68,0x08,0x00,
	0x0b,0x00,0x01,0x04,0x05,0x00,0x00,0x00,0x2c,0x68,0x08,0x00,0x0b,0x00,0x01,0x04,
	0x04,0x00,0x00,0x00,0x2c,0x68,0x08,0x00,0x01,0x00,0x00,0x04,0x28,0xf1,0x05,0x00,
	0x2c,0x68,0x08,0x00,0x00,0x00,0x02,0x04,0x2c,0x68,0x08,0x00,0x30,0x68,0x08,0x00,
	0x00,0x0a,0x01,0x02,0x30,0x20,0xc0,0x20,0x00,0x00,0x01,0x02,0x54,0x21,0xd4,0x21,
	0x00,0x00,0x00,0x04,0x30,0xf5,0x05,0x00,0x2c,0xf5,0x05,0x00,0x00,0x08,0x01,0x02,
	0xc0,0x20,0xfc,0x20,0x00,0x00,0x00,0x01,0x90,0x55,0x04,0x00,0x30,0x68,0x08,0x00,
	0x01,0x00,0x01,0x04,0xe8,0x03,0x00,0x00,0x30,0x68,0x08,0x00,0x00,0x00,0x01,0x01,
	0x08,0x80,0x09,0x00,0x28,0xf5,0x05,0x00,0x00,0x00,0x00,0x01,0x30,0xf5,0x05,0x00,
	0x2c,0x68,0x08,0x00,0x04,0x00,0x01,0x04,0x0f,0x00,0x00,0x00,0x2c,0x68,0x08,0x00,
	0x0b,0x00,0x01,0x04,0x05,0x00,0x00,0x00,0x2c,0x68,0x08,0x00,0x0b,0x00,0x01,0x04,
	0x04,0x00,0x00,0x00,0x2c,0x68,0x08,0x00,0x01,0x00,0x00,0x04,0x28,0xf5,0x05,0x00,
	0x2c,0x68,0x08,0x00,0x00,0x00,0x02,0x04,0x2c,0x68,0x08,0x00,0x30,0x68,0x08,0x00,
	0x00,0x0a,0x01,0x02,0xc0,0x20,0xfc,0x20,0x00,0x00,0x01,0x02,0x54,0x21,0xd4,0x21,
	0x00,0x00,0x00,0x01,0x34,0x64,0x04,0x00,0xa8,0x68,0x08,0x00,0x04,0x00,0x01,0x04,
	0x00,0x00,0x20,0x00,0xa8,0x68,0x08,0x00,0x00,0x00,0x01,0x04,0x00,0x00,0x20,0x00,
	0xa8,0x68,0x08,0x00,0x00,0x08,0x01,0x03,0xfc,0x20,0x28,0x21,0x00,0x00,0x01,0x03,
	0x28,0x21,0x54,0x21,0x00,0x00,0x01,0x02,0xb8,0x1e,0xe8,0x1e,0x00,0x00,0x00,0x01,
	0x48,0x44,0x04,0x00,0x3c,0x68,0x08,0x00,0x04,0x00,0x01,0x04,0x00,0x40,0x00,0x00,
	0x3c,0x68,0x08,0x00,0x00,0x00,0x01,0x04,0x00,0x40,0x00,0x00,0x3c,0x68,0x08,0x00,
	0x00,0x08,0x01,0x02,0xfc,0x20,0x28,0x21,0x00,0x00,0x00,0x01,0x04,0x55,0x04,0x00,
	0x34,0x68,0x08,0x00,0x04,0x00,0x01,0x04,0x00,0x04,0x00,0x00,0x34,0x68,0x08,0x00,
	0x00,0x00,0x01,0x04,0x00,0x04,0x00,0x00,0x34,0x68,0x08,0x00,0x00,0x08,0x01,0x02,
	0x28,0x21,0x54,0x21,0x00,0x00,0x00,0x01,0x9c,0x55,0x04,0x00,0xb8,0x00,0x08,0x00,
	0x00,0x00,0x01,0x01,0x01,0x00,0x00,0x00,0x84,0x20,0x04,0x00,0x00,0x00,0x01,0x01,
	0x01,0x00,0x00,0x10,0xd0,0x00,0x08,0x00,0x00,0x00,0x01,0x01,0xff,0xff,0xff,0xff,
	0x50,0x40,0x04,0x00,0x00,0x00,0x01,0x01,0xff,0xff,0xff,0xff,0x54,0x40,0x04,0x00,
	0x00,0x00,0x00,0x01,0x1c,0x6e,0x08,0x00,0x00,0x60,0x04,0x00,0x00,0x00,0x00,0x01,
	0x40,0x6e,0x08,0x00,0x04,0x54,0x04,0x00,0x05,0x00,0x01,0x04,0x02,0x00,0x00,0x00,
	0x04,0x54,0x04,0x00,0x00,0x00,0x00,0x01,0x44,0x6e,0x08,0x00,0x00,0x54,0x04,0x00,
	0x00,0x00,0x00,0x01,0x3c,0x6e,0x08,0x00,0x0c,0x54,0x04,0x00,0x00,0x00,0x01,0x02,
	0xd4,0x21,0x38,0x22,0x01,0x00,0x01,0x04,0x01,0x00,0x00,0x00,0xe8,0x00,0x08,0x00,
	0x00,0x00,0x01,0x01,0x0a,0x00,0x00,0x00,0x90,0xf0,0x08,0x00,0x00,0x15,0x03,0x05,
	0x00,0x00,0x00,0x01,0x04,0x54,0x04,0x00,0xf0,0x68,0x08,0x00,0x04,0x00,0x01,0x04,
	0x01,0x00,0x00,0x00,0xf0,0x68,0x08,0x00,0x00,0x00,0x01,0x04,0x01,0x00,0x00,0x00,
	0xf0,0x68,0x08,0x00,0x00,0x08,0x01,0x02,0x0c,0x23,0xa4,0x23,0x00,0x00,0x01,0x04,
	0x03,0x00,0x00,0x00,0xe8,0x00,0x08,0x00,0x00,0x08,0x01,0x02,0x28,0x4d,0x34,0x4d,
	0x00,0x00,0x01,0x02,0xd4,0x21,0x38,0x22,0x00,0x00,0x01,0x01,0x00,0x00,0x00,0xd0,
	0xe0,0xf0,0x08,0x00,0x00,0x00,0x00,0x01,0x20,0x6e,0x08,0x00,0x04,0x55,0x04,0x00,
	0x05,0x00,0x01,0x04,0x10,0x02,0x00,0x00,0x04,0x55,0x04,0x00,0x05,0x00,0x01,0x04,
	0x00,0x00,0x00,0x80,0x60,0xf0,0x05,0x00,0x05,0x00,0x01,0x04,0x00,0x00,0x00,0x80,
	0x60,0xf4,0x05,0x00,0x05,0x00,0x01,0x04,0x00,0x00,0x00,0x80,0x60,0xf8,0x05,0x00,
	0x05,0x00,0x01,0x04,0x00,0x00,0x00,0x80,0x60,0xfc,0x05,0x00,0x00,0x00,0x00,0x01,
	0x18,0x6c,0x08,0x00,0x8c,0x55,0x04,0x00,0x00,0x00,0x00,0x01,0x0c,0x6c,0x08,0x00,
	0x94,0x55,0x04,0x00,0x05,0x00,0x01,0x04,0x00,0x00,0x00,0x08,0x70,0x60,0x04,0x00,
	0x00,0x00,0x01,0x01,0x01,0x00,0x00,0x00,0xd0,0x00,0x08,0x00,0x00,0x00,0x00,0x01,
	0x8c,0x69,0x08,0x00,0x80,0xf0,0x08,0x00,0x00,0x00,0x01,0x03,0x2c,0x4c,0x80,0x4c,
	0x00,0x00,0x01,0x03,0x30,0x4b,0x2c,0x4c,0x00,0x00,0x01,0x01,0x74,0x1d,0xb8,0x1e,
	0xe4,0xf0,0x08,0x00,0x04,0x00,0x01,0x04,0xef,0xfd,0xff,0xff,0x04,0x55,0x04,0x00,
	0x00,0x00,0x01,0x03,0xb4,0x1c,0x74,0x1d,0x00,0x00,0x01,0x01,0x05,0x00,0x00,0x00,
	0x00,0x55,0x04,0x00,0x00,0x00,0x00,0x00,0x00,0x00,0x00,0x00,0x00,0x00,0x00,0x01,
	0xac,0x6f,0x08,0x00,0x94,0xb0,0x06,0x00,0x00,0x00,0x00,0x01,0xa8,0x6f,0x08,0x00,
	0x94,0xb8,0x06,0x00,0x00,0x00,0x00,0x01,0x38,0x6e,0x08,0x00,0x40,0x54,0x04,0x00,
	0x00,0x00,0x00,0x01,0x34,0x6e,0x08,0x00,0x44,0x54,0x04,0x00,0x00,0x00,0x00,0x01,
	0x30,0x6e,0x08,0x00,0x4c,0x54,0x04,0x00,0x00,0x00,0x01,0x01,0x0a,0x00,0x00,0x00,
	0x8c,0xf0,0x08,0x00,0x00,0x14,0x03,0x05,0x00,0x00,0x00,0x01,0x40,0x54,0x04,0x00,
	0xe0,0x68,0x08,0x00,0x05,0x00,0x00,0x04,0x44,0x54,0x04,0x00,0xe0,0x68,0x08,0x00,
	0x05,0x00,0x00,0x04,0x4c,0x54,0x04,0x00,0xe0,0x68,0x08,0x00,0x04,0x00,0x01,0x04,
	0x02,0x00,0x00,0x00,0xe0,0x68,0x08,0x00,0x00,0x00,0x01,0x04,0x02,0x00,0x00,0x00,
	0xe0,0x68,0x08,0x00,0x00,0x08,0x01,0x02,0xf0,0x23,0x24,0x24,0x00,0x00,0x01,0x02,
	0xa4,0x23,0xf0,0x23,0x00,0x00,0x00,0x01,0x40,0x54,0x04,0x00,0xe0,0x68,0x08,0x00,
	0x05,0x00,0x00,0x04,0x44,0x54,0x04,0x00,0xe0,0x68,0x08,0x00,0x05,0x00,0x00,0x04,
	0x4c,0x54,0x04,0x00,0xe0,0x68,0x08,0x00,0x04,0x00,0x01,0x04,0x08,0x00,0x00,0x00,
	0xe0,0x68,0x08,0x00,0x00,0x00,0x01,0x04,0x08,0x00,0x00,0x00,0xe0,0x68,0x08,0x00,
	0x00,0x08,0x01,0x02,0x24,0x24,0x58,0x24,0x00,0x00,0x01,0x02,0x58,0x24,0xd8,0x24,
	0x00,0x00,0x00,0x01,0x40,0x54,0x04,0x00,0xf0,0x68,0x08,0x00,0x04,0x00,0x01,0x04,
	0x01,0x00,0x00,0x00,0xf0,0x68,0x08,0x00,0x00,0x00,0x01,0x04,0x00,0x00,0x00,0x00,
	0xf0,0x68,0x08,0x00,0x00,0x08,0x01,0x02,0x34,0x4d,0x68,0x4d,0x00,0x00,0x01,0x02,
	0xa4,0x23,0xf0,0x23,0x00,0x00,0x00,0x01,0x40,0x54,0x04,0x00,0xf0,0x68,0x08,0x00,
	0x04,0x00,0x01,0x04,0x04,0x00,0x00,0x00,0xf0,0x68,0x08,0x00,0x00,0x00,0x01,0x04,
	0x00,0x00,0x00,0x00,0xf0,0x68,0x08,0x00,0x00,0x08,0x01,0x02,0x34,0x4d,0x68,0x4d,
	0x00,0x00,0x01,0x02,0x58,0x24,0xd8,0x24,0x00,0x00,0x00,0x01,0x2c,0x6e,0x08,0x00,
	0x50,0x54,0x04,0x00,0x00,0x00,0x00,0x01,0x28,0x6e,0x08,0x00,0x54,0x54,0x04,0x00,
	0x00,0x00,0x00,0x01,0x24,0x6e,0x08,0x00,0x5c,0x54,0x04,0x00,0x00,0x00,0x01,0x01,
	0x10,0x00,0x00,0x00,0x8c,0xf0,0x08,0x00,0x00,0x14,0x03,0x05,0x00,0x00,0x00,0x01,
	0x50,0x54,0x04,0x00,0xe0,0x68,0x08,0x00,0x05,0x00,0x00,0x04,0x54,0x54,0x04,0x00,
	0xe0,0x68,0x08,0x00,0x05,0x00,0x00,0x04,0x5c,0x54,0x04,0x00,0xe0,0x68,0x08,0x00,
	0x04,0x00,0x01,0x04,0x02,0x00,0x00,0x00,0xe0,0x68,0x08,0x00,0x00,0x00,0x01,0x04,
	0x02,0x00,0x00,0x00,0xe0,0x68,0x08,0x00,0x00,0x08,0x01,0x02,0x24,0x25,0x58,0x25,
	0x00,0x00,0x01,0x02,0xd8,0x24,0x24,0x25,0x00,0x00,0x00,0x01,0x50,0x54,0x04,0x00,
	0xe0,0x68,0x08,0x00,0x05,0x00,0x00,0x04,0x54,0x54,0x04,0x00,0xe0,0x68,0x08,0x00,
	0x05,0x00,0x00,0x04,0x5c,0x54,0x04,0x00,0xe0,0x68,0x08,0x00,0x04,0x00,0x01,0x04,
	0x08,0x00,0x00,0x00,0xe0,0x68,0x08,0x00,0x00,0x00,0x01,0x04,0x08,0x00,0x00,0x00,
	0xe0,0x68,0x08,0x00,0x00,0x08,0x01,0x02,0x58,0x25,0x8c,0x25,0x00,0x00,0x01,0x02,
	0x8c,0x25,0xac,0x25,0x00,0x00,0x00,0x01,0x50,0x54,0x04,0x00,0xf0,0x68,0x08,0x00,
	0x04,0x00,0x01,0x04,0x01,0x00,0x00,0x00,0xf0,0x68,0x08,0x00,0x00,0x00,0x01,0x04,
	0x00,0x00,0x00,0x00,0xf0,0x68,0x08,0x00,0x00,0x08,0x01,0x02,0x34,0x4d,0x68,0x4d,
	0x00,0x00,0x01,0x02,0xd8,0x24,0x24,0x25,0x00,0x00,0x00,0x01,0x50,0x54,0x04,0x00,
	0xf0,0x68,0x08,0x00,0x04,0x00,0x01,0x04,0x04,0x00,0x00,0x00,0xf0,0x68,0x08,0x00,
	0x00,0x00,0x01,0x04,0x00,0x00,0x00,0x00,0xf0,0x68,0x08,0x00,0x00,0x08,0x01,0x02,
	0x34,0x4d,0x68,0x4d,0x00,0x00,0x01,0x02,0x8c,0x25,0xac,0x25,0x00,0x00,0x00,0x01,
	0xf4,0x6d,0x08,0x00,0x70,0x60,0x04,0x00,0x05,0x00,0x01,0x04,0x00,0x00,0x00,0x80,
	0x70,0x60,0x04,0x00,0x00,0x00,0x01,0x02,0xb8,0x25,0x1c,0x26,0x04,0x00,0x01,0x04,
	0xfd,0xff,0xff,0xff,0x88,0xfa,0x06,0x00,0x01,0x00,0x01,0x04,0x01,0x00,0x00,0x00,
	0x00,0x01,0x08,0x00,0x00,0x00,0x01,0x01,0x08,0x00,0x00,0x00,0x90,0xf0,0x08,0x00,
	0x00,0x15,0x03,0x05,0x00,0x00,0x00,0x01,0x70,0x60,0x04,0x00,0xf0,0x68,0x08,0x00,
	0x04,0x00,0x01,0x04,0x00,0x00,0x00,0x40,0xf0,0x68,0x08,0x00,0x00,0x00,0x01,0x04,
	0x00,0x00,0x00,0x40,0xf0,0x68,0x08,0x00,0x00,0x08,0x01,0x02,0x1c,0x26,0xac,0x26,
	0x00,0x00,0x01,0x04,0x32,0x00,0x00,0x00,0x00,0x01,0x08,0x00,0x00,0x08,0x01,0x02,
	0x68,0x4d,0x80,0x4d,0x00,0x00,0x01,0x02,0xb8,0x25,0x1c,0x26,0x00,0x00,0x00,0x01,
	0xf0,0x6d,0x08,0x00,0xc8,0x68,0x08,0x00,0x04,0x00,0x01,0x04,0xff,0xff,0xff,0x7f,
	0xc8,0x68,0x08,0x00,0x00,0x00,0x00,0x01,0xc8,0x68,0x08,0x00,0x10,0x60,0x04,0x00,
	0x00,0x00,0x00,0x01,0xf0,0x6d,0x08,0x00,0xc8,0x68,0x08,0x00,0x04,0x00,0x01,0x04,
	0x00,0x00,0x00,0x08,0xc8,0x68,0x08,0x00,0x00,0x00,0x01,0x04,0x00,0x00,0x00,0x08,
	0xc8,0x68,0x08,0x00,0x00,0x08,0x01,0x03,0xac,0x26,0xe8,0x26,0x00,0x00,0x00,0x01,
	0xf0,0x6d,0x08,0x00,0xc8,0x68,0x08,0x00,0x04,0x00,0x01,0x04,0x00,0x00,0x00,0x80,
	0xc8,0x68,0x08,0x00,0x05,0x00,0x00,0x04,0xc8,0x68,0x08,0x00,0x10,0x60,0x04,0x00,
	0x00,0x00,0x01,0x04,0x00,0x00,0x00,0x80,0xc8,0x68,0x08,0x00,0x00,0x08,0x01,0x02,
	0xe8,0x26,0x4c,0x27,0x00,0x00,0x01,0x02,0x4c,0x27,0xdc,0x27,0x00,0x00,0x01,0x01,
	0x05,0x00,0x00,0x00,0x90,0xf0,0x08,0x00,0x00,0x15,0x03,0x05,0x00,0x00,0x00,0x01,
	0x10,0x60,0x04,0x00,0xf0,0x68,0x08,0x00,0x04,0x00,0x01,0x04,0x00,0x00,0x00,0x0c,
	0xf0,0x68,0x08,0x00,0x00,0x00,0x01,0x04,0x00,0x00,0x00,0x0c,0xf0,0x68,0x08,0x00,
	0x00,0x08,0x00,0x02,0x80,0x4d,0x8c,0x4d,0x01,0x00,0x01,0x04,0x01,0x00,0x00,0x00,
	0xf0,0x00,0x08,0x00,0x00,0x00,0x01,0x01,0x08,0x00,0x00,0x00,0x90,0xf0,0x08,0x00,
	0x00,0x15,0x03,0x05,0x00,0x00,0x00,0x01,0x10,0x60,0x04,0x00,0xf0,0x68,0x08,0x00,
	0x04,0x00,0x01,0x04,0x00,0x00,0x00,0xc0,0xf0,0x68,0x08,0x00,0x00,0x00,0x01,0x04,
	0x00,0x00,0x00,0xc0,0xf0,0x68,0x08,0x00,0x00,0x08,0x01,0x02,0x4c,0x27,0xdc,0x27,
	0x00,0x00,0x01,0x04,0x32,0x00,0x00,0x00,0xf0,0x00,0x08,0x00,0x00,0x08,0x01,0x02,
	0x8c,0x4d,0xa4,0x4d,0x00,0x00,0x01,0x02,0xe8,0x26,0x4c,0x27,0x00,0x00,0x00,0x01,
	0xec,0x6d,0x08,0x00,0xc8,0x68,0x08,0x00,0x04,0x00,0x01,0x04,0xff,0xff,0xff,0x7f,
	0xc8,0x68,0x08,0x00,0x00,0x00,0x00,0x01,0xc8,0x68,0x08,0x00,0x14,0x60,0x04,0x00,
	0x00,0x00,0x00,0x01,0xec,0x6d,0x08,0x00,0xc8,0x68,0x08,0x00,0x04,0x00,0x01,0x04,
	0x00,0x00,0x00,0x08,0xc8,0x68,0x08,0x00,0x00,0x00,0x01,0x04,0x00,0x00,0x00,0x08,
	0xc8,0x68,0x08,0x00,0x00,0x08,0x01,0x03,0xdc,0x27,0x18,0x28,0x00,0x00,0x00,0x01,
	0xec,0x6d,0x08,0x00,0xc8,0x68,0x08,0x00,0x04,0x00,0x01,0x04,0x00,0x00,0x00,0x80,
	0xc8,0x68,0x08,0x00,0x05,0x00,0x00,0x04,0xc8,0x68,0x08,0x00,0x14,0x60,0x04,0x00,
	0x00,0x00,0x01,0x04,0x00,0x00,0x00,0x80,0xc8,0x68,0x08,0x00,0x00,0x08,0x01,0x02,
	0x18,0x28,0x7c,0x28,0x00,0x00,0x01,0x02,0x7c,0x28,0x24,0x29,0x00,0x00,0x01,0x01,
	0x05,0x00,0x00,0x00,0x90,0xf0,0x08,0x00,0x00,0x15,0x03,0x05,0x00,0x00,0x00,0x01,
	0x14,0x60,0x04,0x00,0xf0,0x68,0x08,0x00,0x04,0x00,0x01,0x04,0x00,0x00,0x00,0x0c,
	0xf0,0x68,0x08,0x00,0x00,0x00,0x01,0x04,0x00,0x00,0x00,0x0c,0xf0,0x68,0x08,0x00,
	0x00,0x08,0x00,0x02,0x80,0x4d,0x8c,0x4d,0x01,0x00,0x01,0x04,0x01,0x00,0x00,0x00,
	0xec,0x00,0x08,0x00,0x00,0x00,0x01,0x01,0x08,0x00,0x00,0x00,0x90,0xf0,0x08,0x00,
	0x00,0x15,0x03,0x05,0x00,0x00,0x00,0x01,0x14,0x60,0x04,0x00,0xf0,0x68,0x08,0x00,
	0x04,0x00,0x01,0x04,0x00,0x00,0x00,0xc0,0xf0,0x68,0x08,0x00,0x00,0x00,0x01,0x04,
	0x00,0x00,0x00,0xc0,0xf0,0x68,0x08,0x00,0x00,0x08,0x01,0x02,0x7c,0x28,0x24,0x29,
	0x00,0x00,0x01,0x04,0x32,0x00,0x00,0x00,0xec,0x00,0x08,0x00,0x00,0x08,0x01,0x02,
	0xa4,0x4d,0xbc,0x4d,0x00,0x00,0x01,0x02,0x18,0x28,0x7c,0x28,0x00,0x00,0x01,0x04,
	0x01,0x00,0x00,0x00,0xa4,0x68,0x08,0x00,0x00,0x08,0x01,0x03,0xac,0x25,0xb8,0x25,
	0x04,0x00,0x01,0x04,0xff,0xff,0xff,0xf7,0x70,0x60,0x04,0x00,0x00,0x00,0x01,0x04,
	0x01,0x00,0x00,0x00,0xe0,0x00,0x08,0x00,0x00,0x08,0x01,0x03,0x24,0x29,0x34,0x29,
	0x00,0x00,0x00,0x01,0x18,0x6e,0x08,0x00,0x08,0x50,0x04,0x00,0x00,0x00,0x00,0x01,
	0x14,0x6e,0x08,0x00,0xe8,0x4f,0x04,0x00,0x00,0x00,0x00,0x01,0x10,0x6e,0x08,0x00,
	0x00,0x43,0x04,0x00,0x00,0x00,0x00,0x01,0x0c,0x6e,0x08,0x00,0x04,0x43,0x04,0x00,
	0x00,0x00,0x01,0x01,0x0a,0x00,0x00,0x00,0x90,0xf0,0x08,0x00,0x00,0x15,0x03,0x05,
	0x00,0x00,0x00,0x01,0x08,0x50,0x04,0x00,0xb0,0x68,0x08,0x00,0x04,0x00,0x01,0x04,
	0x00,0x00,0x00,0x80,0xb0,0x68,0x08,0x00,0x00,0x00,0x01,0x04,0x00,0x00,0x00,0x80,
	0xb0,0x68,0x08,0x00,0x00,0x08,0x01,0x02,0xd0,0x29,0x04,0x2a,0x00,0x00,0x01,0x02,
	0x34,0x29,0x68,0x29,0x00,0x00,0x01,0x03,0x88,0x40,0x00,0x41,0x00,0x00,0x01,0x03,
	0x00,0x41,0x78,0x41,0x00,0x00,0x00,0x01,0xe8,0x4f,0x04,0x00,0xb0,0x68,0x08,0x00,
	0x04,0x00,0x01,0x04,0x00,0x00,0x00,0x80,0xb0,0x68,0x08,0x00,0x00,0x00,0x01,0x04,
	0x00,0x00,0x00,0x80,0xb0,0x68,0x08,0x00,0x00,0x08,0x01,0x02,0x04,0x2a,0x38,0x2a,
	0x00,0x00,0x01,0x02,0x68,0x29,0x9c,0x29,0x00,0x00,0x00,0x01,0x00,0x43,0x04,0x00,
	0xb0,0x68,0x08,0x00,0x04,0x00,0x01,0x04,0x00,0x00,0x00,0x80,0xb0,0x68,0x08,0x00,
	0x00,0x00,0x01,0x04,0x00,0x00,0x00,0x80,0xb0,0x68,0x08,0x00,0x00,0x08,0x01,0x02,
	0x38,0x2a,0x6c,0x2a,0x00,0x00,0x01,0x02,0x9c,0x29,0xd0,0x29,0x00,0x00,0x00,0x01,
	0x04,0x43,0x04,0x00,0xb0,0x68,0x08,0x00,0x04,0x00,0x01,0x04,0x00,0x00,0x00,0x80,
	0xb0,0x68,0x08,0x00,0x00,0x00,0x01,0x04,0x00,0x00,0x00,0x80,0xb0,0x68,0x08,0x00,
	0x00,0x08,0x01,0x02,0x6c,0x2a,0xa0,0x2a,0x00,0x00,0x01,0x02,0xa0,0x2a,0xf8,0x2a,
	0x00,0x00,0x00,0x01,0x08,0x50,0x04,0x00,0xd4,0x68,0x08,0x00,0x04,0x00,0x01,0x04,
	0x00,0x00,0x00,0x40,0xd4,0x68,0x08,0x00,0x00,0x00,0x01,0x04,0x00,0x00,0x00,0x00,
	0xd4,0x68,0x08,0x00,0x00,0x08,0x01,0x02,0xec,0x4d,0x20,0x4e,0x00,0x00,0x01,0x02,
	0x34,0x29,0x68,0x29,0x00,0x00,0x00,0x01,0xe8,0x4f,0x04,0x00,0xd8,0x68,0x08,0x00,
	0x04,0x00,0x01,0x04,0x00,0x00,0x00,0x40,0xd8,0x68,0x08,0x00,0x00,0x00,0x01,0x04,
	0x00,0x00,0x00,0x00,0xd8,0x68,0x08,0x00,0x00,0x08,0x01,0x02,0xec,0x4d,0x20,0x4e,
	0x00,0x00,0x01,0x02,0x68,0x29,0x9c,0x29,0x00,0x00,0x00,0x01,0x00,0x43,0x04,0x00,
	0xd8,0x68,0x08,0x00,0x04,0x00,0x01,0x04,0x00,0x00,0x00,0x40,0xd8,0x68,0x08,0x00,
	0x00,0x00,0x01,0x04,0x00,0x00,0x00,0x00,0xd8,0x68,0x08,0x00,0x00,0x08,0x01,0x02,
	0xec,0x4d,0x20,0x4e,0x00,0x00,0x01,0x02,0x9c,0x29,0xd0,0x29,0x00,0x00,0x00,0x01,
	0x04,0x43,0x04,0x00,0xd8,0x68,0x08,0x00,0x04,0x00,0x01,0x04,0x00,0x00,0x00,0x40,
	0xd8,0x68,0x08,0x00,0x00,0x00,0x01,0x04,0x00,0x00,0x00,0x00,0xd8,0x68,0x08,0x00,
	0x00,0x08,0x01,0x02,0xec,0x4d,0x20,0x4e,0x00,0x00,0x01,0x02,0xa0,0x2a,0xf8,0x2a,
	0x00,0x00,0x01,0x04,0x01,0x00,0x00,0x00,0x58,0x68,0x08,0x00,0x00,0x08,0x01,0x02,
	0x98,0x2b,0xfc,0x2b,0x00,0x00,0x01,0x04,0x01,0x00,0x00,0x00,0x54,0x68,0x08,0x00,
	0x00,0x08,0x01,0x02,0xfc,0x2b,0x60,0x2c,0x00,0x00,0x01,0x04,0x01,0x00,0x00,0x00,
	0x5c,0x68,0x08,0x00,0x00,0x08,0x01,0x02,0x60,0x2c,0xc4,0x2c,0x00,0x00,0x01,0x04,
	0x01,0x00,0x00,0x00,0x50,0x68,0x08,0x00,0x00,0x08,0x01,0x02,0xc4,0x2c,0x34,0x2d,
	0x00,0x00,0x01,0x02,0xf8,0x2a,0x50,0x2b,0x00,0x00,0x01,0x04,0x01,0x00,0x00,0x00,
	0x64,0x68,0x08,0x00,0x00,0x08,0x01,0x02,0x34,0x2d,0xb0,0x2d,0x00,0x00,0x01,0x04,
	0x01,0x00,0x00,0x00,0x60,0x68,0x08,0x00,0x00,0x08,0x01,0x02,0xb0,0x2d,0x2c,0x2e,
	0x00,0x00,0x01,0x04,0x01,0x00,0x00,0x00,0x68,0x68,0x08,0x00,0x00,0x08,0x01,0x02,
	0x2c,0x2e,0xd0,0x2e,0x00,0x00,0x01,0x04,0x01,0x00,0x00,0x00,0x4c,0x68,0x08,0x00,
	0x00,0x08,0x01,0x02,0xd0,0x2e,0x80,0x2f,0x00,0x00,0x01,0x02,0x80,0x2f,0xc8,0x2f,
	0x05,0x00,0x01,0x04,0x00,0x01,0x00,0x00,0x38,0x65,0x04,0x00,0x05,0x00,0x01,0x04,
	0x00,0x04,0x00,0x00,0xb0,0x20,0x04,0x00,0x05,0x00,0x01,0x04,0x00,0x00,0x80,0x00,
	0x3c,0x0b,0x07,0x00,0x05,0x00,0x01,0x04,0x80,0x00,0x00,0x00,0x38,0x65,0x04,0x00,
	0x05,0x00,0x01,0x04,0x00,0x04,0x00,0x00,0xb4,0x20,0x04,0x00,0x05,0x00,0x01,0x04,
	0x00,0x00,0x80,0x00,0x3c,0x1b,0x07,0x00,0x00,0x00,0x01,0x01,0x01,0x00,0x00,0x00,
	0x80,0x68,0x08,0x00,0x00,0x00,0x01,0x01,0x01,0x00,0x00,0x00,0x54,0x52,0x04,0x00,
	0x00,0x00,0x00,0x01,0xe4,0x6d,0x08,0x00,0x48,0x68,0x08,0x00,0x04,0x00,0x01,0x04,
	0x00,0x00,0x00,0x80,0x48,0x68,0x08,0x00,0x00,0x00,0x01,0x04,0x00,0x00,0x00,0x80,
	0x48,0x68,0x08,0x00,0x00,0x08,0x01,0x03,0x74,0x2b,0x98,0x2b,0x05,0x00,0x01,0x04,
	0x80,0x00,0x00,0x00,0x24,0x65,0x04,0x00,0x00,0x00,0x01,0x01,0x98,0xa8,0xd8,0xa8,
	0x00,0xf4,0x05,0x00,0x00,0x00,0x01,0x02,0xf8,0x2a,0x50,0x2b,0x00,0x00,0x01,0x01,
	0x01,0x00,0x00,0x00,0x7c,0x68,0x08,0x00,0x00,0x00,0x01,0x01,0x01,0x00,0x00,0x00,
	0x54,0x52,0x04,0x00,0x00,0x00,0x00,0x01,0xe4,0x6d,0x08,0x00,0x48,0x68,0x08,0x00,
	0x04,0x00,0x01,0x04,0x00,0x00,0x00,0x80,0x48,0x68,0x08,0x00,0x00,0x00,0x01,0x04,
	0x00,0x00,0x00,0x80,0x48,0x68,0x08,0x00,0x00,0x08,0x01,0x03,0x74,0x2b,0x98,0x2b,
	0x05,0x00,0x01,0x04,0x80,0x00,0x00,0x00,0x24,0x65,0x04,0x00,0x00,0x00,0x01,0x01,
	0xd8,0xa8,0x30,0xa9,0x00,0xf4,0x05,0x00,0x00,0x00,0x01,0x02,0xf8,0x2a,0x50,0x2b,
	0x00,0x00,0x01,0x01,0x01,0x00,0x00,0x00,0x88,0x68,0x08,0x00,0x00,0x00,0x01,0x01,
	0x01,0x00,0x00,0x00,0x54,0x52,0x04,0x00,0x00,0x00,0x00,0x01,0xe4,0x6d,0x08,0x00,
	0x48,0x68,0x08,0x00,0x04,0x00,0x01,0x04,0x00,0x00,0x00,0x80,0x48,0x68,0x08,0x00,
	0x00,0x00,0x01,0x04,0x00,0x00,0x00,0x80,0x48,0x68,0x08,0x00,0x00,0x08,0x01,0x03,
	0x74,0x2b,0x98,0x2b,0x05,0x00,0x01,0x04,0x80,0x00,0x00,0x00,0x24,0x65,0x04,0x00,
	0x00,0x00,0x01,0x01,0x58,0xa8,0x98,0xa8,0x00,0xf4,0x05,0x00,0x00,0x00,0x01,0x02,
	0xf8,0x2a,0x50,0x2b,0x00,0x00,0x01,0x01,0x01,0x00,0x00,0x00,0x84,0x68,0x08,0x00,
	0x00,0x00,0x01,0x01,0x01,0x00,0x00,0x00,0x54,0x52,0x04,0x00,0x05,0x00,0x01,0x04,
	0x00,0x10,0x00,0x00,0x50,0x65,0x04,0x00,0x00,0x00,0x00,0x01,0xe4,0x6d,0x08,0x00,
	0x48,0x68,0x08,0x00,0x04,0x00,0x01,0x04,0x00,0x00,0x00,0x80,0x48,0x68,0x08,0x00,
	0x00,0x00,0x01,0x04,0x00,0x00,0x00,0x80,0x48,0x68,0x08,0x00,0x00,0x08,0x01,0x03,
	0x74,0x2b,0x98,0x2b,0x05,0x00,0x01,0x04,0x80,0x00,0x00,0x00,0x24,0x65,0x04,0x00,
	0x00,0x00,0x01,0x01,0x44,0xa8,0x58,0xa8,0x00,0xf4,0x05,0x00,0x00,0x00,0x01,0x02,
	0xf8,0x2a,0x50,0x2b,0x00,0x00,0x01,0x01,0x01,0x00,0x00,0x00,0x70,0x68,0x08,0x00,
	0x00,0x00,0x01,0x01,0x01,0x00,0x00,0x00,0x50,0x52,0x04,0x00,0x00,0x00,0x00,0x01,
	0xe8,0x6d,0x08,0x00,0x48,0x68,0x08,0x00,0x04,0x00,0x01,0x04,0x00,0x00,0x00,0x80,
	0x48,0x68,0x08,0x00,0x00,0x00,0x01,0x04,0x00,0x00,0x00,0x80,0x48,0x68,0x08,0x00,
	0x00,0x08,0x01,0x03,0x50,0x2b,0x74,0x2b,0x05,0x00,0x01,0x04,0x80,0x00,0x00,0x00,
	0x20,0x65,0x04,0x00,0x00,0x00,0x01,0x01,0x7c,0x20,0xbc,0x20,0x00,0xf0,0x05,0x00,
	0x00,0x00,0x01,0x03,0x78,0x41,0x98,0x41,0x00,0x00,0x01,0x03,0xd8,0x2f,0x30,0x30,
	0x00,0x00,0x01,0x03,0x8c,0x36,0xa4,0x38,0x00,0x00,0x01,0x02,0xa4,0x38,0xf4,0x38,
	0x00,0x00,0x01,0x01,0x01,0x00,0x00,0x00,0x6c,0x68,0x08,0x00,0x00,0x00,0x01,0x01,
	0x01,0x00,0x00,0x00,0x50,0x52,0x04,0x00,0x00,0x00,0x00,0x01,0xe8,0x6d,0x08,0x00,
	0x48,0x68,0x08,0x00,0x04,0x00,0x01,0x04,0x00,0x00,0x00,0x80,0x48,0x68,0x08,0x00,
	0x00,0x00,0x01,0x04,0x00,0x00,0x00,0x80,0x48,0x68,0x08,0x00,0x00,0x08,0x01,0x03,
	0x50,0x2b,0x74,0x2b,0x05,0x00,0x01,0x04,0x80,0x00,0x00,0x00,0x20,0x65,0x04,0x00,
	0x00,0x00,0x01,0x01,0xbc,0x20,0x14,0x21,0x00,0xf0,0x05,0x00,0x00,0x00,0x01,0x03,
	0x78,0x41,0x98,0x41,0x00,0x00,0x01,0x03,0xd8,0x2f,0x30,0x30,0x00,0x00,0x01,0x03,
	0x8c,0x36,0xa4,0x38,0x00,0x00,0x01,0x02,0x10,0x39,0x74,0x39,0x00,0x00,0x01,0x01,
	0x01,0x00,0x00,0x00,0x74,0x68,0x08,0x00,0x00,0x00,0x01,0x01,0x01,0x00,0x00,0x00,
	0x50,0x52,0x04,0x00,0x00,0x00,0x00,0x01,0xe8,0x6d,0x08,0x00,0x48,0x68,0x08,0x00,
	0x04,0x00,0x01,0x04,0x00,0x00,0x00,0x80,0x48,0x68,0x08,0x00,0x00,0x00,0x01,0x04,
	0x00,0x00,0x00,0x80,0x48,0x68,0x08,0x00,0x00,0x08,0x01,0x03,0x50,0x2b,0x74,0x2b,
	0x05,0x00,0x01,0x04,0x80,0x00,0x00,0x00,0x20,0x65,0x04,0x00,0x00,0x00,0x01,0x01,
	0x3c,0x20,0x7c,0x20,0x00,0xf0,0x05,0x00,0x00,0x00,0x01,0x03,0x78,0x41,0x98,0x41,
	0x00,0x00,0x01,0x03,0xd8,0x2f,0x30,0x30,0x00,0x00,0x01,0x03,0x8c,0x36,0xa4,0x38,
	0x00,0x00,0x01,0x04,0x01,0x00,0x00,0x00,0x80,0x68,0x08,0x00,0x00,0x08,0x01,0x02,
	0xfc,0x39,0x4c,0x3a,0x00,0x00,0x01,0x04,0x01,0x00,0x00,0x00,0x7c,0x68,0x08,0x00,
	0x00,0x08,0x01,0x02,0x68,0x3a,0xcc,0x3a,0x00,0x00,0x01,0x03,0xc8,0x2f,0xd8,0x2f,
	0x00,0x00,0x01,0x01,0x01,0x00,0x00,0x00,0x78,0x68,0x08,0x00,0x00,0x00,0x01,0x01,
	0x01,0x00,0x00,0x00,0x50,0x52,0x04,0x00,0x05,0x00,0x01,0x04,0x00,0x10,0x00,0x00,
	0x4c,0x65,0x04,0x00,0x00,0x00,0x00,0x01,0xe8,0x6d,0x08,0x00,0x48,0x68,0x08,0x00,
	0x04,0x00,0x01,0x04,0x00,0x00,0x00,0x80,0x48,0x68,0x08,0x00,0x00,0x00,0x01,0x04,
	0x00,0x00,0x00,0x80,0x48,0x68,0x08,0x00,0x00,0x08,0x01,0x03,0x50,0x2b,0x74,0x2b,
	0x05,0x00,0x01,0x04,0x80,0x00,0x00,0x00,0x20,0x65,0x04,0x00,0x00,0x00,0x01,0x01,
	0x28,0x20,0x3c,0x20,0x00,0xf0,0x05,0x00,0x00,0x00,0x01,0x03,0x78,0x41,0x98,0x41,
	0x00,0x00,0x01,0x03,0xd8,0x2f,0x30,0x30,0x00,0x00,0x01,0x03,0x8c,0x36,0xa4,0x38,
	0x00,0x00,0x01,0x04,0x01,0x00,0x00,0x00,0x80,0x68,0x08,0x00,0x00,0x08,0x01,0x02,
	0xfc,0x39,0x4c,0x3a,0x00,0x00,0x01,0x04,0x01,0x00,0x00,0x00,0x7c,0x68,0x08,0x00,
	0x00,0x08,0x01,0x02,0x68,0x3a,0xcc,0x3a,0x00,0x00,0x01,0x03,0xc8,0x2f,0xd8,0x2f,
	0x00,0x00,0x01,0x03,0x78,0x41,0x98,0x41,0x00,0x00,0x01,0x03,0xd8,0x2f,0x30,0x30,
	0x00,0x00,0x01,0x03,0x8c,0x36,0xa4,0x38,0x00,0x00,0x01,0x04,0x01,0x00,0x00,0x00,
	0x80,0x68,0x08,0x00,0x00,0x08,0x01,0x02,0xfc,0x39,0x4c,0x3a,0x00,0x00,0x01,0x04,
	0x01,0x00,0x00,0x00,0x7c,0x68,0x08,0x00,0x00,0x08,0x01,0x02,0x68,0x3a,0xcc,0x3a,
	0x00,0x00,0x01,0x03,0xc8,0x2f,0xd8,0x2f,0x00,0x00,0x01,0x01,0xc8,0x00,0x00,0x00,
	0x90,0xf0,0x08,0x00,0x00,0x15,0x03,0x05,0x00,0x00,0x01,0x04,0x01,0x00,0x00,0x00,
	0x80,0x68,0x08,0x00,0x00,0x08,0x01,0x02,0x80,0x30,0xe0,0x30,0x00,0x00,0x01,0x04,
	0x01,0x00,0x00,0x00,0x7c,0x68,0x08,0x00,0x00,0x08,0x01,0x02,0x4c,0x31,0xa8,0x31,
	0x00,0x00,0x01,0x04,0x01,0x00,0x00,0x00,0x88,0x68,0x08,0x00,0x00,0x08,0x01,0x02,
	0xb4,0x32,0xfc,0x32,0x00,0x00,0x01,0x04,0x01,0x00,0x00,0x00,0x84,0x68,0x08,0x00,
	0x00,0x08,0x01,0x02,0x90,0x33,0xd8,0x33,0x00,0x00,0x01,0x02,0x30,0x30,0x80,0x30,
	0x00,0x00,0x01,0x04,0x01,0x00,0x00,0x00,0x70,0x68,0x08,0x00,0x00,0x08,0x01,0x02,
	0xd8,0x33,0x34,0x34,0x00,0x00,0x01,0x04,0x01,0x00,0x00,0x00,0x6c,0x68,0x08,0x00,
	0x00,0x08,0x01,0x02,0x34,0x34,0xa4,0x34,0x00,0x00,0x01,0x04,0x01,0x00,0x00,0x00,
	0x74,0x68,0x08,0x00,0x00,0x08,0x01,0x02,0xe4,0x34,0x40,0x35,0x00,0x00,0x01,0x04,
	0x01,0x00,0x00,0x00,0x78,0x68,0x08,0x00,0x00,0x08,0x01,0x02,0x40,0x35,0x9c,0x35,
	0x00,0x00,0x01,0x03,0x9c,0x35,0xd8,0x35,0x00,0x00,0x01,0x03,0x30,0x30,0x80,0x30,
	0x00,0x00,0x01,0x03,0x00,0x3c,0x8c,0x3d,0x00,0x00,0x01,0x04,0x01,0x00,0x00,0x00,
	0x70,0x68,0x08,0x00,0x00,0x08,0x01,0x02,0xe0,0x30,0x18,0x31,0x00,0x00,0x01,0x04,
	0x01,0x00,0x00,0x00,0x6c,0x68,0x08,0x00,0x00,0x08,0x01,0x02,0x18,0x31,0x4c,0x31,
	0x05,0x00,0x01,0x04,0x00,0x00,0x00,0x20,0x00,0x18,0x06,0x00,0x00,0x00,0x01,0x03,
	0x5c,0x3f,0x7c,0x40,0x04,0x00,0x01,0x04,0xff,0xff,0xff,0xdf,0x00,0x18,0x06,0x00,
	0x05,0x00,0x01,0x04,0x00,0x00,0x00,0x20,0x00,0x08,0x06,0x00,0x05,0x00,0x01,0x04,
	0x00,0x00,0x00,0x20,0x00,0x18,0x06,0x00,0x00,0x00,0x01,0x03,0x5c,0x3f,0x7c,0x40,
	0x04,0x00,0x01,0x04,0xff,0xff,0xff,0xdf,0x00,0x08,0x06,0x00,0x04,0x00,0x01,0x04,
	0xff,0xff,0xff,0xdf,0x00,0x18,0x06,0x00,0x05,0x00,0x01,0x04,0x00,0x00,0x00,0x20,
	0x00,0x18,0x06,0x00,0x00,0x00,0x01,0x04,0x01,0x00,0x00,0x00,0xa4,0x68,0x08,0x00,
	0x00,0x08,0x01,0x03,0xa4,0x34,0xc4,0x34,0x00,0x08,0x00,0x03,0xc4,0x34,0xe4,0x34,
	0x04,0x00,0x01,0x04,0xff,0xff,0xff,0xdf,0x00,0x18,0x06,0x00,0x00,0x00,0x01,0x03,
	0x9c,0x35,0xd8,0x35,0x00,0x00,0x01,0x03,0x30,0x30,0x80,0x30,0x00,0x00,0x01,0x03,
	0x00,0x3c,0x8c,0x3d,0x00,0x00,0x01,0x04,0x01,0x00,0x00,0x00,0x70,0x68,0x08,0x00,
	0x00,0x08,0x01,0x02,0xa8,0x31,0xdc,0x31,0x00,0x00,0x01,0x04,0x01,0x00,0x00,0x00,
	0x6c,0x68,0x08,0x00,0x00,0x08,0x01,0x02,0xdc,0x31,0x04,0x32,0x00,0x00,0x01,0x04,
	0x01,0x00,0x00,0x00,0xa4,0x68,0x08,0x00,0x00,0x08,0x01,0x02,0x74,0x32,0x94,0x32,
	0x00,0x08,0x00,0x02,0x94,0x32,0xb4,0x32,0x05,0x00,0x01,0x04,0x00,0x00,0x00,0x20,
	0x00,0x08,0x06,0x00,0x00,0x00,0x01,0x04,0x01,0x00,0x00,0x00,0xa4,0x68,0x08,0x00,
	0x00,0x08,0x01,0x03,0x74,0x32,0x94,0x32,0x00,0x08,0x00,0x03,0x94,0x32,0xb4,0x32,
	0x04,0x00,0x01,0x04,0xff,0xff,0xff,0xdf,0x00,0x08,0x06,0x00,0x00,0x00,0x01,0x04,
	0x01,0x00,0x00,0x00,0xa4,0x68,0x08,0x00,0x00,0x08,0x01,0x03,0x04,0x32,0x3c,0x32,
	0x00,0x08,0x00,0x03,0x3c,0x32,0x74,0x32,0x04,0x00,0x01,0x04,0xff,0xff,0xff,0xdf,
	0x00,0x18,0x06,0x00,0x05,0x00,0x01,0x04,0x00,0x00,0x00,0x40,0x00,0x09,0x06,0x00,
	0x05,0x00,0x01,0x04,0x00,0x00,0x00,0x40,0x00,0x19,0x06,0x00,0x00,0x00,0x01,0x03,
	0x5c,0x3f,0x7c,0x40,0x04,0x00,0x01,0x04,0xff,0xff,0xff,0xbf,0x00,0x09,0x06,0x00,
	0x04,0x00,0x01,0x04,0xff,0xff,0xff,0xbf,0x00,0x19,0x06,0x00,0x05,0x00,0x01,0x04,
	0x00,0x00,0x00,0x20,0x00,0x09,0x06,0x00,0x05,0x00,0x01,0x04,0x00,0x00,0x00,0x20,
	0x00,0x19,0x06,0x00,0x00,0x00,0x01,0x03,0x5c,0x3f,0x7c,0x40,0x04,0x00,0x01,0x04,
	0xff,0xff,0xff,0xdf,0x00,0x09,0x06,0x00,0x04,0x00,0x01,0x04,0xff,0xff,0xff,0xdf,
	0x00,0x19,0x06,0x00,0x05,0x00,0x01,0x04,0x00,0x00,0x00,0x40,0x00,0x19,0x06,0x00,
	0x00,0x00,0x01,0x03,0x5c,0x3f,0x7c,0x40,0x04,0x00,0x01,0x04,0xff,0xff,0xff,0xbf,
	0x00,0x19,0x06,0x00,0x05,0x00,0x01,0x04,0x00,0x00,0x00,0x20,0x00,0x19,0x06,0x00,
	0x00,0x00,0x01,0x03,0x5c,0x3f,0x7c,0x40,0x04,0x00,0x01,0x04,0xff,0xff,0xff,0xdf,
	0x00,0x19,0x06,0x00,0x00,0x00,0x01,0x03,0x9c,0x35,0xd8,0x35,0x00,0x00,0x01,0x03,
	0x30,0x30,0x80,0x30,0x00,0x00,0x01,0x03,0x00,0x3c,0x8c,0x3d,0x00,0x00,0x01,0x04,
	0x01,0x00,0x00,0x00,0x70,0x68,0x08,0x00,0x00,0x08,0x01,0x02,0xfc,0x32,0x48,0x33,
	0x00,0x00,0x01,0x04,0x01,0x00,0x00,0x00,0x6c,0x68,0x08,0x00,0x00,0x08,0x01,0x02,
	0x48,0x33,0x90,0x33,0x00,0x00,0x01,0x03,0x5c,0x3f,0x7c,0x40,0x00,0x00,0x00,0x01,
	0x80,0x68,0x08,0x00,0xdc,0x68,0x08,0x00,0x05,0x00,0x00,0x04,0x7c,0x68,0x08,0x00,
	0xdc,0x68,0x08,0x00,0x00,0x00,0x01,0x04,0x01,0x00,0x00,0x00,0xdc,0x68,0x08,0x00,
	0x00,0x08,0x01,0x02,0x54,0x3b,0x58,0x3b,0x05,0x00,0x01,0x04,0x00,0x00,0x00,0x20,
	0x00,0x08,0x06,0x00,0x00,0x00,0x01,0x03,0x5c,0x3f,0x7c,0x40,0x04,0x00,0x01,0x04,
	0xff,0xff,0xff,0xdf,0x00,0x08,0x06,0x00,0x00,0x00,0x00,0x01,0x80,0x68,0x08,0x00,
	0xdc,0x68,0x08,0x00,0x05,0x00,0x00,0x04,0x7c,0x68,0x08,0x00,0xdc,0x68,0x08,0x00,
	0x00,0x00,0x01,0x04,0x01,0x00,0x00,0x00,0xdc,0x68,0x08,0x00,0x00,0x08,0x01,0x02,
	0x54,0x3b,0x58,0x3b,0x00,0x00,0x01,0x04,0x01,0x00,0x00,0x00,0xa4,0x68,0x08,0x00,
	0x00,0x08,0x01,0x03,0xa4,0x34,0xc4,0x34,0x00,0x08,0x00,0x03,0xc4,0x34,0xe4,0x34,
	0x00,0x00,0x01,0x03,0xd8,0x35,0x14,0x36,0x00,0x00,0x01,0x03,0x30,0x30,0x80,0x30,
	0x00,0x00,0x01,0x03,0x00,0x3c,0x8c,0x3d,0x00,0x00,0x01,0x04,0x01,0x00,0x00,0x00,
	0x70,0x68,0x08,0x00,0x00,0x08,0x01,0x02,0xfc,0x32,0x48,0x33,0x00,0x00,0x01,0x04,
	0x01,0x00,0x00,0x00,0x6c,0x68,0x08,0x00,0x00,0x08,0x01,0x02,0x48,0x33,0x90,0x33,
	0x00,0x00,0x01,0x03,0x5c,0x3f,0x7c,0x40,0x00,0x00,0x01,0x03,0x14,0x36,0x50,0x36,
	0x00,0x00,0x00,0x01,0x80,0x68,0x08,0x00,0xdc,0x68,0x08,0x00,0x05,0x00,0x00,0x04,
	0x7c,0x68,0x08,0x00,0xdc,0x68,0x08,0x00,0x05,0x00,0x00,0x04,0x88,0x68,0x08,0x00,
	0xdc,0x68,0x08,0x00,0x05,0x00,0x00,0x04,0x84,0x68,0x08,0x00,0xdc,0x68,0x08,0x00,
	0x00,0x00,0x01,0x04,0x01,0x00,0x00,0x00,0xdc,0x68,0x08,0x00,0x00,0x08,0x01,0x02,
	0x54,0x3b,0x58,0x3b,0x00,0x00,0x01,0x03,0x00,0x3c,0x8c,0x3d,0x00,0x00,0x01,0x03,
	0xfc,0x32,0x48,0x33,0x00,0x00,0x01,0x03,0x14,0x36,0x50,0x36,0x00,0x00,0x00,0x01,
	0x80,0x68,0x08,0x00,0xdc,0x68,0x08,0x00,0x05,0x00,0x00,0x04,0x7c,0x68,0x08,0x00,
	0xdc,0x68,0x08,0x00,0x05,0x00,0x00,0x04,0x88,0x68,0x08,0x00,0xdc,0x68,0x08,0x00,
	0x05,0x00,0x00,0x04,0x84,0x68,0x08,0x00,0xdc,0x68,0x08,0x00,0x00,0x00,0x01,0x04,
	0x01,0x00,0x00,0x00,0xdc,0x68,0x08,0x00,0x00,0x08,0x01,0x02,0x54,0x3b,0x58,0x3b,
	0x00,0x00,0x01,0x03,0x00,0x3c,0x8c,0x3d,0x00,0x00,0x01,0x04,0x01,0x00,0x00,0x00,
	0xa4,0x68,0x08,0x00,0x00,0x08,0x01,0x03,0xa4,0x34,0xc4,0x34,0x00,0x08,0x00,0x03,
	0xc4,0x34,0xe4,0x34,0x05,0x00,0x01,0x04,0x00,0x00,0x00,0x40,0x00,0x09,0x06,0x00,
	0x00,0x00,0x01,0x03,0x5c,0x3f,0x7c,0x40,0x04,0x00,0x01,0x04,0xff,0xff,0xff,0xbf,
	0x00,0x09,0x06,0x00,0x05,0x00,0x01,0x04,0x00,0x00,0x00,0x20,0x00,0x09,0x06,0x00,
	0x00,0x00,0x01,0x03,0x5c,0x3f,0x7c,0x40,0x04,0x00,0x01,0x04,0xff,0xff,0xff,0xdf,
	0x00,0x09,0x06,0x00,0x00,0x00,0x01,0x03,0x14,0x36,0x50,0x36,0x00,0x00,0x00,0x01,
	0x80,0x68,0x08,0x00,0xdc,0x68,0x08,0x00,0x05,0x00,0x00,0x04,0x7c,0x68,0x08,0x00,
	0xdc,0x68,0x08,0x00,0x05,0x00,0x00,0x04,0x88,0x68,0x08,0x00,0xdc,0x68,0x08,0x00,
	0x05,0x00,0x00,0x04,0x84,0x68,0x08,0x00,0xdc,0x68,0x08,0x00,0x00,0x00,0x01,0x04,
	0x01,0x00,0x00,0x00,0xdc,0x68,0x08,0x00,0x00,0x08,0x01,0x02,0x54,0x3b,0x58,0x3b,
	0x00,0x00,0x01,0x03,0x00,0x3c,0x8c,0x3d,0x00,0x00,0x01,0x03,0x5c,0x3f,0x7c,0x40,
	0x00,0x00,0x01,0x03,0x50,0x36,0x8c,0x36,0x00,0x00,0x00,0x01,0x80,0x68,0x08,0x00,
	0xdc,0x68,0x08,0x00,0x05,0x00,0x00,0x04,0x7c,0x68,0x08,0x00,0xdc,0x68,0x08,0x00,
	0x05,0x00,0x00,0x04,0x88,0x68,0x08,0x00,0xdc,0x68,0x08,0x00,0x05,0x00,0x00,0x04,
	0x84,0x68,0x08,0x00,0xdc,0x68,0x08,0x00,0x00,0x00,0x01,0x04,0x01,0x00,0x00,0x00,
	0xdc,0x68,0x08,0x00,0x00,0x08,0x01,0x02,0x54,0x3b,0x58,0x3b,0x00,0x00,0x01,0x03,
	0x00,0x3c,0x8c,0x3d,0x00,0x00,0x01,0x03,0x5c,0x3f,0x7c,0x40,0x00,0x00,0x01,0x01,
	0x05,0x00,0x00,0x00,0x90,0xf0,0x08,0x00,0x00,0x15,0x03,0x05,0x00,0x00,0x00,0x01,
	0xf0,0xf7,0x05,0x00,0xf0,0x68,0x08,0x00,0x04,0x00,0x01,0x04,0x30,0x00,0x00,0x00,
	0xf0,0x68,0x08,0x00,0x00,0x00,0x01,0x04,0x00,0x00,0x00,0x00,0xf0,0x68,0x08,0x00,
	0x00,0x08,0x01,0x02,0x9c,0x35,0xd8,0x35,0x00,0x00,0x01,0x01,0x05,0x00,0x00,0x00,
	0x90,0xf0,0x08,0x00,0x00,0x15,0x03,0x05,0x00,0x00,0x00,0x01,0xf0,0xf7,0x05,0x00,
	0xf0,0x68,0x08,0x00,0x04,0x00,0x01,0x04,0x10,0x00,0x00,0x00,0xf0,0x68,0x08,0x00,
	0x00,0x00,0x01,0x04,0x00,0x00,0x00,0x00,0xf0,0x68,0x08,0x00,0x00,0x08,0x01,0x02,
	0xd8,0x35,0x14,0x36,0x00,0x00,0x01,0x01,0x05,0x00,0x00,0x00,0x90,0xf0,0x08,0x00,
	0x00,0x15,0x03,0x05,0x00,0x00,0x00,0x01,0xf0,0xf3,0x05,0x00,0xf0,0x68,0x08,0x00,
	0x04,0x00,0x01,0x04,0x30,0x00,0x00,0x00,0xf0,0x68,0x08,0x00,0x00,0x00,0x01,0x04,
	0x00,0x00,0x00,0x00,0xf0,0x68,0x08,0x00,0x00,0x08,0x01,0x02,0x14,0x36,0x50,0x36,
	0x00,0x00,0x01,0x01,0x05,0x00,0x00,0x00,0x90,0xf0,0x08,0x00,0x00,0x15,0x03,0x05,
	0x00,0x00,0x00,0x01,0xf0,0xf3,0x05,0x00,0xf0,0x68,0x08,0x00,0x04,0x00,0x01,0x04,
	0x10,0x00,0x00,0x00,0xf0,0x68,0x08,0x00,0x00,0x00,0x01,0x04,0x00,0x00,0x00,0x00,
	0xf0,0x68,0x08,0x00,0x00,0x08,0x01,0x02,0x50,0x36,0x8c,0x36,0x00,0x00,0x00,0x01,
	0x84,0x6b,0x08,0x00,0x38,0x65,0x04,0x00,0x00,0x00,0x00,0x01,0x70,0x6d,0x08,0x00,
	0xb0,0x20,0x04,0x00,0x00,0x00,0x00,0x01,0x74,0x6d,0x08,0x00,0xb4,0x20,0x04,0x00,
	0x00,0x00,0x00,0x01,0xbc,0x6f,0x08,0x00,0x50,0x52,0x04,0x00,0x00,0x00,0x00,0x01,
	0xb8,0x6f,0x08,0x00,0x54,0x52,0x04,0x00,0x00,0x00,0x00,0x01,0x6c,0x6b,0x08,0x00,
	0x20,0x65,0x04,0x00,0x00,0x00,0x00,0x01,0x70,0x6b,0x08,0x00,0x24,0x65,0x04,0x00,
	0x00,0x00,0x00,0x01,0xb4,0x6f,0x08,0x00,0x4c,0x65,0x04,0x00,0x00,0x00,0x00,0x01,
	0xb0,0x6f,0x08,0x00,0x50,0x65,0x04,0x00,0x00,0x00,0x00,0x01,0xa4,0x6f,0x08,0x00,
	0x00,0xb4,0x06,0x00,0x00,0x00,0x00,0x01,0xa0,0x6f,0x08,0x00,0x00,0xbc,0x06,0x00,
	0x00,0x00,0x00,0x01,0x9c,0x6f,0x08,0x00,0x00,0xb0,0x06,0x00,0x00,0x00,0x00,0x01,
	0x98,0x6f,0x08,0x00,0x0c,0xb0,0x06,0x00,0x00,0x00,0x00,0x01,0x94,0x6f,0x08,0x00,
	0x10,0xb0,0x06,0x00,0x00,0x00,0x00,0x01,0x90,0x6f,0x08,0x00,0x00,0xb8,0x06,0x00,
	0x00,0x00,0x00,0x01,0x8c,0x6f,0x08,0x00,0x0c,0xb8,0x06,0x00,0x00,0x00,0x00,0x01,
	0x88,0x6f,0x08,0x00,0x10,0xb8,0x06,0x00,0x00,0x00,0x00,0x01,0x84,0x6f,0x08,0x00,
	0x08,0xb0,0x07,0x00,0x00,0x00,0x00,0x01,0x80,0x6f,0x08,0x00,0x08,0xb8,0x07,0x00,
	0x00,0x00,0x00,0x01,0x74,0x6f,0x08,0x00,0x34,0xb0,0x06,0x00,0x00,0x00,0x00,0x01,
	0x70,0x6f,0x08,0x00,0x34,0xb8,0x06,0x00,0x00,0x00,0x00,0x01,0x08,0x6e,0x08,0x00,
	0x50,0x40,0x04,0x00,0x00,0x00,0x00,0x01,0x04,0x6e,0x08,0x00,0x54,0x40,0x04,0x00,
	0x04,0x00,0x01,0x04,0xfc,0xff,0xff,0xff,0x00,0xf2,0x08,0x00,0x00,0x00,0x00,0x01,
	0x60,0xf0,0x05,0x00,0x28,0x68,0x08,0x00,0x04,0x00,0x01,0x04,0x00,0x00,0x00,0x80,
	0x28,0x68,0x08,0x00,0x05,0x00,0x01,0x04,0x03,0x00,0x00,0x00,0x28,0x68,0x08,0x00,
	0x00,0x00,0x00,0x01,0x28,0x68,0x08,0x00,0x60,0xf0,0x05,0x00,0x00,0x00,0x00,0x01,
	0x60,0xf4,0x05,0x00,0x28,0x68,0x08,0x00,0x04,0x00,0x01,0x04,0x00,0x00,0x00,0x80,
	0x28,0x68,0x08,0x00,0x05,0x00,0x01,0x04,0x03,0x00,0x00,0x00,0x28,0x68,0x08,0x00,
	0x00,0x00,0x00,0x01,0x28,0x68,0x08,0x00,0x60,0xf4,0x05,0x00,0x00,0x00,0x00,0x01,
	0x60,0xf8,0x05,0x00,0x28,0x68,0x08,0x00,0x04,0x00,0x01,0x04,0x00,0x00,0x00,0x80,
	0x28,0x68,0x08,0x00,0x05,0x00,0x01,0x04,0x03,0x00,0x00,0x00,0x28,0x68,0x08,0x00,
	0x00,0x00,0x00,0x01,0x28,0x68,0x08,0x00,0x60,0xf8,0x05,0x00,0x00,0x00,0x00,0x01,
	0x60,0xfc,0x05,0x00,0x28,0x68,0x08,0x00,0x04,0x00,0x01,0x04,0x00,0x00,0x00,0x80,
	0x28,0x68,0x08,0x00,0x05,0x00,0x01,0x04,0x03,0x00,0x00,0x00,0x28,0x68,0x08,0x00,
	0x00,0x00,0x00,0x01,0x28,0x68,0x08,0x00,0x60,0xfc,0x05,0x00,0x05,0x00,0x01,0x04,
	0x10,0x00,0x00,0x00,0x04,0x55,0x04,0x00,0x00,0x00,0x01,0x01,0x03,0x00,0x00,0x00,
	0x00,0x55,0x04,0x00,0x04,0x00,0x01,0x04,0xef,0xfd,0xff,0xff,0x04,0x55,0x04,0x00,
	0x00,0x00,0x00,0x01,0x9c,0x55,0x04,0x00,0xb4,0x00,0x08,0x00,0x00,0x00,0x01,0x03,
	0x20,0x4e,0xa4,0x4e,0x01,0x00,0x01,0x04,0x01,0x00,0x00,0x00,0xfc,0x00,0x08,0x00,
	0x00,0x00,0x01,0x01,0x0a,0x00,0x00,0x00,0x90,0xf0,0x08,0x00,0x00,0x15,0x03,0x05,
	0x00,0x00,0x00,0x01,0x40,0x08,0x06,0x00,0xf0,0x68,0x08,0x00,0x04,0x00,0x01,0x04,
	0x00,0x00,0x00,0xe0,0xf0,0x68,0x08,0x00,0x00,0x00,0x01,0x04,0x00,0x00,0x00,0x40,
	0xf0,0x68,0x08,0x00,0x00,0x08,0x01,0x02,0xf4,0x38,0x10,0x39,0x00,0x00,0x01,0x02,
	0x54,0x3b,0x58,0x3b,0x00,0x00,0x01,0x04,0x14,0x00,0x00,0x00,0xfc,0x00,0x08,0x00,
	0x00,0x08,0x01,0x02,0x54,0x3b,0x58,0x3b,0x00,0x00,0x01,0x02,0xa4,0x38,0xf4,0x38,
	0x00,0x00,0x01,0x04,0x01,0x00,0x00,0x00,0xa4,0x68,0x08,0x00,0x00,0x08,0x01,0x02,
	0x90,0x39,0xe0,0x39,0x01,0x00,0x01,0x04,0x01,0x00,0x00,0x00,0xf8,0x00,0x08,0x00,
	0x00,0x00,0x01,0x01,0x0a,0x00,0x00,0x00,0x90,0xf0,0x08,0x00,0x00,0x15,0x03,0x05,
	0x00,0x00,0x00,0x01,0x40,0x09,0x06,0x00,0xf0,0x68,0x08,0x00,0x04,0x00,0x01,0x04,
	0x00,0x00,0x00,0xf0,0xf0,0x68,0x08,0x00,0x00,0x00,0x01,0x04,0x00,0x00,0x00,0x80,
	0xf0,0x68,0x08,0x00,0x00,0x08,0x01,0x02,0x74,0x39,0x90,0x39,0x00,0x00,0x01,0x02,
	0x54,0x3b,0x58,0x3b,0x00,0x00,0x01,0x04,0x14,0x00,0x00,0x00,0xf8,0x00,0x08,0x00,
	0x00,0x08,0x01,0x02,0x54,0x3b,0x58,0x3b,0x00,0x00,0x01,0x02,0x10,0x39,0x74,0x39,
	0x01,0x00,0x01,0x04,0x01,0x00,0x00,0x00,0xf8,0x00,0x08,0x00,0x00,0x00,0x01,0x01,
	0x0a,0x00,0x00,0x00,0x90,0xf0,0x08,0x00,0x00,0x15,0x03,0x05,0x00,0x00,0x00,0x01,
	0x40,0x09,0x06,0x00,0xf0,0x68,0x08,0x00,0x04,0x00,0x01,0x04,0x00,0x00,0x00,0xf0,
	0xf0,0x68,0x08,0x00,0x00,0x00,0x01,0x04,0x00,0x00,0x00,0x30,0xf0,0x68,0x08,0x00,
	0x00,0x08,0x01,0x02,0xe0,0x39,0xfc,0x39,0x00,0x00,0x01,0x02,0x54,0x3b,0x58,0x3b,
	0x00,0x00,0x01,0x04,0x14,0x00,0x00,0x00,0xf8,0x00,0x08,0x00,0x00,0x08,0x01,0x02,
	0x54,0x3b,0x58,0x3b,0x00,0x00,0x01,0x02,0x90,0x39,0xe0,0x39,0x01,0x00,0x01,0x04,
	0x01,0x00,0x00,0x00,0xc0,0x00,0x08,0x00,0x00,0x00,0x01,0x01,0x0a,0x00,0x00,0x00,
	0x90,0xf0,0x08,0x00,0x00,0x15,0x03,0x05,0x00,0x00,0x00,0x01,0x40,0x18,0x06,0x00,
	0xf0,0x68,0x08,0x00,0x04,0x00,0x01,0x04,0x00,0x00,0x00,0xe0,0xf0,0x68,0x08,0x00,
	0x00,0x00,0x01,0x04,0x00,0x00,0x00,0x40,0xf0,0x68,0x08,0x00,0x00,0x08,0x01,0x02,
	0x4c,0x3a,0x68,0x3a,0x00,0x00,0x01,0x02,0x54,0x3b,0x58,0x3b,0x00,0x00,0x01,0x04,
	0x14,0x00,0x00,0x00,0xc0,0x00,0x08,0x00,0x00,0x08,0x01,0x02,0x54,0x3b,0x58,0x3b,
	0x00,0x00,0x01,0x02,0xfc,0x39,0x4c,0x3a,0x00,0x00,0x01,0x04,0x01,0x00,0x00,0x00,
	0xa4,0x68,0x08,0x00,0x00,0x08,0x01,0x02,0xe8,0x3a,0x38,0x3b,0x01,0x00,0x01,0x04,
	0x01,0x00,0x00,0x00,0xbc,0x00,0x08,0x00,0x00,0x00,0x01,0x01,0x0a,0x00,0x00,0x00,
	0x90,0xf0,0x08,0x00,0x00,0x15,0x03,0x05,0x00,0x00,0x00,0x01,0x40,0x19,0x06,0x00,
	0xf0,0x68,0x08,0x00,0x04,0x00,0x01,0x04,0x00,0x00,0x00,0xf0,0xf0,0x68,0x08,0x00,
	0x00,0x00,0x01,0x04,0x00,0x00,0x00,0x80,0xf0,0x68,0x08,0x00,0x00,0x08,0x01,0x02,
	0xcc,0x3a,0xe8,0x3a,0x00,0x00,0x01,0x02,0x54,0x3b,0x58,0x3b,0x00,0x00,0x01,0x04,
	0x14,0x00,0x00,0x00,0xbc,0x00,0x08,0x00,0x00,0x08,0x01,0x02,0x54,0x3b,0x58,0x3b,
	0x00,0x00,0x01,0x02,0x68,0x3a,0xcc,0x3a,0x01,0x00,0x01,0x04,0x01,0x00,0x00,0x00,
	0xbc,0x00,0x08,0x00,0x00,0x00,0x01,0x01,0x0a,0x00,0x00,0x00,0x90,0xf0,0x08,0x00,
	0x00,0x15,0x03,0x05,0x00,0x00,0x00,0x01,0x40,0x19,0x06,0x00,0xf0,0x68,0x08,0x00,
	0x04,0x00,0x01,0x04,0x00,0x00,0x00,0xf0,0xf0,0x68,0x08,0x00,0x00,0x00,0x01,0x04,
	0x00,0x00,0x00,0x30,0xf0,0x68,0x08,0x00,0x00,0x08,0x01,0x02,0x38,0x3b,0x54,0x3b,
	0x00,0x00,0x01,0x02,0x54,0x3b,0x58,0x3b,0x00,0x00,0x01,0x04,0x14,0x00,0x00,0x00,
	0xbc,0x00,0x08,0x00,0x00,0x08,0x01,0x02,0x54,0x3b,0x58,0x3b,0x00,0x00,0x01,0x02,
	0xe8,0x3a,0x38,0x3b,0x00,0x00,0x00,0x00,0x00,0x00,0x00,0x01,0xe0,0x6d,0x08,0x00,
	0x78,0x40,0x04,0x00,0x00,0x00,0x00,0x01,0xdc,0x6d,0x08,0x00,0x7c,0x40,0x04,0x00,
	0x00,0x00,0x00,0x01,0xd8,0x6d,0x08,0x00,0x00,0xf0,0x06,0x00,0x00,0x00,0x00,0x01,
	0xd4,0x6d,0x08,0x00,0x04,0xf0,0x06,0x00,0x00,0x00,0x00,0x01,0xd0,0x6d,0x08,0x00,
	0x08,0xf0,0x06,0x00,0x00,0x00,0x00,0x01,0xcc,0x6d,0x08,0x00,0x0c,0xf0,0x06,0x00,
	0x00,0x00,0x00,0x01,0xc8,0x6d,0x08,0x00,0x10,0xf0,0x06,0x00,0x00,0x00,0x00,0x01,
	0xc4,0x6d,0x08,0x00,0x14,0xf0,0x06,0x00,0x00,0x00,0x00,0x01,0xc0,0x6d,0x08,0x00,
	0x40,0xf0,0x06,0x00,0x00,0x00,0x00,0x01,0xbc,0x6d,0x08,0x00,0x44,0xf0,0x06,0x00,
	0x00,0x00,0x00,0x01,0xb8,0x6d,0x08,0x00,0x7c,0xf0,0x06,0x00,0x00,0x00,0x00,0x01,
	0xb4,0x6d,0x08,0x00,0x90,0xfa,0x06,0x00,0x00,0x00,0x00,0x01,0xb0,0x6d,0x08,0x00,
	0x50,0xf0,0x07,0x00,0x00,0x00,0x00,0x01,0xac,0x6d,0x08,0x00,0x88,0xfa,0x06,0x00,
	0x00,0x00,0x01,0x04,0x01,0x00,0x00,0x00,0xa4,0x68,0x08,0x00,0x00,0x08,0x00,0x03,
	0x58,0x3b,0x00,0x3c,0x00,0x00,0x00,0x01,0x7c,0x6f,0x08,0x00,0x40,0x09,0x06,0x00,
	0x00,0x00,0x00,0x01,0x78,0x6f,0x08,0x00,0x40,0x19,0x06,0x00,0x00,0x00,0x01,0x04,
	0x01,0x00,0x00,0x00,0xa0,0x68,0x08,0x00,0x00,0x08,0x01,0x02,0x54,0x3b,0x58,0x3b,
	0x00,0x00,0x01,0x01,0x00,0x00,0x00,0x00,0xbc,0x68,0x08,0x00,0x00,0x00,0x01,0x01,
	0x00,0x00,0x00,0x00,0xf0,0x68,0x08,0x00,0x00,0x00,0x00,0x01,0x54,0x6e,0x08,0x00,
	0xec,0x68,0x08,0x00,0x00,0x00,0x01,0x01,0x00,0x40,0x06,0x00,0xf8,0x68,0x08,0x00,
	0x00,0x00,0x00,0x01,0x54,0x6e,0x08,0x00,0x0c,0x69,0x08,0x00,0x04,0x00,0x01,0x04,
	0x00,0x00,0x00,0x80,0x0c,0x69,0x08,0x00,0x00,0x00,0x01,0x04,0x00,0x00,0x00,0x80,
	0x0c,0x69,0x08,0x00,0x00,0x08,0x01,0x03,0x8c,0x3d,0xc4,0x3d,0x07,0x00,0x00,0x04,
	0xbc,0x68,0x08,0x00,0x00,0x00,0x00,0x01,0x50,0x6e,0x08,0x00,0xec,0x68,0x08,0x00,
	0x00,0x00,0x01,0x01,0x00,0x41,0x06,0x00,0xf8,0x68,0x08,0x00,0x00,0x00,0x00,0x01,
	0x50,0x6e,0x08,0x00,0x08,0x69,0x08,0x00,0x04,0x00,0x01,0x04,0x00,0x00,0x00,0x80,
	0x08,0x69,0x08,0x00,0x00,0x00,0x01,0x04,0x00,0x00,0x00,0x80,0x08,0x69,0x08,0x00,
	0x00,0x08,0x01,0x03,0x8c,0x3d,0xc4,0x3d,0x07,0x00,0x00,0x04,0xbc,0x68,0x08,0x00,
	0x00,0x00,0x00,0x01,0x4c,0x6e,0x08,0x00,0xec,0x68,0x08,0x00,0x00,0x00,0x01,0x01,
	0x08,0x00,0x07,0x00,0xf8,0x68,0x08,0x00,0x00,0x00,0x00,0x01,0x4c,0x6e,0x08,0x00,
	0x00,0x69,0x08,0x00,0x04,0x00,0x01,0x04,0x00,0x00,0x00,0x80,0x00,0x69,0x08,0x00,
	0x00,0x00,0x01,0x04,0x00,0x00,0x00,0x80,0x00,0x69,0x08,0x00,0x00,0x08,0x01,0x03,
	0x8c,0x3d,0xc4,0x3d,0x07,0x00,0x00,0x04,0xbc,0x68,0x08,0x00,0x00,0x00,0x00,0x01,
	0x48,0x6e,0x08,0x00,0xec,0x68,0x08,0x00,0x00,0x00,0x01,0x01,0x08,0x10,0x07,0x00,
	0xf8,0x68,0x08,0x00,0x00,0x00,0x00,0x01,0x48,0x6e,0x08,0x00,0xfc,0x68,0x08,0x00,
	0x04,0x00,0x01,0x04,0x00,0x00,0x00,0x80,0xfc,0x68,0x08,0x00,0x00,0x00,0x01,0x04,
	0x00,0x00,0x00,0x80,0xfc,0x68,0x08,0x00,0x00,0x08,0x01,0x03,0xc4,0x3d,0x9c,0x3e,
	0x00,0x00,0x01,0x01,0x01,0x00,0x00,0x00,0xa0,0x68,0x08,0x00,0x00,0x00,0x01,0x04,
	0x00,0x00,0x00,0x00,0xf0,0x68,0x08,0x00,0x00,0x08,0x01,0x03,0x9c,0x3e,0x5c,0x3f,
	0x04,0x00,0x01,0x04,0xff,0xff,0xff,0x7f,0xec,0x68,0x08,0x00,0x00,0x00,0x04,0x01,
	0xec,0x68,0x08,0x00,0xf8,0x68,0x08,0x00,0x05,0x00,0x01,0x04,0x01,0x00,0x00,0x00,
	0xbc,0x68,0x08,0x00,0x00,0x00,0x00,0x01,0x90,0x6e,0x08,0x00,0x44,0x10,0x06,0x00,
	0x00,0x00,0x00,0x01,0x8c,0x6e,0x08,0x00,0x00,0x14,0x06,0x00,0x00,0x00,0x00,0x01,
	0x88,0x6e,0x08,0x00,0x04,0x14,0x06,0x00,0x00,0x00,0x00,0x01,0x84,0x6e,0x08,0x00,
	0x00,0x12,0x06,0x00,0x00,0x00,0x00,0x01,0x80,0x6e,0x08,0x00,0x20,0x10,0x07,0x00,
	0x00,0x00,0x00,0x01,0x7c,0x6e,0x08,0x00,0x24,0x14,0x06,0x00,0x00,0x00,0x00,0x01,
	0x78,0x6e,0x08,0x00,0x30,0x14,0x06,0x00,0x00,0x00,0x00,0x01,0x74,0x6e,0x08,0x00,
	0x34,0x14,0x06,0x00,0x00,0x00,0x00,0x01,0x70,0x6e,0x08,0x00,0x38,0x14,0x06,0x00,
	0x00,0x00,0x00,0x01,0x6c,0x6e,0x08,0x00,0x00,0x18,0x06,0x00,0x00,0x00,0x00,0x01,
	0x68,0x6e,0x08,0x00,0x60,0x18,0x06,0x00,0x00,0x00,0x00,0x01,0x64,0x6e,0x08,0x00,
	0x00,0x19,0x06,0x00,0x00,0x00,0x00,0x01,0x60,0x6e,0x08,0x00,0x44,0x18,0x06,0x00,
	0x00,0x00,0x00,0x01,0x5c,0x6e,0x08,0x00,0x40,0x15,0x06,0x00,0x00,0x00,0x00,0x01,
	0x58,0x6e,0x08,0x00,0xf0,0x15,0x06,0x00,0x04,0x00,0x01,0x04,0xff,0xff,0xff,0x7f,
	0xec,0x68,0x08,0x00,0x00,0x00,0x04,0x01,0xec,0x68,0x08,0x00,0xf8,0x68,0x08,0x00,
	0x05,0x00,0x01,0x04,0x01,0x00,0x00,0x00,0xbc,0x68,0x08,0x00,0x00,0x00,0x01,0x01,
	0x01,0x00,0x00,0x00,0xf0,0x68,0x08,0x00,0x00,0x00,0x00,0x01,0xcc,0x6e,0x08,0x00,
	0x44,0x00,0x06,0x00,0x00,0x00,0x00,0x01,0xc8,0x6e,0x08,0x00,0x00,0x04,0x06,0x00,
	0x00,0x00,0x00,0x01,0xc4,0x6e,0x08,0x00,0x04,0x04,0x06,0x00,0x00,0x00,0x00,0x01,
	0xc0,0x6e,0x08,0x00,0x00,0x02,0x06,0x00,0x00,0x00,0x00,0x01,0xbc,0x6e,0x08,0x00,
	0x20,0x00,0x07,0x00,0x00,0x00,0x00,0x01,0xb8,0x6e,0x08,0x00,0x24,0x04,0x06,0x00,
	0x00,0x00,0x00,0x01,0xb4,0x6e,0x08,0x00,0x30,0x04,0x06,0x00,0x00,0x00,0x00,0x01,
	0xb0,0x6e,0x08,0x00,0x34,0x04,0x06,0x00,0x00,0x00,0x00,0x01,0xac,0x6e,0x08,0x00,
	0x38,0x04,0x06,0x00,0x00,0x00,0x00,0x01,0xa8,0x6e,0x08,0x00,0x00,0x08,0x06,0x00,
	0x00,0x00,0x00,0x01,0xa4,0x6e,0x08,0x00,0x60,0x08,0x06,0x00,0x00,0x00,0x00,0x01,
	0xa0,0x6e,0x08,0x00,0x00,0x09,0x06,0x00,0x00,0x00,0x00,0x01,0x9c,0x6e,0x08,0x00,
	0x44,0x08,0x06,0x00,0x00,0x00,0x00,0x01,0x98,0x6e,0x08,0x00,0x40,0x05,0x06,0x00,
	0x00,0x00,0x00,0x01,0x94,0x6e,0x08,0x00,0xf0,0x05,0x06,0x00,0x00,0x00,0x01,0x01,
	0x06,0x00,0x00,0x00,0x90,0xf0,0x08,0x00,0x00,0x15,0x03,0x05,0x00,0x00,0x01,0x01,
	0x00,0x40,0x06,0x00,0xf8,0x68,0x08,0x00,0x00,0x00,0x00,0x01,0x54,0x6e,0x08,0x00,
	0xec,0x68,0x08,0x00,0x00,0x00,0x00,0x01,0xbc,0x68,0x08,0x00,0xf0,0x68,0x08,0x00,
	0x04,0x00,0x01,0x04,0x08,0x00,0x00,0x00,0xf0,0x68,0x08,0x00,0x00,0x00,0x01,0x04,
	0x08,0x00,0x00,0x00,0xf0,0x68,0x08,0x00,0x00,0x08,0x01,0x03,0x7c,0x40,0x88,0x40,
	0x00,0x00,0x01,0x01,0x00,0x41,0x06,0x00,0xf8,0x68,0x08,0x00,0x00,0x00,0x00,0x01,
	0x50,0x6e,0x08,0x00,0xec,0x68,0x08,0x00,0x00,0x00,0x00,0x01,0xbc,0x68,0x08,0x00,
	0xf0,0x68,0x08,0x00,0x04,0x00,0x01,0x04,0x04,0x00,0x00,0x00,0xf0,0x68,0x08,0x00,
	0x00,0x00,0x01,0x04,0x04,0x00,0x00,0x00,0xf0,0x68,0x08,0x00,0x00,0x08,0x01,0x03,
	0x7c,0x40,0x88,0x40,0x00,0x00,0x01,0x01,0x08,0x00,0x07,0x00,0xf8,0x68,0x08,0x00,
	0x00,0x00,0x00,0x01,0x4c,0x6e,0x08,0x00,0xec,0x68,0x08,0x00,0x00,0x00,0x00,0x01,
	0xbc,0x68,0x08,0x00,0xf0,0x68,0x08,0x00,0x04,0x00,0x01,0x04,0x02,0x00,0x00,0x00,
	0xf0,0x68,0x08,0x00,0x00,0x00,0x01,0x04,0x02,0x00,0x00,0x00,0xf0,0x68,0x08,0x00,
	0x00,0x08,0x01,0x03,0x7c,0x40,0x88,0x40,0x00,0x00,0x01,0x01,0x08,0x10,0x07,0x00,
	0xf8,0x68,0x08,0x00,0x00,0x00,0x00,0x01,0x48,0x6e,0x08,0x00,0xec,0x68,0x08,0x00,
	0x00,0x00,0x00,0x01,0xbc,0x68,0x08,0x00,0xf0,0x68,0x08,0x00,0x04,0x00,0x01,0x04,
	0x01,0x00,0x00,0x00,0xf0,0x68,0x08,0x00,0x00,0x00,0x01,0x04,0x01,0x00,0x00,0x00,
	0xf0,0x68,0x08,0x00,0x00,0x08,0x01,0x03,0x7c,0x40,0x88,0x40,0x00,0x00,0x04,0x01,
	0xec,0x68,0x08,0x00,0xf8,0x68,0x08,0x00,0x00,0x00,0x00,0x01,0x6c,0x6f,0x08,0x00,
	0x74,0xf0,0x05,0x00,0x03,0x00,0x00,0x01,0x5c,0x6f,0x08,0x00,0x04,0xf0,0x05,0x00,
	0x03,0x00,0x00,0x01,0x4c,0x6f,0x08,0x00,0x34,0xf0,0x05,0x00,0x00,0x00,0x00,0x01,
	0x48,0x6f,0x08,0x00,0x40,0xf1,0x05,0x00,0x01,0x00,0x00,0x01,0x40,0x6f,0x08,0x00,
	0x38,0xf1,0x05,0x00,0x01,0x00,0x00,0x01,0x38,0x6f,0x08,0x00,0x20,0xf1,0x05,0x00,
	0x00,0x00,0x00,0x01,0x34,0x6f,0x08,0x00,0x1c,0xf1,0x05,0x00,0x00,0x00,0x00,0x01,
	0x30,0x6f,0x08,0x00,0x80,0xf0,0x05,0x00,0x00,0x00,0x00,0x01,0x2c,0x6f,0x08,0x00,
	0x10,0xf1,0x05,0x00,0x02,0x00,0x00,0x01,0x20,0x6f,0x08,0x00,0x00,0xf3,0x05,0x00,
	0x00,0x00,0x00,0x01,0x1c,0x6f,0x08,0x00,0x74,0xf4,0x05,0x00,0x03,0x00,0x00,0x01,
	0x0c,0x6f,0x08,0x00,0x04,0xf4,0x05,0x00,0x03,0x00,0x00,0x01,0xfc,0x6e,0x08,0x00,
	0x34,0xf4,0x05,0x00,0x00,0x00,0x00,0x01,0xf8,0x6e,0x08,0x00,0x40,0xf5,0x05,0x00,
	0x01,0x00,0x00,0x01,0xf0,0x6e,0x08,0x00,0x38,0xf5,0x05,0x00,0x01,0x00,0x00,0x01,
	0xe8,0x6e,0x08,0x00,0x20,0xf5,0x05,0x00,0x00,0x00,0x00,0x01,0xe4,0x6e,0x08,0x00,
	0x1c,0xf5,0x05,0x00,0x00,0x00,0x00,0x01,0xe0,0x6e,0x08,0x00,0x80,0xf4,0x05,0x00,
	0x00,0x00,0x00,0x01,0xdc,0x6e,0x08,0x00,0x10,0xf5,0x05,0x00,0x02,0x00,0x00,0x01,
	0xd0,0x6e,0x08,0x00,0x00,0xf7,0x05,0x00,0x05,0x00,0x01,0x04,0x10,0x00,0x00,0x00,
	0x20,0x6e,0x08,0x00,0x00,0x00,0x01,0x04,0x01,0x00,0x00,0x00,0xe0,0x00,0x08,0x00,
	0x00,0x08,0x01,0x03,0x98,0x41,0x60,0x46,0x05,0x00,0x01,0x04,0x02,0x00,0x00,0x00,
	0x00,0xf2,0x08,0x00,0x01,0x00,0x00,0x01,0xa4,0x6d,0x08,0x00,0x00,0x10,0x04,0x00,
	0x00,0x00,0x00,0x01,0xa0,0x6d,0x08,0x00,0x60,0x20,0x04,0x00,0x04,0x00,0x00,0x01,
	0x8c,0x6d,0x08,0x00,0x80,0x20,0x04,0x00,0x04,0x00,0x00,0x01,0x78,0x6d,0x08,0x00,
	0xb8,0x20,0x04,0x00,0x02,0x00,0x00,0x01,0x64,0x6d,0x08,0x00,0xd8,0x20,0x04,0x00,
	0x00,0x00,0x00,0x01,0x60,0x6d,0x08,0x00,0x00,0x23,0x04,0x00,0x00,0x00,0x00,0x01,
	0x5c,0x6d,0x08,0x00,0x0c,0x23,0x04,0x00,0x03,0x00,0x00,0x01,0x44,0x6d,0x08,0x00,
	0x40,0x40,0x04,0x00,0x00,0x00,0x00,0x01,0x40,0x6d,0x08,0x00,0x58,0x40,0x04,0x00,
	0x01,0x00,0x00,0x01,0x38,0x6d,0x08,0x00,0x70,0x40,0x04,0x00,0x03,0x00,0x00,0x01,
	0x28,0x6d,0x08,0x00,0x10,0x42,0x04,0x00,0x07,0x00,0x00,0x01,0x08,0x6d,0x08,0x00,
	0x08,0x43,0x04,0x00,0x02,0x00,0x00,0x01,0xfc,0x6c,0x08,0x00,0x8c,0x43,0x04,0x00,
	0x00,0x00,0x00,0x01,0xf8,0x6c,0x08,0x00,0x64,0x44,0x04,0x00,0x00,0x00,0x00,0x01,
	0xf4,0x6c,0x08,0x00,0x6c,0x44,0x04,0x00,0x00,0x00,0x00,0x01,0xe8,0x6c,0x08,0x00,
	0x84,0x44,0x04,0x00,0x00,0x00,0x00,0x01,0xe4,0x6c,0x08,0x00,0x8c,0x44,0x04,0x00,
	0x00,0x00,0x00,0x01,0xe0,0x6c,0x08,0x00,0x00,0x45,0x04,0x00,0x00,0x00,0x00,0x01,
	0xdc,0x6c,0x08,0x00,0xe4,0x4f,0x04,0x00,0x02,0x00,0x00,0x01,0xd0,0x6c,0x08,0x00,
	0xec,0x4f,0x04,0x00,0x02,0x00,0x00,0x01,0xc4,0x6c,0x08,0x00,0xfc,0x4f,0x04,0x00,
	0x02,0x00,0x00,0x01,0xb8,0x6c,0x08,0x00,0x0c,0x50,0x04,0x00,0x02,0x00,0x00,0x01,
	0xac,0x6c,0x08,0x00,0x1c,0x50,0x04,0x00,0x00,0x00,0x00,0x01,0xa8,0x6c,0x08,0x00,
	0x30,0x50,0x04,0x00,0x04,0x00,0x00,0x01,0x94,0x6c,0x08,0x00,0x38,0x50,0x04,0x00,
	0x00,0x00,0x00,0x01,0x90,0x6c,0x08,0x00,0x5c,0x50,0x04,0x00,0x0a,0x00,0x00,0x01,
	0x64,0x6c,0x08,0x00,0x1c,0x52,0x04,0x00,0x00,0x00,0x00,0x01,0x60,0x6c,0x08,0x00,
	0x60,0x52,0x04,0x00,0x00,0x00,0x00,0x01,0x5c,0x6c,0x08,0x00,0x80,0x52,0x04,0x00,
	0x01,0x00,0x00,0x01,0x54,0x6c,0x08,0x00,0xa0,0x52,0x04,0x00,0x00,0x00,0x00,0x01,
	0x50,0x6c,0x08,0x00,0xb0,0x52,0x04,0x00,0x00,0x00,0x00,0x01,0x4c,0x6c,0x08,0x00,
	0xc0,0x52,0x04,0x00,0x00,0x00,0x00,0x01,0x48,0x6c,0x08,0x00,0x10,0x53,0x04,0x00,
	0x01,0x00,0x00,0x01,0x40,0x6c,0x08,0x00,0x18,0x54,0x04,0x00,0x00,0x00,0x00,0x01,
	0x3c,0x6c,0x08,0x00,0x30,0x54,0x04,0x00,0x00,0x00,0x00,0x01,0x38,0x6c,0x08,0x00,
	0x60,0x54,0x04,0x00,0x01,0x00,0x00,0x01,0x30,0x6c,0x08,0x00,0x70,0x54,0x04,0x00,
	0x00,0x00,0x00,0x01,0x2c,0x6c,0x08,0x00,0x10,0x55,0x04,0x00,0x00,0x00,0x00,0x01,
	0x28,0x6c,0x08,0x00,0x20,0x55,0x04,0x00,0x01,0x00,0x00,0x01,0x20,0x6c,0x08,0x00,
	0x50,0x55,0x04,0x00,0x00,0x00,0x00,0x01,0x1c,0x6c,0x08,0x00,0x5c,0x55,0x04,0x00,
	0x01,0x00,0x00,0x01,0x14,0x6c,0x08,0x00,0x88,0x55,0x04,0x00,0x01,0x00,0x00,0x01,
	0x0c,0x6c,0x08,0x00,0x94,0x55,0x04,0x00,0x01,0x00,0x00,0x01,0x04,0x6c,0x08,0x00,
	0xa0,0x56,0x04,0x00,0x00,0x00,0x00,0x01,0x00,0x6c,0x08,0x00,0x10,0x58,0x04,0x00,
	0x00,0x00,0x00,0x01,0xfc,0x6b,0x08,0x00,0x1c,0x58,0x04,0x00,0x00,0x00,0x00,0x01,
	0xf8,0x6b,0x08,0x00,0x08,0x60,0x04,0x00,0x00,0x00,0x00,0x01,0xf4,0x6b,0x08,0x00,
	0x20,0x60,0x04,0x00,0x07,0x00,0x00,0x01,0xd4,0x6b,0x08,0x00,0x34,0x60,0x04,0x00,
	0x05,0x00,0x00,0x01,0xbc,0x6b,0x08,0x00,0x0c,0x61,0x04,0x00,0x03,0x00,0x00,0x01,
	0xac,0x6b,0x08,0x00,0x40,0x61,0x04,0x00,0x00,0x00,0x00,0x01,0xa8,0x6b,0x08,0x00,
	0x08,0x64,0x04,0x00,0x02,0x00,0x00,0x01,0x9c,0x6b,0x08,0x00,0x30,0x64,0x04,0x00,
	0x00,0x00,0x00,0x01,0x98,0x6b,0x08,0x00,0x40,0x64,0x04,0x00,0x03,0x00,0x00,0x01,
	0x74,0x6b,0x08,0x00,0x28,0x65,0x04,0x00,0x03,0x00,0x00,0x01,0x88,0x6b,0x08,0x00,
	0x3c,0x65,0x04,0x00,0x03,0x00,0x00,0x01,0x5c,0x6b,0x08,0x00,0x54,0x65,0x04,0x00,
	0x01,0x00,0x00,0x01,0x54,0x6b,0x08,0x00,0x50,0x82,0x04,0x00,0x03,0x00,0x00,0x01,
	0x44,0x6b,0x08,0x00,0x00,0x84,0x04,0x00,0x00,0x00,0x00,0x01,0x40,0x6b,0x08,0x00,
	0x14,0x84,0x04,0x00,0x00,0x00,0x00,0x01,0x3c,0x6b,0x08,0x00,0x10,0xe0,0x04,0x00,
	0x04,0x00,0x00,0x01,0x28,0x6b,0x08,0x00,0x00,0x10,0x05,0x00,0x01,0x00,0x00,0x01,
	0x20,0x6b,0x08,0x00,0x80,0x10,0x05,0x00,0x02,0x00,0x00,0x01,0x14,0x6b,0x08,0x00,
	0x00,0x4c,0x06,0x00,0x04,0x00,0x00,0x01,0x00,0x6b,0x08,0x00,0x00,0x50,0x06,0x00,
	0x00,0x00,0x00,0x01,0xfc,0x6a,0x08,0x00,0x28,0x50,0x06,0x00,0x00,0x00,0x00,0x01,
	0xf8,0x6a,0x08,0x00,0x50,0x50,0x06,0x00,0x00,0x00,0x00,0x01,0xf4,0x6a,0x08,0x00,
	0x88,0x50,0x06,0x00,0x03,0x00,0x00,0x01,0xe4,0x6a,0x08,0x00,0xb4,0x50,0x06,0x00,
	0x00,0x00,0x00,0x01,0xe0,0x6a,0x08,0x00,0xd4,0x50,0x06,0x00,0x00,0x00,0x00,0x01,
	0xdc,0x6a,0x08,0x00,0xe0,0x50,0x06,0x00,0x04,0x00,0x00,0x01,0xc8,0x6a,0x08,0x00,
	0x00,0x51,0x06,0x00,0x00,0x00,0x00,0x01,0xc4,0x6a,0x08,0x00,0x28,0x51,0x06,0x00,
	0x00,0x00,0x00,0x01,0xc0,0x6a,0x08,0x00,0x50,0x51,0x06,0x00,0x02,0x00,0x00,0x01,
	0xb4,0x6a,0x08,0x00,0xb4,0x51,0x06,0x00,0x00,0x00,0x00,0x01,0xb0,0x6a,0x08,0x00,
	0xe0,0x51,0x06,0x00,0x04,0x00,0x00,0x01,0x9c,0x6a,0x08,0x00,0x00,0x52,0x06,0x00,
	0x00,0x00,0x00,0x01,0x98,0x6a,0x08,0x00,0x28,0x52,0x06,0x00,0x00,0x00,0x00,0x01,
	0x94,0x6a,0x08,0x00,0x50,0x52,0x06,0x00,0x02,0x00,0x00,0x01,0x88,0x6a,0x08,0x00,
	0xb4,0x52,0x06,0x00,0x00,0x00,0x00,0x01,0x84,0x6a,0x08,0x00,0xe0,0x52,0x06,0x00,
	0x04,0x00,0x00,0x01,0x70,0x6a,0x08,0x00,0x00,0x53,0x06,0x00,0x00,0x00,0x00,0x01,
	0x6c,0x6a,0x08,0x00,0x28,0x53,0x06,0x00,0x00,0x00,0x00,0x01,0x68,0x6a,0x08,0x00,
	0x50,0x53,0x06,0x00,0x02,0x00,0x00,0x01,0x5c,0x6a,0x08,0x00,0xb4,0x53,0x06,0x00,
	0x00,0x00,0x00,0x01,0x58,0x6a,0x08,0x00,0xe0,0x53,0x06,0x00,0x00,0x00,0x00,0x01,
	0x54,0x6a,0x08,0x00,0x00,0x59,0x06,0x00,0x05,0x00,0x00,0x01,0x3c,0x6a,0x08,0x00,
	0x00,0x5e,0x06,0x00,0x02,0x00,0x00,0x01,0x30,0x6a,0x08,0x00,0x20,0x5e,0x06,0x00,
	0x01,0x00,0x00,0x01,0x28,0x6a,0x08,0x00,0xa0,0x5e,0x06,0x00,0x01,0x00,0x00,0x01,
	0x20,0x6a,0x08,0x00,0xf0,0x5e,0x06,0x00,0x00,0x00,0x00,0x01,0x1c,0x6a,0x08,0x00,
	0x00,0x5f,0x06,0x00,0x01,0x00,0x00,0x01,0x10,0x6a,0x08,0x00,0x08,0x5f,0x06,0x00,
	0x00,0x00,0x00,0x01,0x18,0x6a,0x08,0x00,0x10,0x5f,0x06,0x00,0x00,0x00,0x00,0x01,
	0x0c,0x6a,0x08,0x00,0x1c,0x5f,0x06,0x00,0x00,0x00,0x00,0x01,0x08,0x6a,0x08,0x00,
	0x00,0x14,0x10,0x00,0x00,0x00,0x00,0x01,0x04,0x6a,0x08,0x00,0x08,0x14,0x10,0x00,
	0x06,0x00,0x00,0x01,0xe8,0x69,0x08,0x00,0x18,0x14,0x10,0x00,0x07,0x00,0x00,0x01,
	0xc8,0x69,0x08,0x00,0xa0,0x14,0x10,0x00,0x07,0x00,0x00,0x01,0xa8,0x69,0x08,0x00,
	0x04,0x15,0x10,0x00,0x04,0x00,0x01,0x04,0xfd,0xff,0xff,0xff,0x00,0xf2,0x08,0x00,
	0x00,0x00,0x00,0x00,0x04,0x00,0x01,0x04,0xf5,0xd7,0xff,0xff,0x00,0x54,0x04,0x00,
	0x04,0x00,0x01,0x04,0xf5,0xd7,0xff,0xff,0x04,0x54,0x04,0x00,0x04,0x00,0x01,0x04,
	0xf5,0xd7,0xff,0xff,0x0c,0x54,0x04,0x00,0x00,0x00,0x01,0x01,0x10,0x00,0x00,0x00,
	0x8c,0xf0,0x08,0x00,0x00,0x14,0x03,0x05,0x00,0x00,0x01,0x01,0x01,0x00,0x00,0x00,
	0x04,0x01,0x08,0x00,0x00,0x00,0x01,0x03,0xb4,0x1c,0x74,0x1d,0x00,0x00,0x01,0x01,
	0x05,0x00,0x00,0x00,0x00,0x55,0x04,0x00,0x00,0x00,0x00,0x01,0x04,0x55,0x04,0x00,
	0xb4,0x68,0x08,0x00,0x04,0x00,0x01,0x04,0x00,0x04,0x00,0x00,0xb4,0x68,0x08,0x00,
	0x00,0x00,0x01,0x04,0x00,0x04,0x00,0x00,0xb4,0x68,0x08,0x00,0x00,0x08,0x01,0x02,
	0x74,0x1d,0xb8,0x1e,0x00,0x00,0x01,0x01,0x74,0x1d,0xb8,0x1e,0xe4,0xf0,0x08,0x00,
	0x00,0x00,0x01,0x01,0x01,0x00,0x00,0x00,0xe0,0x00,0x08,0x00,0x05,0x00,0x01,0x04,
	0x00,0x00,0x00,0x80,0x60,0xf0,0x05,0x00,0x05,0x00,0x01,0x04,0x00,0x00,0x00,0x80,
	0x60,0xf4,0x05,0x00,0x05,0x00,0x01,0x04,0x00,0x00,0x00,0x80,0x60,0xf8,0x05,0x00,
	0x05,0x00,0x01,0x04,0x00,0x00,0x00,0x80,0x60,0xfc,0x05,0x00,0x00,0x00,0x00,0x01,
	0x44,0x44,0x04,0x00,0x78,0x69,0x08,0x00,0x00,0x00,0x00,0x01,0x4c,0x44,0x04,0x00,
	0x74,0x69,0x08,0x00,0x00,0x00,0x00,0x01,0x00,0x42,0x04,0x00,0x70,0x69,0x08,0x00,
	0x00,0x00,0x01,0x01,0x38,0x22,0x0c,0x23,0x10,0x55,0x04,0x00,0x00,0x00,0x01,0x01,
	0x04,0x1c,0xb4,0x1c,0xe4,0xf0,0x08,0x00,0x00,0x00,0x00,0x01,0x04,0x55,0x04,0x00,
	0xb4,0x68,0x08,0x00,0x04,0x00,0x01,0x04,0x03,0x00,0x00,0x00,0xb4,0x68,0x08,0x00,
	0x00,0x00,0x01,0x04,0x03,0x00,0x00,0x00,0xb4,0x68,0x08,0x00,0x00,0x08,0x01,0x02,
	0x5c,0x49,0x24,0x4b,0x01,0x00,0x01,0x04,0x01,0x00,0x00,0x00,0xac,0x00,0x08,0x00,
	0x01,0x00,0x01,0x04,0x01,0x00,0x00,0x00,0x58,0xf0,0x08,0x00,0x00,0x00,0x00,0x01,
	0x58,0xf0,0x08,0x00,0x6c,0x69,0x08,0x00,0x00,0x00,0x00,0x01,0x70,0xf0,0x08,0x00,
	0x68,0x69,0x08,0x00,0x00,0x00,0x00,0x01,0x30,0xf1,0x05,0x00,0x64,0x69,0x08,0x00,
	0x00,0x00,0x00,0x01,0x28,0xf1,0x05,0x00,0x60,0x69,0x08,0x00,0x00,0x00,0x00,0x01,
	0x2c,0xf1,0x05,0x00,0x5c,0x69,0x08,0x00,0x00,0x00,0x00,0x01,0x30,0xf5,0x05,0x00,
	0x58,0x69,0x08,0x00,0x00,0x00,0x00,0x01,0x28,0xf5,0x05,0x00,0x54,0x69,0x08,0x00,
	0x00,0x00,0x00,0x01,0x2c,0xf5,0x05,0x00,0x50,0x69,0x08,0x00,0x00,0x00,0x00,0x01,
	0x78,0xf0,0x05,0x00,0x4c,0x69,0x08,0x00,0x00,0x00,0x00,0x01,0x78,0xf4,0x05,0x00,
	0x48,0x69,0x08,0x00,0x00,0x00,0x00,0x01,0x44,0x44,0x04,0x00,0x78,0x69,0x08,0x00,
	0x00,0x00,0x00,0x01,0x4c,0x44,0x04,0x00,0x74,0x69,0x08,0x00,0x00,0x00,0x00,0x01,
	0x00,0x42,0x04,0x00,0x70,0x69,0x08,0x00,0x00,0x00,0x00,0x01,0x60,0xf0,0x05,0x00,
	0x28,0x68,0x08,0x00,0x04,0x00,0x01,0x04,0x00,0x00,0x00,0x80,0x28,0x68,0x08,0x00,
	0x05,0x00,0x01,0x04,0x06,0x00,0x00,0x00,0x28,0x68,0x08,0x00,0x00,0x00,0x00,0x01,
	0x28,0x68,0x08,0x00,0x60,0xf0,0x05,0x00,0x00,0x00,0x00,0x01,0x60,0xf4,0x05,0x00,
	0x28,0x68,0x08,0x00,0x04,0x00,0x01,0x04,0x00,0x00,0x00,0x80,0x28,0x68,0x08,0x00,
	0x05,0x00,0x01,0x04,0x06,0x00,0x00,0x00,0x28,0x68,0x08,0x00,0x00,0x00,0x00,0x01,
	0x28,0x68,0x08,0x00,0x60,0xf4,0x05,0x00,0x00,0x00,0x00,0x01,0x60,0xf8,0x05,0x00,
	0x28,0x68,0x08,0x00,0x04,0x00,0x01,0x04,0x00,0x00,0x00,0x80,0x28,0x68,0x08,0x00,
	0x05,0x00,0x01,0x04,0x06,0x00,0x00,0x00,0x28,0x68,0x08,0x00,0x00,0x00,0x00,0x01,
	0x28,0x68,0x08,0x00,0x60,0xf8,0x05,0x00,0x00,0x00,0x00,0x01,0x60,0xfc,0x05,0x00,
	0x28,0x68,0x08,0x00,0x04,0x00,0x01,0x04,0x00,0x00,0x00,0x80,0x28,0x68,0x08,0x00,
	0x05,0x00,0x01,0x04,0x06,0x00,0x00,0x00,0x28,0x68,0x08,0x00,0x00,0x00,0x00,0x01,
	0x28,0x68,0x08,0x00,0x60,0xfc,0x05,0x00,0x00,0x00,0x00,0x01,0x60,0xf0,0x05,0x00,
	0x44,0x69,0x08,0x00,0x00,0x00,0x00,0x01,0x60,0xf4,0x05,0x00,0x40,0x69,0x08,0x00,
	0x00,0x00,0x00,0x01,0x60,0xf8,0x05,0x00,0x3c,0x69,0x08,0x00,0x00,0x00,0x00,0x01,
	0x60,0xfc,0x05,0x00,0x38,0x69,0x08,0x00,0x05,0x00,0x01,0x04,0x10,0x00,0x00,0x00,
	0x04,0x55,0x04,0x00,0x00,0x00,0x01,0x01,0x06,0x00,0x00,0x00,0x00,0x55,0x04,0x00,
	0x04,0x00,0x01,0x04,0xef,0xff,0xff,0xff,0x04,0x55,0x04,0x00,0x01,0x00,0x01,0x04,
	0x01,0x00,0x00,0x00,0xa8,0x00,0x08,0x00,0x01,0x00,0x01,0x04,0x01,0x00,0x00,0x00,
	0x70,0xf0,0x08,0x00,0x00,0x00,0x00,0x01,0x58,0xf0,0x08,0x00,0x6c,0x69,0x08,0x00,
	0x00,0x00,0x00,0x01,0x70,0xf0,0x08,0x00,0x68,0x69,0x08,0x00,0x00,0x00,0x00,0x01,
	0x30,0xf1,0x05,0x00,0x64,0x69,0x08,0x00,0x00,0x00,0x00,0x01,0x28,0xf1,0x05,0x00,
	0x60,0x69,0x08,0x00,0x00,0x00,0x00,0x01,0x2c,0xf1,0x05,0x00,0x5c,0x69,0x08,0x00,
	0x00,0x00,0x00,0x01,0x30,0xf5,0x05,0x00,0x58,0x69,0x08,0x00,0x00,0x00,0x00,0x01,
	0x28,0xf5,0x05,0x00,0x54,0x69,0x08,0x00,0x00,0x00,0x00,0x01,0x2c,0xf5,0x05,0x00,
	0x50,0x69,0x08,0x00,0x00,0x00,0x00,0x01,0x78,0xf0,0x05,0x00,0x4c,0x69,0x08,0x00,
	0x00,0x00,0x00,0x01,0x78,0xf4,0x05,0x00,0x48,0x69,0x08,0x00,0x00,0x00,0x00,0x01,
	0x44,0x44,0x04,0x00,0x78,0x69,0x08,0x00,0x00,0x00,0x00,0x01,0x4c,0x44,0x04,0x00,
	0x74,0x69,0x08,0x00,0x00,0x00,0x00,0x01,0x00,0x42,0x04,0x00,0x70,0x69,0x08,0x00,
	0x00,0x00,0x00,0x01,0x60,0xf0,0x05,0x00,0x28,0x68,0x08,0x00,0x04,0x00,0x01,0x04,
	0x00,0x00,0x00,0x80,0x28,0x68,0x08,0x00,0x05,0x00,0x01,0x04,0x08,0x00,0x00,0x00,
	0x28,0x68,0x08,0x00,0x00,0x00,0x00,0x01,0x28,0x68,0x08,0x00,0x60,0xf0,0x05,0x00,
	0x00,0x00,0x00,0x01,0x60,0xf4,0x05,0x00,0x28,0x68,0x08,0x00,0x04,0x00,0x01,0x04,
	0x00,0x00,0x00,0x80,0x28,0x68,0x08,0x00,0x05,0x00,0x01,0x04,0x08,0x00,0x00,0x00,
	0x28,0x68,0x08,0x00,0x00,0x00,0x00,0x01,0x28,0x68,0x08,0x00,0x60,0xf4,0x05,0x00,
	0x00,0x00,0x00,0x01,0x60,0xf8,0x05,0x00,0x28,0x68,0x08,0x00,0x04,0x00,0x01,0x04,
	0x00,0x00,0x00,0x80,0x28,0x68,0x08,0x00,0x05,0x00,0x01,0x04,0x08,0x00,0x00,0x00,
	0x28,0x68,0x08,0x00,0x00,0x00,0x00,0x01,0x28,0x68,0x08,0x00,0x60,0xf8,0x05,0x00,
	0x00,0x00,0x00,0x01,0x60,0xfc,0x05,0x00,0x28,0x68,0x08,0x00,0x04,0x00,0x01,0x04,
	0x00,0x00,0x00,0x80,0x28,0x68,0x08,0x00,0x05,0x00,0x01,0x04,0x08,0x00,0x00,0x00,
	0x28,0x68,0x08,0x00,0x00,0x00,0x00,0x01,0x28,0x68,0x08,0x00,0x60,0xfc,0x05,0x00,
	0x00,0x00,0x00,0x01,0x60,0xf0,0x05,0x00,0x44,0x69,0x08,0x00,0x00,0x00,0x00,0x01,
	0x60,0xf4,0x05,0x00,0x40,0x69,0x08,0x00,0x00,0x00,0x00,0x01,0x60,0xf8,0x05,0x00,
	0x3c,0x69,0x08,0x00,0x00,0x00,0x00,0x01,0x60,0xfc,0x05,0x00,0x38,0x69,0x08,0x00,
	0x05,0x00,0x01,0x04,0x10,0x00,0x00,0x00,0x04,0x55,0x04,0x00,0x00,0x00,0x01,0x01,
	0x08,0x00,0x00,0x00,0x00,0x55,0x04,0x00,0x04,0x00,0x01,0x04,0xef,0xff,0xff,0xff,
	0x04,0x55,0x04,0x00,0x05,0x00,0x01,0x04,0x01,0x00,0x00,0x00,0x00,0xf2,0x08,0x00,
	0x00,0x00,0x00,0x01,0x8c,0x69,0x08,0x00,0x80,0xf0,0x08,0x00,0x00,0x00,0x00,0x01,
	0xa4,0x69,0x08,0x00,0x04,0xf0,0x08,0x00,0x00,0x00,0x00,0x01,0x9c,0x69,0x08,0x00,
	0x08,0xf0,0x08,0x00,0x00,0x00,0x00,0x01,0x94,0x69,0x08,0x00,0x0c,0xf0,0x08,0x00,
	0x00,0x00,0x00,0x01,0xa0,0x69,0x08,0x00,0x34,0xf0,0x08,0x00,0x00,0x00,0x00,0x01,
	0x98,0x69,0x08,0x00,0x38,0xf0,0x08,0x00,0x00,0x00,0x00,0x01,0x90,0x69,0x08,0x00,
	0x3c,0xf0,0x08,0x00,0x00,0x00,0x00,0x01,0x88,0x69,0x08,0x00,0x54,0xf0,0x08,0x00,
	0x00,0x00,0x00,0x01,0x6c,0x69,0x08,0x00,0x58,0xf0,0x08,0x00,0x00,0x00,0x00,0x01,
	0x84,0x69,0x08,0x00,0x5c,0xf0,0x08,0x00,0x00,0x00,0x00,0x01,0x80,0x69,0x08,0x00,
	0x68,0xf0,0x08,0x00,0x00,0x00,0x00,0x01,0x68,0x69,0x08,0x00,0x70,0xf0,0x08,0x00,
	0x00,0x00,0x00,0x01,0x7c,0x69,0x08,0x00,0x64,0xf0,0x08,0x00,0x00,0x00,0x00,0x01,
	0x64,0x69,0x08,0x00,0x30,0xf1,0x05,0x00,0x00,0x00,0x00,0x01,0x60,0x69,0x08,0x00,
	0x28,0xf1,0x05,0x00,0x00,0x00,0x00,0x01,0x5c,0x69,0x08,0x00,0x2c,0xf1,0x05,0x00,
	0x00,0x00,0x00,0x01,0x58,0x69,0x08,0x00,0x30,0xf5,0x05,0x00,0x00,0x00,0x00,0x01,
	0x54,0x69,0x08,0x00,0x28,0xf5,0x05,0x00,0x00,0x00,0x00,0x01,0x50,0x69,0x08,0x00,
	0x2c,0xf5,0x05,0x00,0x00,0x00,0x00,0x01,0x4c,0x69,0x08,0x00,0x78,0xf0,0x05,0x00,
	0x00,0x00,0x00,0x01,0x48,0x69,0x08,0x00,0x78,0xf4,0x05,0x00,0x00,0x00,0x00,0x01,
	0x70,0x69,0x08,0x00,0x00,0x42,0x04,0x00,0x00,0x00,0x00,0x01,0x58,0x6d,0x08,0x00,
	0x30,0x40,0x04,0x00,0x00,0x00,0x00,0x01,0x54,0x6d,0x08,0x00,0x38,0x40,0x04,0x00,
	0x00,0x00,0x00,0x01,0xf0,0x6c,0x08,0x00,0x74,0x44,0x04,0x00,0x00,0x00,0x00,0x01,
	0xec,0x6c,0x08,0x00,0x7c,0x44,0x04,0x00,0x00,0x00,0x00,0x01,0x78,0x69,0x08,0x00,
	0x44,0x44,0x04,0x00,0x00,0x00,0x00,0x01,0x74,0x69,0x08,0x00,0x4c,0x44,0x04,0x00,
	0x04,0x00,0x01,0x04,0xfe,0xff,0xff,0xff,0x84,0x20,0x04,0x00,0x04,0x00,0x01,0x04,
	0xfe,0xff,0xff,0xff,0x80,0xf0,0x08,0x00,0x04,0x00,0x01,0x04,0xff,0xff,0xff,0x7f,
	0xe0,0xf0,0x08,0x00,0x04,0x00,0x01,0x04,0xff,0xff,0xff,0x7f,0x60,0xf0,0x05,0x00,
	0x04,0x00,0x01,0x04,0xff,0xff,0xff,0x7f,0x60,0xf4,0x05,0x00,0x04,0x00,0x01,0x04,
	0xff,0xff,0xff,0x7f,0x60,0xf8,0x05,0x00,0x04,0x00,0x01,0x04,0xff,0xff,0xff,0x7f,
	0x60,0xfc,0x05,0x00,0x00,0x00,0x01,0x02,0xc8,0x2f,0xd8,0x2f,0x01,0x00,0x00,0x06,
	0x00,0x00,0x01,0x03,0x20,0x4e,0xa4,0x4e,0x02,0x00,0x00,0x06,0x00,0x00,0x01,0x03,
	0x20,0x4e,0xa4,0x4e,0x03,0x00,0x00,0x06,0x05,0x00,0x01,0x04,0x02,0x00,0x00,0x00,
	0x88,0x20,0x04,0x00,0x00,0x00,0x01,0x02,0x64,0x46,0xf0,0x46,0x04,0x00,0x00,0x06,
	0x05,0x00,0x01,0x04,0x10,0x00,0x00,0x00,0x88,0x20,0x04,0x00,0x05,0x00,0x00,0x06,
	0x00,0x00,0x01,0x03,0x20,0x4e,0xa4,0x4e,0x06,0x00,0x00,0x06,0x00,0x00,0x01,0x03,
	0x20,0x4e,0xa4,0x4e,0x07,0x00,0x00,0x06,0x04,0x00,0x01,0x04,0xfe,0xff,0xff,0xff,
	0x84,0x20,0x04,0x00,0x04,0x00,0x01,0x04,0xfe,0xff,0xff,0xff,0x80,0xf0,0x08,0x00,
	0x04,0x00,0x01,0x04,0xff,0xff,0xff,0x7f,0xe0,0xf0,0x08,0x00,0x04,0x00,0x01,0x04,
	0xfe,0xff,0xff,0xff,0x90,0x20,0x04,0x00,0x08,0x00,0x00,0x06,0x05,0x00,0x01,0x04,
	0x01,0x00,0x00,0x00,0x88,0x20,0x04,0x00,0x00,0x00,0x01,0x02,0x1c,0x26,0xac,0x26,
	0x09,0x00,0x00,0x06,0x00,0x00,0x01,0x03,0x20,0x4e,0xa4,0x4e,0x0a,0x00,0x00,0x06,
	0x05,0x00,0x01,0x04,0x04,0x00,0x00,0x00,0x88,0x20,0x04,0x00,0x00,0x00,0x01,0x02,
	0x4c,0x27,0xdc,0x27,0x0b,0x00,0x00,0x06,0x05,0x00,0x01,0x04,0x08,0x00,0x00,0x00,
	0x88,0x20,0x04,0x00,0x00,0x00,0x01,0x02,0x7c,0x28,0x24,0x29,0x0d,0x00,0x00,0x06,
	0x05,0x00,0x01,0x04,0x10,0x00,0x00,0x00,0x88,0x20,0x04,0x00,0x00,0x00,0x01,0x02,
	0x9c,0x3e,0x5c,0x3f,0x0e,0x00,0x00,0x06,0x05,0x00,0x01,0x04,0x20,0x00,0x00,0x00,
	0x88,0x20,0x04,0x00,0x00,0x00,0x01,0x02,0x7c,0x28,0x24,0x29,0x0c,0x00,0x00,0x06,
	0x04,0x00,0x01,0x04,0xfe,0xff,0xff,0xff,0x84,0x20,0x04,0x00,0x04,0x00,0x01,0x04,
	0xfe,0xff,0xff,0xff,0x80,0xf0,0x08,0x00,0x04,0x00,0x01,0x04,0xff,0xff,0xff,0x7f,
	0xe0,0xf0,0x08,0x00,0x04,0x00,0x01,0x04,0xfe,0xff,0xff,0xff,0x90,0x20,0x04,0x00,
	0x04,0x00,0x01,0x04,0xff,0xff,0x7f,0xff,0x3c,0x0b,0x07,0x00,0x04,0x00,0x01,0x04,
	0xff,0xff,0x7f,0xff,0x3c,0x1b,0x07,0x00,0x04,0x00,0x01,0x04,0xfe,0xff,0xff,0xff,
	0x84,0x20,0x04,0x00,0x04,0x00,0x01,0x04,0xfe,0xff,0xff,0xff,0x80,0xf0,0x08,0x00,
	0x04,0x00,0x01,0x04,0xff,0xff,0xff,0x7f,0xe0,0xf0,0x08,0x00,0x04,0x00,0x01,0x04,
	0xff,0xff,0xff,0x7f,0x60,0xf0,0x05,0x00,0x04,0x00,0x01,0x04,0xff,0xff,0xff,0x7f,
	0x60,0xf4,0x05,0x00,0x04,0x00,0x01,0x04,0xff,0xff,0xff,0x7f,0x60,0xf8,0x05,0x00,
	0x04,0x00,0x01,0x04,0xff,0xff,0xff,0x7f,0x60,0xfc,0x05,0x00,0x04,0x00,0x01,0x04,
	0x7f,0xff,0xff,0xff,0x80,0xf0,0x08,0x00,0x04,0x00,0x01,0x04,0xfe,0xff,0xff,0xff,
	0x90,0x20,0x04,0x00,0x04,0x00,0x01,0x04,0x7f,0xff,0xff,0xff,0x80,0xf0,0x08,0x00,
	0x00,0x00,0x00,0x00,0x00,0x00,0x00,0x00,0x00,0x00,0x00,0x00,0x00,0x00,0x00,0x00,
	0x00,0x00,0x00,0x00,0x00,0x00,0x00,0x00,0x00,0x00,0x00,0x00,0x00,0x00,0x00,0x00,
	0x00,0x00,0x00,0x00,0x00,0x00,0x00,0x00,0x00,0x00,0x00,0x00,0x00,0x00,0x00,0x00,
	0x00,0x00,0x00,0x00,0x00,0x00,0x00,0x00,0x00,0x00,0x00,0x00,0x00,0x00,0x00,0x00,
	0x00,0x00,0x00,0x00,0x00,0x00,0x00,0x00,0x00,0x00,0x00,0x00,0x00,0x00,0x00,0x00,
	0x00,0x00,0x00,0x00,0x00,0x00,0x00,0x00,0x00,0x00,0x00,0x00,0x00,0x00,0x00,0x00,
	0x00,0x00,0x00,0x00,0x00,0x00,0x00,0x00,0x00,0x00,0x00,0x00,0x00,0x00,0x00,0x00,
	0x00,0x00,0x00,0x00,0x00,0x00,0x00,0x00,0x00,0x00,0x00,0x00,0x00,0x00,0x00,0x00,
	0x00,0x00,0x00,0x00,0x00,0x00,0x00,0x00,0x00,0x00,0x00,0x00,0x00,0x00,0x00,0x00,
	0x00,0x00,0x00,0x00,0x00,0x00,0x00,0x00,0x00,0x00,0x00,0x00,0x00,0x00,0x00,0x00,
	0x00,0x00,0x00,0x00,0x00,0x00,0x00,0x00,0x00,0x00,0x00,0x00,0x00,0x00,0x00,0x00,
	0x00,0x00,0x00,0x00,0x00,0x00,0x00,0x00,0x00,0x00,0x00,0x00,0x00,0x00,0x00,0x00,
	0x00,0x00,0x00,0x00,0x00,0x00,0x00,0x00,0x00,0x00,0x00,0x00,0x00,0x00,0x00,0x00,
	0x00,0x00,0x00,0x00,0x00,0x00,0x00,0x00,0x00,0x00,0x00,0x00,0x00,0x00,0x00,0x00,
	0x00,0x00,0x00,0x00,0x00,0x00,0x00,0x00,0x00,0x00,0x00,0x00,0x00,0x00,0x00,0x00,
	0x00,0x00,0x00,0x00,0x00,0x00,0x00,0x00,0x00,0x00,0x00,0x00,0x00,0x00,0x00,0x00,
	0x00,0x00,0x00,0x00,0x00,0x00,0x00,0x00,0x00,0x00,0x00,0x00,0x00,0x00,0x00,0x00,
	0x00,0x00,0x00,0x00,0x00,0x00,0x00,0x00,0x00,0x00,0x00,0x00,0x00,0x00,0x00,0x00,
	0x00,0x00,0x00,0x00,0x00,0x00,0x00,0x00,0x00,0x00,0x00,0x00,0x00,0x00,0x00,0x00,
	0x00,0x00,0x00,0x00,0x00,0x00,0x00,0x00,0x00,0x00,0x00,0x00,0x00,0x00,0x00,0x00,
	0x00,0x00,0x00,0x00,0x00,0x00,0x00,0x00,0x00,0x00,0x00,0x00,0x00,0x00,0x00,0x00,
	0x00,0x00,0x00,0x00,0x00,0x00,0x00,0x00,0x00,0x00,0x00,0x00,0x00,0x00,0x00,0x00,
	0x00,0x00,0x00,0x00,0x00,0x00,0x00,0x00,0x00,0x00,0x00,0x00,0x00,0x00,0x00,0x00,
	0x00,0x00,0x00,0x00,0x00,0x00,0x00,0x00,0x00,0x00,0x00,0x00,0x00,0x00,0x00,0x00,
	0x00,0x00,0x00,0x00,0x00,0x00,0x00,0x00,0x00,0x00,0x00,0x00,0x00,0x00,0x00,0x00,
	0x00,0x00,0x01,0x01,0x00,0x00,0x00,0x00,0x10,0x68,0x08,0x00,0x00,0x00,0x01,0x01,
	0x00,0x00,0x00,0x00,0x0c,0x68,0x08,0x00,0x00,0x00,0x00,0x01,0x08,0x00,0x07,0x00,
	0x24,0x68,0x08,0x00,0x04,0x00,0x01,0x04,0x00,0x00,0x00,0x80,0x24,0x68,0x08,0x00,
	0x00,0x00,0x01,0x04,0x00,0x00,0x00,0x80,0x24,0x68,0x08,0x00,0x00,0x08,0x01,0x02,
	0x8c,0x50,0xcc,0x50,0x00,0x00,0x01,0x02,0xcc,0x50,0x00,0x51,0x00,0x00,0x01,0x01,
	0x01,0x00,0x00,0x00,0x10,0x68,0x08,0x00,0x00,0x00,0x00,0x01,0x40,0x09,0x06,0x00,
	0x24,0x68,0x08,0x00,0x04,0x00,0x01,0x04,0x00,0x00,0x00,0xf0,0x24,0x68,0x08,0x00,
	0x00,0x00,0x01,0x04,0x00,0x00,0x00,0x30,0x24,0x68,0x08,0x00,0x00,0x08,0x00,0x02,
	0x60,0x46,0x64,0x46,0x00,0x00,0x01,0x02,0xcc,0x50,0x00,0x51,0x00,0x00,0x00,0x01,
	0x08,0x10,0x07,0x00,0x24,0x68,0x08,0x00,0x04,0x00,0x01,0x04,0x00,0x00,0x00,0x80,
	0x24,0x68,0x08,0x00,0x00,0x00,0x01,0x04,0x00,0x00,0x00,0x80,0x24,0x68,0x08,0x00,
	0x00,0x08,0x01,0x02,0x00,0x51,0x40,0x51,0x00,0x00,0x01,0x02,0x40,0x51,0x10,0x53,
	0x00,0x00,0x01,0x01,0x01,0x00,0x00,0x00,0x0c,0x68,0x08,0x00,0x00,0x00,0x00,0x01,
	0x40,0x19,0x06,0x00,0x24,0x68,0x08,0x00,0x04,0x00,0x01,0x04,0x00,0x00,0x00,0xf0,
	0x24,0x68,0x08,0x00,0x00,0x00,0x01,0x04,0x00,0x00,0x00,0x30,0x24,0x68,0x08,0x00,
	0x00,0x08,0x00,0x02,0x60,0x46,0x64,0x46,0x00,0x00,0x01,0x02,0x40,0x51,0x10,0x53,
	0x00,0x00,0x01,0x01,0x00,0x00,0x00,0x00,0xdc,0x00,0x08,0x00,0x00,0x00,0x01,0x01,
	0x00,0x00,0x00,0x00,0xd8,0x00,0x08,0x00,0x00,0x00,0x01,0x01,0x00,0x00,0x00,0x00,
	0xd4,0x00,0x08,0x00,0x00,0x00,0x00,0x01,0x38,0x00,0x07,0x00,0x34,0x69,0x08,0x00,
	0x00,0x00,0x00,0x01,0x38,0x10,0x07,0x00,0x30,0x69,0x08,0x00,0x05,0x00,0x01,0x04,
	0x00,0x00,0x40,0x00,0x38,0x00,0x07,0x00,0x05,0x00,0x01,0x04,0x00,0x00,0x40,0x00,
	0x38,0x10,0x07,0x00,0x00,0x00,0x00,0x01,0x08,0x50,0x04,0x00,0x18,0x6e,0x08,0x00,
	0x00,0x00,0x00,0x01,0xe8,0x4f,0x04,0x00,0x14,0x6e,0x08,0x00,0x00,0x00,0x00,0x01,
	0x00,0x43,0x04,0x00,0x10,0x6e,0x08,0x00,0x00,0x00,0x00,0x01,0x04,0x43,0x04,0x00,
	0x0c,0x6e,0x08,0x00,0x04,0x00,0x01,0x04,0xff,0xff,0xff,0x7f,0x08,0x50,0x04,0x00,
	0x04,0x00,0x01,0x04,0xff,0xff,0xff,0x7f,0xe8,0x4f,0x04,0x00,0x04,0x00,0x01,0x04,
	0xff,0xff,0xff,0x7f,0x00,0x43,0x04,0x00,0x04,0x00,0x01,0x04,0xff,0xff,0xff,0x7f,
	0x04,0x43,0x04,0x00,0x00,0x00,0x01,0x01,0x0a,0x00,0x00,0x00,0x8c,0xf0,0x08,0x00,
	0x00,0x14,0x03,0x05,0x00,0x00,0x00,0x01,0x08,0x50,0x04,0x00,0x24,0x68,0x08,0x00,
	0x04,0x00,0x01,0x04,0x00,0x00,0x00,0x40,0x24,0x68,0x08,0x00,0x00,0x00,0x01,0x04,
	0x00,0x00,0x00,0x40,0x24,0x68,0x08,0x00,0x00,0x08,0x01,0x02,0x88,0x56,0xd4,0x56,
	0x00,0x00,0x00,0x01,0xe8,0x4f,0x04,0x00,0x24,0x68,0x08,0x00,0x04,0x00,0x01,0x04,
	0x00,0x00,0x00,0x40,0x24,0x68,0x08,0x00,0x00,0x00,0x01,0x04,0x00,0x00,0x00,0x40,
	0x24,0x68,0x08,0x00,0x00,0x08,0x01,0x02,0x88,0x56,0xd4,0x56,0x00,0x00,0x00,0x01,
	0x00,0x43,0x04,0x00,0x24,0x68,0x08,0x00,0x04,0x00,0x01,0x04,0x00,0x00,0x00,0x40,
	0x24,0x68,0x08,0x00,0x00,0x00,0x01,0x04,0x00,0x00,0x00,0x40,0x24,0x68,0x08,0x00,
	0x00,0x08,0x01,0x02,0x88,0x56,0xd4,0x56,0x00,0x00,0x00,0x01,0x04,0x43,0x04,0x00,
	0x24,0x68,0x08,0x00,0x04,0x00,0x01,0x04,0x00,0x00,0x00,0x40,0x24,0x68,0x08,0x00,
	0x00,0x00,0x01,0x04,0x00,0x00,0x00,0x40,0x24,0x68,0x08,0x00,0x00,0x08,0x01,0x02,
	0x88,0x56,0xd4,0x56,0x00,0x00,0x00,0x01,0x70,0x60,0x04,0x00,0xf4,0x6d,0x08,0x00,
	0x04,0x00,0x01,0x04,0xff,0xff,0xff,0x7f,0x70,0x60,0x04,0x00,0x00,0x00,0x01,0x01,
	0x14,0x00,0x00,0x00,0x8c,0xf0,0x08,0x00,0x00,0x14,0x03,0x05,0x00,0x00,0x00,0x01,
	0x70,0x60,0x04,0x00,0x24,0x68,0x08,0x00,0x04,0x00,0x01,0x04,0x00,0x00,0x00,0x40,
	0x24,0x68,0x08,0x00,0x00,0x00,0x01,0x04,0x00,0x00,0x00,0x40,0x24,0x68,0x08,0x00,
	0x00,0x08,0x01,0x02,0xd4,0x56,0xe0,0x56,0x00,0x00,0x01,0x02,0x10,0x53,0x30,0x53,
	0x01,0x00,0x01,0x04,0x01,0x00,0x00,0x00,0x5c,0xf0,0x08,0x00,0x01,0x00,0x01,0x04,
	0x01,0x00,0x00,0x00,0x88,0x00,0x08,0x00,0x00,0x00,0x01,0x02,0x30,0x53,0x88,0x53,
	0x00,0x00,0x01,0x01,0x05,0x00,0x00,0x00,0x8c,0xf0,0x08,0x00,0x00,0x14,0x03,0x05,
	0x00,0x00,0x00,0x01,0x04,0x55,0x04,0x00,0x24,0x68,0x08,0x00,0x04,0x00,0x01,0x04,
	0x00,0x00,0x00,0x40,0x24,0x68,0x08,0x00,0x00,0x00,0x01,0x04,0x00,0x00,0x00,0x00,
	0x24,0x68,0x08,0x00,0x00,0x08,0x01,0x02,0x0c,0x54,0x20,0x54,0x00,0x00,0x01,0x04,
	0x01,0x00,0x00,0x00,0x10,0x68,0x08,0x00,0x00,0x08,0x01,0x02,0xa4,0x53,0xd8,0x53,
	0x00,0x00,0x01,0x02,0x88,0x53,0xa4,0x53,0x00,0x00,0x01,0x04,0x01,0x00,0x00,0x00,
	0x0c,0x68,0x08,0x00,0x00,0x08,0x01,0x02,0xd8,0x53,0x0c,0x54,0x00,0x00,0x01,0x02,
	0x30,0x53,0x88,0x53,0x00,0x00,0x00,0x01,0x40,0x09,0x06,0x00,0x24,0x68,0x08,0x00,
	0x04,0x00,0x01,0x04,0x00,0x02,0x00,0x00,0x24,0x68,0x08,0x00,0x00,0x00,0x01,0x04,
	0x00,0x00,0x00,0x00,0x24,0x68,0x08,0x00,0x00,0x08,0x01,0x02,0x0c,0x54,0x20,0x54,
	0x00,0x00,0x01,0x02,0x88,0x53,0xa4,0x53,0x00,0x00,0x00,0x01,0x40,0x19,0x06,0x00,
	0x24,0x68,0x08,0x00,0x04,0x00,0x01,0x04,0x00,0x02,0x00,0x00,0x24,0x68,0x08,0x00,
	0x00,0x00,0x01,0x04,0x00,0x00,0x00,0x00,0x24,0x68,0x08,0x00,0x00,0x08,0x01,0x02,
	0x0c,0x54,0x20,0x54,0x00,0x00,0x01,0x02,0x30,0x53,0x88,0x53,0x00,0x00,0x00,0x01,
	0xf4,0x6d,0x08,0x00,0x70,0x60,0x04,0x00,0x00,0x00,0x01,0x02,0x20,0x54,0x84,0x54,
	0x01,0x00,0x01,0x04,0x01,0x00,0x00,0x00,0xdc,0x00,0x08,0x00,0x00,0x00,0x01,0x01,
	0x08,0x00,0x00,0x00,0x8c,0xf0,0x08,0x00,0x00,0x14,0x03,0x05,0x00,0x00,0x00,0x01,
	0x70,0x60,0x04,0x00,0x24,0x68,0x08,0x00,0x04,0x00,0x01,0x04,0x00,0x00,0x00,0x40,
	0x24,0x68,0x08,0x00,0x00,0x00,0x01,0x04,0x00,0x00,0x00,0x40,0x24,0x68,0x08,0x00,
	0x00,0x08,0x01,0x02,0x84,0x54,0x10,0x55,0x00,0x00,0x01,0x04,0x19,0x00,0x00,0x00,
	0xdc,0x00,0x08,0x00,0x00,0x08,0x01,0x02,0xe0,0x56,0xf4,0x56,0x00,0x00,0x01,0x02,
	0x20,0x54,0x84,0x54,0x00,0x00,0x00,0x01,0x34,0x69,0x08,0x00,0x38,0x00,0x07,0x00,
	0x00,0x00,0x00,0x01,0x30,0x69,0x08,0x00,0x38,0x10,0x07,0x00,0x00,0x00,0x00,0x01,
	0x18,0x6e,0x08,0x00,0x08,0x50,0x04,0x00,0x00,0x00,0x00,0x01,0x14,0x6e,0x08,0x00,
	0xe8,0x4f,0x04,0x00,0x00,0x00,0x00,0x01,0x10,0x6e,0x08,0x00,0x00,0x43,0x04,0x00,
	0x00,0x00,0x00,0x01,0x0c,0x6e,0x08,0x00,0x04,0x43,0x04,0x00,0x00,0x00,0x01,0x01,
	0x0a,0x00,0x00,0x00,0x90,0xf0,0x08,0x00,0x00,0x15,0x03,0x05,0x00,0x00,0x00,0x01,
	0x08,0x50,0x04,0x00,0x14,0x68,0x08,0x00,0x04,0x00,0x01,0x04,0x00,0x00,0x00,0x80,
	0x14,0x68,0x08,0x00,0x00,0x00,0x01,0x04,0x00,0x00,0x00,0x80,0x14,0x68,0x08,0x00,
	0x00,0x08,0x01,0x02,0xac,0x55,0xe0,0x55,0x00,0x00,0x01,0x02,0x10,0x55,0x44,0x55,
	0x00,0x00,0x00,0x01,0xe8,0x4f,0x04,0x00,0x14,0x68,0x08,0x00,0x04,0x00,0x01,0x04,
	0x00,0x00,0x00,0x80,0x14,0x68,0x08,0x00,0x00,0x00,0x01,0x04,0x00,0x00,0x00,0x80,
	0x14,0x68,0x08,0x00,0x00,0x08,0x01,0x02,0xe0,0x55,0x14,0x56,0x00,0x00,0x01,0x02,
	0x44,0x55,0x78,0x55,0x00,0x00,0x00,0x01,0x00,0x43,0x04,0x00,0x14,0x68,0x08,0x00,
	0x04,0x00,0x01,0x04,0x00,0x00,0x00,0x80,0x14,0x68,0x08,0x00,0x00,0x00,0x01,0x04,
	0x00,0x00,0x00,0x80,0x14,0x68,0x08,0x00,0x00,0x08,0x01,0x02,0x14,0x56,0x48,0x56,
	0x00,0x00,0x01,0x02,0x78,0x55,0xac,0x55,0x00,0x00,0x00,0x01,0x04,0x43,0x04,0x00,
	0x14,0x68,0x08,0x00,0x04,0x00,0x01,0x04,0x00,0x00,0x00,0x80,0x14,0x68,0x08,0x00,
	0x00,0x00,0x01,0x04,0x00,0x00,0x00,0x80,0x14,0x68,0x08,0x00,0x00,0x08,0x01,0x02,
	0x48,0x56,0x7c,0x56,0x00,0x00,0x01,0x02,0x7c,0x56,0x88,0x56,0x00,0x00,0x00,0x01,
	0x08,0x50,0x04,0x00,0x24,0x68,0x08,0x00,0x04,0x00,0x01,0x04,0x00,0x00,0x00,0x40,
	0x24,0x68,0x08,0x00,0x00,0x00,0x01,0x04,0x00,0x00,0x00,0x00,0x24,0x68,0x08,0x00,
	0x00,0x08,0x01,0x02,0xf4,0x56,0x08,0x57,0x00,0x00,0x01,0x02,0x10,0x55,0x44,0x55,
	0x00,0x00,0x00,0x01,0xe8,0x4f,0x04,0x00,0x24,0x68,0x08,0x00,0x04,0x00,0x01,0x04,
	0x00,0x00,0x00,0x40,0x24,0x68,0x08,0x00,0x00,0x00,0x01,0x04,0x00,0x00,0x00,0x00,
	0x24,0x68,0x08,0x00,0x00,0x08,0x01,0x02,0x08,0x57,0x1c,0x57,0x00,0x00,0x01,0x02,
	0x44,0x55,0x78,0x55,0x00,0x00,0x00,0x01,0x00,0x43,0x04,0x00,0x24,0x68,0x08,0x00,
	0x04,0x00,0x01,0x04,0x00,0x00,0x00,0x40,0x24,0x68,0x08,0x00,0x00,0x00,0x01,0x04,
	0x00,0x00,0x00,0x00,0x24,0x68,0x08,0x00,0x00,0x08,0x01,0x02,0x1c,0x57,0x30,0x57,
	0x00,0x00,0x01,0x02,0x78,0x55,0xac,0x55,0x00,0x00,0x00,0x01,0x04,0x43,0x04,0x00,
	0x24,0x68,0x08,0x00,0x04,0x00,0x01,0x04,0x00,0x00,0x00,0x40,0x24,0x68,0x08,0x00,
	0x00,0x00,0x01,0x04,0x00,0x00,0x00,0x00,0x24,0x68,0x08,0x00,0x00,0x08,0x01,0x02,
	0x30,0x57,0x44,0x57,0x00,0x00,0x01,0x02,0x7c,0x56,0x88,0x56,0x05,0x00,0x01,0x04,
	0x00,0x00,0x00,0x20,0x04,0x55,0x04,0x00,0x01,0x00,0x00,0x06,0x00,0x00,0x00,0x01,
	0x18,0x6e,0x08,0x00,0x08,0x50,0x04,0x00,0x00,0x00,0x00,0x01,0x14,0x6e,0x08,0x00,
	0xe8,0x4f,0x04,0x00,0x00,0x00,0x00,0x01,0x10,0x6e,0x08,0x00,0x00,0x43,0x04,0x00,
	0x00,0x00,0x00,0x01,0x0c,0x6e,0x08,0x00,0x04,0x43,0x04,0x00,0x00,0x00,0x00,0x01,
	0x34,0x69,0x08,0x00,0x38,0x00,0x07,0x00,0x00,0x00,0x00,0x01,0x30,0x69,0x08,0x00,
	0x38,0x10,0x07,0x00,0x02,0x00,0x00,0x06,0x00,0x00,0x01,0x03,0xc4,0x2c,0x34,0x2d,
	0x03,0x00,0x00,0x06,0x00,0x00,0x01,0x03,0x44,0x57,0x68,0x57,0x00,0x00,0x01,0x02,
	0x84,0x54,0x10,0x55,0x04,0x00,0x00,0x06,0x00,0x00,0x01,0x03,0x44,0x57,0x68,0x57,
	0x00,0x00,0x01,0x02,0x10,0x55,0x44,0x55,0x05,0x00,0x00,0x06,0x00,0x00,0x01,0x03,
	0x44,0x57,0x68,0x57,0x00,0x00,0x01,0x02,0x44,0x55,0x78,0x55,0x06,0x00,0x00,0x06,
	0x00,0x00,0x01,0x03,0x44,0x57,0x68,0x57,0x00,0x00,0x01,0x02,0x78,0x55,0xac,0x55,
	0x07,0x00,0x00,0x06,0x00,0x00,0x01,0x03,0x44,0x57,0x68,0x57,0x00,0x00,0x01,0x02,
	0x7c,0x56,0x88,0x56,0x04,0x00,0x01,0x04,0xff,0xff,0xff,0xbf,0x04,0x55,0x04,0x00,
	0x00,0x00,0x01,0x01,0x00,0x00,0x00,0x00,0x38,0xf0,0x08,0x00,0x00,0x00,0x01,0x01,
	0x00,0x00,0x00,0x00,0x08,0xf0,0x08,0x00,0x05,0x00,0x01,0x04,0x01,0x00,0x00,0x00,
	0x38,0xb0,0x06,0x00,0x00,0x00,0x01,0x01,0x05,0x00,0x00,0x00,0x8c,0xf0,0x08,0x00,
	0x00,0x14,0x03,0x05,0x00,0x00,0x00,0x01,0x38,0xb0,0x06,0x00,0xf0,0x68,0x08,0x00,
	0x04,0x00,0x01,0x04,0x02,0x00,0x00,0x00,0xf0,0x68,0x08,0x00,0x00,0x00,0x01,0x04,
	0x02,0x00,0x00,0x00,0xf0,0x68,0x08,0x00,0x00,0x08,0x01,0x02,0xb8,0x57,0xec,0x5a,
	0x00,0x00,0x01,0x02,0x24,0x60,0x30,0x60,0x00,0x00,0x01,0x01,0x00,0x00,0x00,0x00,
	0x08,0x68,0x08,0x00,0x00,0x00,0x01,0x01,0x00,0x00,0x00,0x00,0x04,0x68,0x08,0x00,
	0x00,0x00,0x01,0x01,0x00,0x00,0x00,0x00,0x00,0x68,0x08,0x00,0x00,0x00,0x00,0x01,
	0x48,0x65,0x04,0x00,0x94,0x6b,0x08,0x00,0x05,0x00,0x01,0x04,0x00,0x00,0x00,0xaa,
	0x48,0x65,0x04,0x00,0x00,0x00,0x00,0x01,0x08,0xb0,0x07,0x00,0x84,0x6f,0x08,0x00,
	0x00,0x00,0x00,0x01,0x08,0xb8,0x07,0x00,0x80,0x6f,0x08,0x00,0x04,0x00,0x01,0x04,
	0xff,0xff,0xff,0x7f,0x08,0xb0,0x07,0x00,0x04,0x00,0x01,0x04,0xff,0xff,0xff,0x7f,
	0x08,0xb8,0x07,0x00,0x00,0x00,0x00,0x01,0x60,0x81,0x06,0x00,0x2c,0x69,0x08,0x00,
	0x00,0x00,0x00,0x01,0x60,0x82,0x06,0x00,0x28,0x69,0x08,0x00,0x00,0x00,0x00,0x01,
	0x60,0x89,0x06,0x00,0x24,0x69,0x08,0x00,0x00,0x00,0x00,0x01,0x60,0x8a,0x06,0x00,
	0x20,0x69,0x08,0x00,0x00,0x00,0x00,0x01,0x60,0x91,0x06,0x00,0x1c,0x69,0x08,0x00,
	0x00,0x00,0x00,0x01,0x60,0x92,0x06,0x00,0x18,0x69,0x08,0x00,0x00,0x00,0x00,0x01,
	0x60,0x99,0x06,0x00,0x14,0x69,0x08,0x00,0x00,0x00,0x00,0x01,0x60,0x9a,0x06,0x00,
	0x10,0x69,0x08,0x00,0x05,0x00,0x01,0x04,0x00,0x00,0x00,0x40,0x60,0x81,0x06,0x00,
	0x05,0x00,0x01,0x04,0x00,0x00,0x00,0x40,0x60,0x82,0x06,0x00,0x05,0x00,0x01,0x04,
	0x00,0x00,0x00,0x40,0x60,0x89,0x06,0x00,0x05,0x00,0x01,0x04,0x00,0x00,0x00,0x40,
	0x60,0x8a,0x06,0x00,0x05,0x00,0x01,0x04,0x00,0x00,0x00,0x40,0x60,0x91,0x06,0x00,
	0x05,0x00,0x01,0x04,0x00,0x00,0x00,0x40,0x60,0x92,0x06,0x00,0x05,0x00,0x01,0x04,
	0x00,0x00,0x00,0x40,0x60,0x99,0x06,0x00,0x05,0x00,0x01,0x04,0x00,0x00,0x00,0x40,
	0x60,0x9a,0x06,0x00,0x05,0x00,0x01,0x04,0x00,0x00,0x00,0x00,0x80,0x81,0x06,0x00,
	0x05,0x00,0x01,0x04,0x00,0x00,0x00,0x00,0x80,0x82,0x06,0x00,0x05,0x00,0x01,0x04,
	0x00,0x00,0x00,0x00,0x80,0x89,0x06,0x00,0x05,0x00,0x01,0x04,0x00,0x00,0x00,0x00,
	0x80,0x8a,0x06,0x00,0x05,0x00,0x01,0x04,0x00,0x00,0x00,0x00,0x80,0x91,0x06,0x00,
	0x05,0x00,0x01,0x04,0x00,0x00,0x00,0x00,0x80,0x92,0x06,0x00,0x05,0x00,0x01,0x04,
	0x00,0x00,0x00,0x00,0x80,0x99,0x06,0x00,0x05,0x00,0x01,0x04,0x00,0x00,0x00,0x00,
	0x80,0x9a,0x06,0x00,0x00,0x00,0x00,0x01,0x94,0x6b,0x08,0x00,0x48,0x65,0x04,0x00,
	0x00,0x00,0x00,0x01,0x84,0x6f,0x08,0x00,0x08,0xb0,0x07,0x00,0x00,0x00,0x00,0x01,
	0x80,0x6f,0x08,0x00,0x08,0xb8,0x07,0x00,0x00,0x00,0x00,0x01,0x08,0x50,0x04,0x00,
	0x18,0x6e,0x08,0x00,0x00,0x00,0x00,0x01,0xe8,0x4f,0x04,0x00,0x14,0x6e,0x08,0x00,
	0x00,0x00,0x00,0x01,0x00,0x43,0x04,0x00,0x10,0x6e,0x08,0x00,0x00,0x00,0x00,0x01,
	0x04,0x43,0x04,0x00,0x0c,0x6e,0x08,0x00,0x04,0x00,0x01,0x04,0xff,0xff,0xff,0x7f,
	0x08,0x50,0x04,0x00,0x04,0x00,0x01,0x04,0xff,0xff,0xff,0x7f,0xe8,0x4f,0x04,0x00,
	0x04,0x00,0x01,0x04,0xff,0xff,0xff,0x7f,0x00,0x43,0x04,0x00,0x04,0x00,0x01,0x04,
	0xff,0xff,0xff,0x7f,0x04,0x43,0x04,0x00,0x00,0x00,0x01,0x01,0x0a,0x00,0x00,0x00,
	0x8c,0xf0,0x08,0x00,0x00,0x14,0x03,0x05,0x00,0x00,0x00,0x01,0x08,0x50,0x04,0x00,
	0xec,0x68,0x08,0x00,0x04,0x00,0x01,0x04,0x00,0x00,0x00,0x40,0xec,0x68,0x08,0x00,
	0x00,0x00,0x01,0x04,0x00,0x00,0x00,0x40,0xec,0x68,0x08,0x00,0x00,0x08,0x01,0x02,
	0x30,0x60,0xb8,0x60,0x00,0x00,0x00,0x01,0xe8,0x4f,0x04,0x00,0xec,0x68,0x08,0x00,
	0x04,0x00,0x01,0x04,0x00,0x00,0x00,0x40,0xec,0x68,0x08,0x00,0x00,0x00,0x01,0x04,
	0x00,0x00,0x00,0x40,0xec,0x68,0x08,0x00,0x00,0x08,0x01,0x02,0x30,0x60,0xb8,0x60,
	0x00,0x00,0x00,0x01,0x00,0x43,0x04,0x00,0xec,0x68,0x08,0x00,0x04,0x00,0x01,0x04,
	0x00,0x00,0x00,0x40,0xec,0x68,0x08,0x00,0x00,0x00,0x01,0x04,0x00,0x00,0x00,0x40,
	0xec,0x68,0x08,0x00,0x00,0x08,0x01,0x02,0x30,0x60,0xb8,0x60,0x00,0x00,0x00,0x01,
	0x04,0x43,0x04,0x00,0xec,0x68,0x08,0x00,0x04,0x00,0x01,0x04,0x00,0x00,0x00,0x40,
	0xec,0x68,0x08,0x00,0x00,0x00,0x01,0x04,0x00,0x00,0x00,0x40,0xec,0x68,0x08,0x00,
	0x00,0x08,0x01,0x02,0x30,0x60,0xb8,0x60,0x00,0x00,0x00,0x01,0x10,0x60,0x04,0x00,
	0xf0,0x6d,0x08,0x00,0x00,0x00,0x00,0x01,0x14,0x60,0x04,0x00,0xec,0x6d,0x08,0x00,
	0x00,0x00,0x00,0x01,0x04,0x55,0x04,0x00,0xc8,0x00,0x08,0x00,0x04,0x00,0x01,0x04,
	0x00,0x00,0x00,0x10,0xc8,0x00,0x08,0x00,0x00,0x00,0x01,0x04,0x00,0x00,0x00,0x10,
	0xc8,0x00,0x08,0x00,0x00,0x08,0x01,0x02,0xec,0x5a,0x48,0x5b,0x04,0x00,0x01,0x04,
	0xff,0xff,0xff,0x7f,0x10,0x60,0x04,0x00,0x04,0x00,0x01,0x04,0xff,0xff,0xff,0x7f,
	0x14,0x60,0x04,0x00,0x00,0x00,0x01,0x02,0xec,0x5a,0x48,0x5b,0x00,0x00,0x00,0x01,
	0x70,0x60,0x04,0x00,0xf4,0x6d,0x08,0x00,0x04,0x00,0x01,0x04,0xff,0xff,0xff,0x7f,
	0x70,0x60,0x04,0x00,0x00,0x00,0x01,0x01,0x14,0x00,0x00,0x00,0x8c,0xf0,0x08,0x00,
	0x00,0x14,0x03,0x05,0x00,0x00,0x00,0x01,0x70,0x60,0x04,0x00,0xe4,0x68,0x08,0x00,
	0x04,0x00,0x01,0x04,0x00,0x00,0x00,0x40,0xe4,0x68,0x08,0x00,0x00,0x00,0x01,0x04,
	0x00,0x00,0x00,0x00,0xe4,0x68,0x08,0x00,0x00,0x08,0x01,0x02,0x48,0x5b,0x68,0x5b,
	0x00,0x00,0x01,0x02,0xb8,0x60,0xc4,0x60,0x01,0x00,0x01,0x04,0x01,0x00,0x00,0x00,
	0x68,0xf0,0x08,0x00,0x01,0x00,0x01,0x04,0x01,0x00,0x00,0x00,0x88,0x00,0x08,0x00,
	0x00,0x00,0x01,0x02,0x68,0x5b,0xac,0x5b,0x00,0x00,0x01,0x01,0x05,0x00,0x00,0x00,
	0x8c,0xf0,0x08,0x00,0x00,0x14,0x03,0x05,0x00,0x00,0x00,0x01,0x38,0xb0,0x06,0x00,
	0xc4,0x00,0x08,0x00,0x04,0x00,0x01,0x04,0x02,0x00,0x00,0x00,0xc4,0x00,0x08,0x00,
	0x00,0x00,0x01,0x04,0x00,0x00,0x00,0x00,0xc4,0x00,0x08,0x00,0x00,0x08,0x01,0x02,
	0xac,0x5b,0xc0,0x5b,0x00,0x00,0x01,0x02,0x68,0x5b,0xac,0x5b,0x00,0x00,0x00,0x01,
	0xf4,0x6d,0x08,0x00,0x70,0x60,0x04,0x00,0x00,0x00,0x01,0x02,0xc0,0x5b,0x24,0x5c,
	0x01,0x00,0x01,0x04,0x01,0x00,0x00,0x00,0x08,0x68,0x08,0x00,0x00,0x00,0x01,0x01,
	0x08,0x00,0x00,0x00,0x8c,0xf0,0x08,0x00,0x00,0x14,0x03,0x05,0x00,0x00,0x00,0x01,
	0x70,0x60,0x04,0x00,0xe8,0x68,0x08,0x00,0x04,0x00,0x01,0x04,0x00,0x00,0x00,0x40,
	0xe8,0x68,0x08,0x00,0x00,0x00,0x01,0x04,0x00,0x00,0x00,0x40,0xe8,0x68,0x08,0x00,
	0x00,0x08,0x01,0x02,0x24,0x5c,0x70,0x5c,0x00,0x00,0x01,0x04,0x19,0x00,0x00,0x00,
	0x08,0x68,0x08,0x00,0x00,0x08,0x01,0x02,0xc4,0x60,0xd8,0x60,0x00,0x00,0x01,0x02,
	0xc0,0x5b,0x24,0x5c,0x00,0x00,0x00,0x01,0xf0,0x6d,0x08,0x00,0x10,0x60,0x04,0x00,
	0x00,0x00,0x00,0x01,0xec,0x6d,0x08,0x00,0x14,0x60,0x04,0x00,0x00,0x00,0x00,0x01,
	0xf0,0x6d,0x08,0x00,0xc8,0x68,0x08,0x00,0x04,0x00,0x01,0x04,0x00,0x00,0x00,0x80,
	0xc8,0x68,0x08,0x00,0x00,0x00,0x01,0x04,0x00,0x00,0x00,0x80,0xc8,0x68,0x08,0x00,
	0x00,0x08,0x01,0x02,0x70,0x5c,0xd4,0x5c,0x00,0x00,0x01,0x02,0xd4,0x5c,0x08,0x5d,
	0x01,0x00,0x01,0x04,0x01,0x00,0x00,0x00,0x04,0x68,0x08,0x00,0x00,0x00,0x01,0x01,
	0x08,0x00,0x00,0x00,0x90,0xf0,0x08,0x00,0x00,0x15,0x03,0x05,0x00,0x00,0x00,0x01,
	0x10,0x60,0x04,0x00,0xec,0x68,0x08,0x00,0x04,0x00,0x01,0x04,0x00,0x00,0x00,0xc0,
	0xec,0x68,0x08,0x00,0x00,0x00,0x01,0x04,0x00,0x00,0x00,0xc0,0xec,0x68,0x08,0x00,
	0x00,0x08,0x01,0x02,0xd4,0x5c,0x08,0x5d,0x00,0x00,0x01,0x04,0x19,0x00,0x00,0x00,
	0x04,0x68,0x08,0x00,0x00,0x08,0x01,0x02,0xd8,0x60,0xec,0x60,0x00,0x00,0x01,0x02,
	0x70,0x5c,0xd4,0x5c,0x00,0x00,0x00,0x01,0xec,0x6d,0x08,0x00,0xc8,0x68,0x08,0x00,
	0x04,0x00,0x01,0x04,0x00,0x00,0x00,0x80,0xc8,0x68,0x08,0x00,0x00,0x00,0x01,0x04,
	0x00,0x00,0x00,0x80,0xc8,0x68,0x08,0x00,0x00,0x08,0x01,0x02,0x08,0x5d,0x6c,0x5d,
	0x00,0x00,0x01,0x02,0x6c,0x5d,0xa0,0x5e,0x01,0x00,0x01,0x04,0x01,0x00,0x00,0x00,
	0x00,0x68,0x08,0x00,0x00,0x00,0x01,0x01,0x08,0x00,0x00,0x00,0x90,0xf0,0x08,0x00,
	0x00,0x15,0x03,0x05,0x00,0x00,0x00,0x01,0x14,0x60,0x04,0x00,0xe0,0x68,0x08,0x00,
	0x04,0x00,0x01,0x04,0x00,0x00,0x00,0xc0,0xe0,0x68,0x08,0x00,0x00,0x00,0x01,0x04,
	0x00,0x00,0x00,0xc0,0xe0,0x68,0x08,0x00,0x00,0x08,0x01,0x02,0x6c,0x5d,0xa0,0x5e,
	0x00,0x00,0x01,0x04,0x19,0x00,0x00,0x00,0x00,0x68,0x08,0x00,0x00,0x08,0x01,0x02,
	0xec,0x60,0x00,0x61,0x00,0x00,0x01,0x02,0x08,0x5d,0x6c,0x5d,0x00,0x00,0x00,0x01,
	0x2c,0x69,0x08,0x00,0x60,0x81,0x06,0x00,0x00,0x00,0x00,0x01,0x28,0x69,0x08,0x00,
	0x60,0x82,0x06,0x00,0x00,0x00,0x00,0x01,0x24,0x69,0x08,0x00,0x60,0x89,0x06,0x00,
	0x00,0x00,0x00,0x01,0x20,0x69,0x08,0x00,0x60,0x8a,0x06,0x00,0x00,0x00,0x00,0x01,
	0x1c,0x69,0x08,0x00,0x60,0x91,0x06,0x00,0x00,0x00,0x00,0x01,0x18,0x69,0x08,0x00,
	0x60,0x92,0x06,0x00,0x00,0x00,0x00,0x01,0x14,0x69,0x08,0x00,0x60,0x99,0x06,0x00,
	0x00,0x00,0x00,0x01,0x10,0x69,0x08,0x00,0x60,0x9a,0x06,0x00,0x05,0x00,0x01,0x04,
	0x00,0x00,0x00,0x00,0x74,0x81,0x06,0x00,0x05,0x00,0x01,0x04,0x00,0x00,0x00,0x00,
	0x74,0x82,0x06,0x00,0x05,0x00,0x01,0x04,0x00,0x00,0x00,0x00,0x74,0x89,0x06,0x00,
	0x05,0x00,0x01,0x04,0x00,0x00,0x00,0x00,0x74,0x8a,0x06,0x00,0x05,0x00,0x01,0x04,
	0x00,0x00,0x00,0x00,0x74,0x91,0x06,0x00,0x05,0x00,0x01,0x04,0x00,0x00,0x00,0x00,
	0x74,0x92,0x06,0x00,0x05,0x00,0x01,0x04,0x00,0x00,0x00,0x00,0x74,0x99,0x06,0x00,
	0x05,0x00,0x01,0x04,0x00,0x00,0x00,0x00,0x74,0x9a,0x06,0x00,0x00,0x00,0x00,0x01,
	0x18,0x6e,0x08,0x00,0x08,0x50,0x04,0x00,0x00,0x00,0x00,0x01,0x14,0x6e,0x08,0x00,
	0xe8,0x4f,0x04,0x00,0x00,0x00,0x00,0x01,0x10,0x6e,0x08,0x00,0x00,0x43,0x04,0x00,
	0x00,0x00,0x00,0x01,0x0c,0x6e,0x08,0x00,0x04,0x43,0x04,0x00,0x00,0x00,0x01,0x01,
	0x0a,0x00,0x00,0x00,0x90,0xf0,0x08,0x00,0x00,0x15,0x03,0x05,0x00,0x00,0x00,0x01,
	0x08,0x50,0x04,0x00,0xfc,0x67,0x08,0x00,0x04,0x00,0x01,0x04,0x00,0x00,0x00,0x80,
	0xfc,0x67,0x08,0x00,0x00,0x00,0x01,0x04,0x00,0x00,0x00,0x80,0xfc,0x67,0x08,0x00,
	0x00,0x08,0x01,0x02,0x3c,0x5f,0x70,0x5f,0x00,0x00,0x01,0x02,0xa0,0x5e,0xd4,0x5e,
	0x00,0x00,0x00,0x01,0xe8,0x4f,0x04,0x00,0xfc,0x67,0x08,0x00,0x04,0x00,0x01,0x04,
	0x00,0x00,0x00,0x80,0xfc,0x67,0x08,0x00,0x00,0x00,0x01,0x04,0x00,0x00,0x00,0x80,
	0xfc,0x67,0x08,0x00,0x00,0x08,0x01,0x02,0x70,0x5f,0xa4,0x5f,0x00,0x00,0x01,0x02,
	0xd4,0x5e,0x08,0x5f,0x00,0x00,0x00,0x01,0x00,0x43,0x04,0x00,0xfc,0x67,0x08,0x00,
	0x04,0x00,0x01,0x04,0x00,0x00,0x00,0x80,0xfc,0x67,0x08,0x00,0x00,0x00,0x01,0x04,
	0x00,0x00,0x00,0x80,0xfc,0x67,0x08,0x00,0x00,0x08,0x01,0x02,0xa4,0x5f,0xd8,0x5f,
	0x00,0x00,0x01,0x02,0x08,0x5f,0x3c,0x5f,0x00,0x00,0x00,0x01,0x04,0x43,0x04,0x00,
	0xfc,0x67,0x08,0x00,0x04,0x00,0x01,0x04,0x00,0x00,0x00,0x80,0xfc,0x67,0x08,0x00,
	0x00,0x00,0x01,0x04,0x00,0x00,0x00,0x80,0xfc,0x67,0x08,0x00,0x00,0x08,0x01,0x02,
	0xd8,0x5f,0x0c,0x60,0x00,0x00,0x01,0x02,0x0c,0x60,0x24,0x60,0x00,0x00,0x00,0x01,
	0x08,0x50,0x04,0x00,0xfc,0x67,0x08,0x00,0x04,0x00,0x01,0x04,0x00,0x00,0x00,0x40,
	0xfc,0x67,0x08,0x00,0x00,0x00,0x01,0x04,0x00,0x00,0x00,0x00,0xfc,0x67,0x08,0x00,
	0x00,0x08,0x01,0x02,0x00,0x61,0x14,0x61,0x00,0x00,0x01,0x02,0xa0,0x5e,0xd4,0x5e,
	0x00,0x00,0x00,0x01,0xe8,0x4f,0x04,0x00,0xfc,0x67,0x08,0x00,0x04,0x00,0x01,0x04,
	0x00,0x00,0x00,0x40,0xfc,0x67,0x08,0x00,0x00,0x00,0x01,0x04,0x00,0x00,0x00,0x00,
	0xfc,0x67,0x08,0x00,0x00,0x08,0x01,0x02,0x14,0x61,0x28,0x61,0x00,0x00,0x01,0x02,
	0xd4,0x5e,0x08,0x5f,0x00,0x00,0x00,0x01,0x00,0x43,0x04,0x00,0xfc,0x67,0x08,0x00,
	0x04,0x00,0x01,0x04,0x00,0x00,0x00,0x40,0xfc,0x67,0x08,0x00,0x00,0x00,0x01,0x04,
	0x00,0x00,0x00,0x00,0xfc,0x67,0x08,0x00,0x00,0x08,0x01,0x02,0x28,0x61,0x3c,0x61,
	0x00,0x00,0x01,0x02,0x08,0x5f,0x3c,0x5f,0x00,0x00,0x00,0x01,0x04,0x43,0x04,0x00,
	0xfc,0x67,0x08,0x00,0x04,0x00,0x01,0x04,0x00,0x00,0x00,0x40,0xfc,0x67,0x08,0x00,
	0x00,0x00,0x01,0x04,0x00,0x00,0x00,0x00,0xfc,0x67,0x08,0x00,0x00,0x08,0x01,0x02,
	0x3c,0x61,0x50,0x61,0x00,0x00,0x01,0x02,0x0c,0x60,0x24,0x60,0x04,0x00,0x01,0x04,
	0xfe,0xff,0xff,0xff,0x38,0xb0,0x06,0x00,0x05,0x00,0x01,0x04,0x00,0x00,0x00,0x04,
	0x04,0x55,0x04,0x00,0x04,0x00,0x01,0x04,0xfe,0xff,0xff,0xff,0x38,0xb0,0x06,0x00,
	0x01,0x00,0x00,0x06,0x00,0x00,0x00,0x01,0x14,0x6e,0x08,0x00,0xe8,0x4f,0x04,0x00,
	0x00,0x00,0x00,0x01,0x10,0x6e,0x08,0x00,0x00,0x43,0x04,0x00,0x00,0x00,0x00,0x01,
	0x2c,0x69,0x08,0x00,0x60,0x81,0x06,0x00,0x00,0x00,0x00,0x01,0x28,0x69,0x08,0x00,
	0x60,0x82,0x06,0x00,0x00,0x00,0x00,0x01,0x24,0x69,0x08,0x00,0x60,0x89,0x06,0x00,
	0x00,0x00,0x00,0x01,0x20,0x69,0x08,0x00,0x60,0x8a,0x06,0x00,0x00,0x00,0x00,0x01,
	0x1c,0x69,0x08,0x00,0x60,0x91,0x06,0x00,0x00,0x00,0x00,0x01,0x18,0x69,0x08,0x00,
	0x60,0x92,0x06,0x00,0x00,0x00,0x00,0x01,0x14,0x69,0x08,0x00,0x60,0x99,0x06,0x00,
	0x00,0x00,0x00,0x01,0x10,0x69,0x08,0x00,0x60,0x9a,0x06,0x00,0x04,0x00,0x01,0x04,
	0xfe,0xff,0xff,0xff,0x38,0xb0,0x06,0x00,0x02,0x00,0x00,0x06,0x00,0x00,0x01,0x02,
	0x50,0x61,0x74,0x61,0x03,0x00,0x00,0x06,0x00,0x00,0x01,0x03,0x50,0x61,0x74,0x61,
	0x00,0x00,0x01,0x02,0xc0,0x5b,0x24,0x5c,0x04,0x00,0x00,0x06,0x00,0x00,0x01,0x03,
	0x50,0x61,0x74,0x61,0x00,0x00,0x01,0x02,0xd4,0x5c,0x08,0x5d,0x05,0x00,0x00,0x06,
	0x00,0x00,0x01,0x03,0x50,0x61,0x74,0x61,0x00,0x00,0x01,0x02,0x6c,0x5d,0xa0,0x5e,
	0x06,0x00,0x00,0x06,0x00,0x00,0x01,0x03,0x50,0x61,0x74,0x61,0x00,0x00,0x01,0x02,
	0xa0,0x5e,0xd4,0x5e,0x07,0x00,0x00,0x06,0x00,0x00,0x01,0x03,0x50,0x61,0x74,0x61,
	0x00,0x00,0x01,0x02,0xd4,0x5e,0x08,0x5f,0x08,0x00,0x00,0x06,0x00,0x00,0x01,0x03,
	0x50,0x61,0x74,0x61,0x00,0x00,0x01,0x02,0x08,0x5f,0x3c,0x5f,0x09,0x00,0x00,0x06,
	0x00,0x00,0x01,0x03,0x50,0x61,0x74,0x61,0x00,0x00,0x01,0x02,0x0c,0x60,0x24,0x60,
	0x04,0x00,0x01,0x04,0xff,0xff,0xff,0xbf,0x04,0x55,0x04,0x00,0x00,0x00,0x01,0x01,
	0x00,0x00,0x00,0x00,0x3c,0xf0,0x08,0x00,0x00,0x00,0x01,0x01,0x00,0x00,0x00,0x00,
	0x0c,0xf0,0x08,0x00,0x3e,0x3e,0x40,0x40,0x40,0x03,0x04,0x0c,0x0a,0x0c,0x00,0x00,
	0x82,0x18,0x00,0x00,0x00,0x00,0x02,0x00,0x00,0x00,0x08,0x00,0x00,0x00,0x00,0x00,
	0x00,0x00,0x00,0x00,0x00,0x00,0x00,0x00,0x00,0x00,0x00,0x00,0x00,0x00,0x00,0x00,
	0x00,0x00,0x00,0x00,0x00,0x00,0x00,0x00,0x00,0x00,0x00,0x00,0x00,0x00,0x00,0x00,
	0x34,0x01,0x03,0x31,0x34,0x3c,0x40,0x2f,0x36,0x47,0x2f,0x3d,0x31,0x39,0x3e,0x2f,
	0x12,0x00,0x2f,0x02,0xfe,0x00,0xfe,0x34,0xd0,0xfd,0x34,0x35,0x46,0x39,0x33,0x35,
	0x07,0x00,0x00,0x00,0x74,0xf0,0x08,0x00,0x34,0xf0,0x08,0x00,0x04,0xf0,0x08,0x00,
	0x38,0xf0,0x08,0x00,0x08,0xf0,0x08,0x00,0x3c,0xf0,0x08,0x00,0x0c,0xf0,0x08,0x00,
	0x00,0x00,0x00,0x00,0x00,0x00,0x00,0x00,0x00,0x00,0x00,0x00,0x00,0x00,0x00,0x00,
	0x00,0x00,0x00,0x00,0x00,0x00,0x00,0x00,0x00,0x00,0x00,0x00,0x00,0x00,0x00,0x00,
	0x00,0x00,0x00,0x00,0x00,0x00,0x00,0x00,0x00,0x00,0x00,0x00,0x00,0x00,0x00,0x00,
	0x00,0x00,0x00,0x00,0xc0,0x6f,0x08,0x00,0x00,0xb4,0x03,0xc0,0x08,0x01,0x24,0x01,
	0x00,0xb2,0x03,0xc0,0xd4,0x50,0x20,0x51,0x00,0xb3,0x03,0xc0,0xfc,0x57,0x4c,0x58,
	0x00,0x00,0x00,0x00,0x00,0x00,0x00,0x00,0x00,0x00,0x00,0x00,0x00,0x00,0x00,0x00,
	0x00,0x00,0x00,0x00,0x00,0x00,0x00,0x00,0x00,0x00,0x00,0x00,0x00,0x00,0x00,0x00,
	0x00,0x00,0x00,0x00,0x00,0x00,0x00,0x00,0x00,0x00,0x00,0x00,0x00,0x00,0x00,0x00,
	0x00,0x00,0x00,0x00,0x40,0x40,0x0a,0x0c,0x00,0x00,0x02,0x00,0x00,0x00,0x00,0x00,
	0x00,0x00,0x00,0x00,0x00,0x00,0x00,0x00,0x00,0x00,0x00,0x00,0x00,0x00,0x00,0x00,
	0x00,0x00,0x00,0x00,0x00,0x00,0x00,0x00,0x00,0x00,0x00,0x00,0x00,0x00,0x00,0x00,
	0x00,0x00,0x00,0x00,0x00,0x00,0x00,0x00,0x00,0x00,0x00,0x00,0x00,0x00,0x00,0x00,
	0x00,0x00,0x00,0x00,0x00,0x00,0x00,0x00,0x00,0x00,0x00,0x00,0x00,0x00,0x00,0x00,
	0x00,0x00,0x00,0x00,0x00,0x00,0x00,0x00,0x00,0x00,0x00,0x00,0x00,0x00,0x00,0x00,
	0x00,0x00,0x00,0x00,0x00,0x00,0x00,0x00,0x00,0x00,0x00,0x00,0x00,0x00,0x00,0x00,
	0x00,0x00,0x00,0x00,0x00,0x00,0x00,0x00,0x00,0x00,0x00,0x00,0x00,0x00,0x00,0x00,
	0x00,0x00,0x00,0x00,0x00,0x00,0x00,0x00,0x00,0x00,0x00,0x00,0x00,0x00,0x00,0x00,
	0x00,0x00,0x00,0x00,0x00,0x00,0x00,0x00,0x00,0x00,0x00,0x00,0x00,0x00,0x00,0x00,
	0x00,0x00,0x00,0x00,0x00,0x00,0x00,0x00,0x00,0x00,0x00,0x00,0x00,0x00,0x00,0x00,
	0x00,0x00,0x00,0x00,0x00,0x00,0x00,0x00,0x00,0x00,0x00,0x00,0x00,0x00,0x00,0x00,
	0x00,0x00,0x00,0x00,0x00,0x00,0x00,0x00,0x00,0x00,0x00,0x00,0x00,0x00,0x00,0x00,
	0x00,0x00,0x00,0x00,0x00,0x00,0x00,0x00,0x00,0x00,0x00,0x00,0x00,0x00,0x00,0x00,
	0x00,0x00,0x00,0x00,0x00,0x00,0x00,0x00,0x00,0x00,0x00,0x00,0x00,0x00,0x00,0x00,
	0x00,0x00,0x00,0x00,0x00,0x00,0x00,0x00,0x00,0x00,0x00,0x00,0x00,0x00,0x00,0x00,
	0x00,0x00,0x00,0x00,0x00,0x00,0x00,0x00,0x00,0x00,0x00,0x00,0x00,0x00,0x01,0x04,
	0x05,0x00,0x00,0x00,0x00,0x55,0x04,0x00,0x00,0x08,0x01,0x02,0x54,0x47,0xc0,0x49,
	0x00,0x00,0x01,0x02,0x24,0x01,0x1c,0x03,0x00,0x00,0x01,0x01,0x00,0x00,0x00,0x00,
	0x00,0x01,0x08,0x00,0x00,0x00,0x01,0x01,0x00,0x00,0x00,0x00,0xfc,0x00,0x08,0x00,
	0x00,0x00,0x01,0x01,0x00,0x00,0x00,0x00,0xf8,0x00,0x08,0x00,0x00,0x00,0x01,0x01,
	0x00,0x00,0x00,0x00,0xf4,0x00,0x08,0x00,0x00,0x00,0x01,0x01,0x00,0x00,0x00,0x00,
	0xf0,0x00,0x08,0x00,0x00,0x00,0x01,0x01,0x00,0x00,0x00,0x00,0xec,0x00,0x08,0x00,
	0x00,0x00,0x01,0x01,0x00,0x00,0x00,0x00,0xe8,0x00,0x08,0x00,0x00,0x00,0x01,0x01,
	0x00,0x00,0x00,0x00,0xc0,0x00,0x08,0x00,0x00,0x00,0x01,0x01,0x00,0x00,0x00,0x00,
	0xbc,0x00,0x08,0x00,0x00,0x00,0x01,0x01,0x00,0x00,0x00,0x00,0x9c,0x68,0x08,0x00,
	0x00,0x00,0x01,0x01,0x00,0x00,0x00,0x00,0x98,0x68,0x08,0x00,0x00,0x00,0x01,0x01,
	0x00,0x00,0x00,0x00,0x94,0x68,0x08,0x00,0x00,0x00,0x01,0x01,0x00,0x00,0x00,0x00,
	0x90,0x68,0x08,0x00,0x00,0x00,0x01,0x01,0x00,0x00,0x00,0x00,0x68,0x68,0x08,0x00,
	0x00,0x00,0x01,0x01,0x00,0x00,0x00,0x00,0x64,0x68,0x08,0x00,0x00,0x00,0x01,0x01,
	0x00,0x00,0x00,0x00,0x60,0x68,0x08,0x00,0x00,0x00,0x01,0x01,0x00,0x00,0x00,0x00,
	0x5c,0x68,0x08,0x00,0x00,0x00,0x01,0x01,0x00,0x00,0x00,0x00,0x58,0x68,0x08,0x00,
	0x00,0x00,0x01,0x01,0x00,0x00,0x00,0x00,0x54,0x68,0x08,0x00,0x00,0x00,0x01,0x01,
	0x00,0x00,0x00,0x00,0x50,0x68,0x08,0x00,0x00,0x00,0x01,0x01,0x00,0x00,0x00,0x00,
	0x4c,0x68,0x08,0x00,0x00,0x00,0x01,0x01,0x01,0x00,0x00,0x10,0xd0,0x00,0x08,0x00,
	0x00,0x00,0x01,0x01,0x00,0x00,0x00,0x00,0xc8,0x00,0x08,0x00,0x00,0x00,0x01,0x01,
	0x00,0x00,0x00,0x00,0xc4,0x00,0x08,0x00,0x00,0x00,0x01,0x01,0x00,0x00,0x00,0x00,
	0xa4,0x68,0x08,0x00,0x00,0x00,0x01,0x01,0x00,0x00,0x00,0x00,0xa0,0x68,0x08,0x00,
	0x00,0x00,0x01,0x01,0x00,0x00,0x00,0x00,0xf0,0xf3,0x05,0x00,0x00,0x00,0x01,0x01,
	0x00,0x00,0x00,0x00,0xf0,0xf7,0x05,0x00,0x05,0x00,0x01,0x04,0x01,0x00,0x00,0x00,
	0x64,0xf0,0x08,0x00,0x00,0x00,0x01,0x01,0x00,0x00,0x00,0xd0,0xe0,0xf0,0x08,0x00,
	0x05,0x00,0x01,0x04,0x00,0x00,0x00,0x80,0x60,0xf0,0x05,0x00,0x05,0x00,0x01,0x04,
	0x00,0x00,0x00,0x80,0x60,0xf4,0x05,0x00,0x05,0x00,0x01,0x04,0x00,0x00,0x00,0x80,
	0x60,0xf8,0x05,0x00,0x05,0x00,0x01,0x04,0x00,0x00,0x00,0x80,0x60,0xfc,0x05,0x00,
	0x00,0x00,0x00,0x01,0x28,0x40,0x06,0x00,0xc4,0x68,0x08,0x00,0x04,0x00,0x01,0x04,
	0x00,0x00,0xe0,0x01,0xc4,0x68,0x08,0x00,0x00,0x00,0x01,0x04,0x00,0x00,0x00,0x00,
	0xc4,0x68,0x08,0x00,0x00,0x08,0x00,0x02,0xe4,0x4c,0x4c,0x4d,0x00,0x00,0x00,0x01,
	0x28,0x41,0x06,0x00,0xc0,0x68,0x08,0x00,0x04,0x00,0x01,0x04,0x00,0x00,0xe0,0x01,
	0xc0,0x68,0x08,0x00,0x00,0x00,0x01,0x04,0x00,0x00,0x00,0x00,0xc0,0x68,0x08,0x00,
	0x00,0x08,0x00,0x02,0xe4,0x4c,0x4c,0x4d,0x00,0x00,0x01,0x02,0x1c,0x03,0xc0,0x03,
	0x00,0x00,0x00,0x01,0x04,0x55,0x04,0x00,0xb4,0x68,0x08,0x00,0x04,0x00,0x01,0x04,
	0x03,0x00,0x00,0x00,0xb4,0x68,0x08,0x00,0x00,0x00,0x01,0x04,0x00,0x00,0x00,0x00,
	0xb4,0x68,0x08,0x00,0x00,0x08,0x01,0x02,0xe4,0x4c,0x4c,0x4d,0x05,0x00,0x01,0x04,
	0x01,0x00,0x00,0x00,0x80,0xf0,0x08,0x00,0x05,0x00,0x01,0x04,0x01,0x00,0x00,0x00,
	0x84,0x20,0x04,0x00,0x00,0x00,0x00,0x01,0x24,0x54,0x04,0x00,0xf0,0x68,0x08,0x00,
	0x04,0x00,0x01,0x04,0x80,0x00,0x00,0x00,0xf0,0x68,0x08,0x00,0x00,0x00,0x01,0x04,
	0x80,0x00,0x00,0x00,0xf0,0x68,0x08,0x00,0x00,0x08,0x01,0x02,0xe4,0x4c,0x4c,0x4d,
	0x00,0x00,0x00,0x01,0x00,0x42,0x04,0x00,0xd0,0x68,0x08,0x00,0x04,0x00,0x01,0x04,
	0xff,0xff,0xff,0x7f,0xd0,0x68,0x08,0x00,0x00,0x00,0x01,0x04,0x00,0x00,0x00,0x00,
	0xd0,0x68,0x08,0x00,0x00,0x08,0x01,0x02,0x3c,0x04,0x8c,0x05,0x00,0x00,0x01,0x02,
	0xc0,0x03,0x3c,0x04,0x00,0x00,0x01,0x01,0x00,0x00,0x00,0x00,0xcc,0x68,0x08,0x00,
	0x05,0x00,0x00,0x04,0x68,0x44,0x04,0x00,0xcc,0x68,0x08,0x00,0x05,0x00,0x00,0x04,
	0x88,0x44,0x04,0x00,0xcc,0x68,0x08,0x00,0x05,0x00,0x00,0x04,0x78,0x44,0x04,0x00,
	0xcc,0x68,0x08,0x00,0x05,0x00,0x00,0x04,0x08,0x44,0x04,0x00,0xcc,0x68,0x08,0x00,
	0x05,0x00,0x00,0x04,0x48,0x44,0x04,0x00,0xcc,0x68,0x08,0x00,0x05,0x00,0x00,0x04,
	0x18,0x08,0x06,0x00,0xcc,0x68,0x08,0x00,0x05,0x00,0x00,0x04,0x58,0x70,0x06,0x00,
	0xcc,0x68,0x08,0x00,0x00,0x00,0x01,0x04,0x00,0x00,0x00,0x00,0xcc,0x68,0x08,0x00,
	0x00,0x08,0x01,0x02,0x3c,0x04,0x8c,0x05,0x00,0x00,0x01,0x02,0xe4,0x4c,0x4c,0x4d,
	0x00,0x00,0x00,0x01,0x50,0x52,0x04,0x00,0xbc,0x6f,0x08,0x00,0x00,0x00,0x00,0x01,
	0x54,0x52,0x04,0x00,0xb8,0x6f,0x08,0x00,0x00,0x00,0x00,0x01,0x4c,0x65,0x04,0x00,
	0xb4,0x6f,0x08,0x00,0x00,0x00,0x00,0x01,0x50,0x65,0x04,0x00,0xb0,0x6f,0x08,0x00,
	0x00,0x00,0x00,0x01,0x94,0xb0,0x06,0x00,0xac,0x6f,0x08,0x00,0x00,0x00,0x00,0x01,
	0x94,0xb8,0x06,0x00,0xa8,0x6f,0x08,0x00,0x00,0x00,0x00,0x01,0x00,0xb4,0x06,0x00,
	0xa4,0x6f,0x08,0x00,0x00,0x00,0x00,0x01,0x00,0xbc,0x06,0x00,0xa0,0x6f,0x08,0x00,
	0x00,0x00,0x00,0x01,0x00,0xb0,0x06,0x00,0x9c,0x6f,0x08,0x00,0x00,0x00,0x00,0x01,
	0x0c,0xb0,0x06,0x00,0x98,0x6f,0x08,0x00,0x00,0x00,0x00,0x01,0x10,0xb0,0x06,0x00,
	0x94,0x6f,0x08,0x00,0x00,0x00,0x00,0x01,0x00,0xb8,0x06,0x00,0x90,0x6f,0x08,0x00,
	0x00,0x00,0x00,0x01,0x0c,0xb8,0x06,0x00,0x8c,0x6f,0x08,0x00,0x00,0x00,0x00,0x01,
	0x10,0xb8,0x06,0x00,0x88,0x6f,0x08,0x00,0x00,0x00,0x00,0x01,0x08,0xb0,0x07,0x00,
	0x84,0x6f,0x08,0x00,0x00,0x00,0x00,0x01,0x08,0xb8,0x07,0x00,0x80,0x6f,0x08,0x00,
	0x00,0x00,0x00,0x01,0x40,0x09,0x06,0x00,0x7c,0x6f,0x08,0x00,0x00,0x00,0x00,0x01,
	0x40,0x19,0x06,0x00,0x78,0x6f,0x08,0x00,0x00,0x00,0x00,0x01,0x34,0xb0,0x06,0x00,
	0x74,0x6f,0x08,0x00,0x00,0x00,0x00,0x01,0x34,0xb8,0x06,0x00,0x70,0x6f,0x08,0x00,
	0x00,0x00,0x00,0x01,0x24,0x54,0x04,0x00,0xf0,0x68,0x08,0x00,0x04,0x00,0x01,0x04,
	0x40,0x00,0x00,0x00,0xf0,0x68,0x08,0x00,0x00,0x00,0x01,0x04,0x40,0x00,0x00,0x00,
	0xf0,0x68,0x08,0x00,0x00,0x08,0x01,0x02,0x20,0x06,0x8c,0x06,0x00,0x00,0x00,0x01,
	0x24,0x54,0x04,0x00,0xf0,0x68,0x08,0x00,0x04,0x00,0x01,0x04,0x02,0x00,0x00,0x00,
	0xf0,0x68,0x08,0x00,0x00,0x00,0x01,0x04,0x02,0x00,0x00,0x00,0xf0,0x68,0x08,0x00,
	0x00,0x08,0x01,0x02,0x8c,0x05,0xa0,0x05,0x00,0x00,0x01,0x02,0xa0,0x05,0x0c,0x06,
	0x00,0x00,0x01,0x01,0x01,0x00,0x00,0x00,0x50,0x68,0x08,0x00,0x00,0x00,0x01,0x02,
	0xa0,0x05,0x0c,0x06,0x00,0x00,0x00,0x01,0x24,0x54,0x04,0x00,0xf0,0x68,0x08,0x00,
	0x04,0x00,0x01,0x04,0x20,0x00,0x00,0x00,0xf0,0x68,0x08,0x00,0x00,0x00,0x01,0x04,
	0x20,0x00,0x00,0x00,0xf0,0x68,0x08,0x00,0x00,0x08,0x01,0x02,0xf0,0x07,0x5c,0x08,
	0x00,0x00,0x00,0x01,0x24,0x54,0x04,0x00,0xf0,0x68,0x08,0x00,0x04,0x00,0x01,0x04,
	0x01,0x00,0x00,0x00,0xf0,0x68,0x08,0x00,0x00,0x00,0x01,0x04,0x00,0x00,0x00,0x00,
	0xf0,0x68,0x08,0x00,0x00,0x08,0x01,0x02,0x58,0x0c,0xf4,0x0c,0x00,0x00,0x01,0x01,
	0x01,0x00,0x00,0x00,0x4c,0x68,0x08,0x00,0x00,0x00,0x01,0x02,0xc0,0x09,0xf4,0x09,
	0x00,0x00,0x01,0x01,0x01,0x00,0x00,0x00,0x4c,0x68,0x08,0x00,0x00,0x00,0x01,0x02,
	0x58,0x0c,0xf4,0x0c,0x00,0x00,0x00,0x01,0x00,0x18,0x06,0x00,0xec,0x68,0x08,0x00,
	0x04,0x00,0x01,0x04,0x00,0x00,0x00,0x80,0xec,0x68,0x08,0x00,0x00,0x00,0x01,0x04,
	0x00,0x00,0x00,0x80,0xec,0x68,0x08,0x00,0x00,0x08,0x01,0x02,0x8c,0x06,0xcc,0x06,
	0x00,0x00,0x00,0x01,0x00,0x19,0x06,0x00,0xf0,0x68,0x08,0x00,0x04,0x00,0x01,0x04,
	0x00,0x00,0x00,0x80,0xf0,0x68,0x08,0x00,0x00,0x00,0x01,0x04,0x00,0x00,0x00,0x80,
	0xf0,0x68,0x08,0x00,0x00,0x08,0x01,0x02,0xcc,0x06,0x2c,0x07,0x00,0x00,0x01,0x01,
	0x01,0x00,0x00,0x00,0x5c,0x68,0x08,0x00,0x00,0x00,0x01,0x02,0xa0,0x05,0x0c,0x06,
	0x00,0x00,0x00,0x01,0x40,0x18,0x06,0x00,0xe8,0x68,0x08,0x00,0x04,0x00,0x01,0x04,
	0x00,0x00,0x00,0xe0,0xe8,0x68,0x08,0x00,0x00,0x00,0x01,0x04,0x00,0x00,0x00,0x40,
	0xe8,0x68,0x08,0x00,0x00,0x08,0x00,0x02,0xa8,0x4e,0x38,0x4f,0x00,0x00,0x01,0x01,
	0x01,0x00,0x00,0x00,0x58,0x68,0x08,0x00,0x00,0x00,0x01,0x02,0xa0,0x05,0x0c,0x06,
	0x00,0x00,0x00,0x01,0x40,0x19,0x06,0x00,0xf0,0x68,0x08,0x00,0x04,0x00,0x01,0x04,
	0x00,0x00,0x00,0xf0,0xf0,0x68,0x08,0x00,0x00,0x00,0x01,0x04,0x00,0x00,0x00,0x80,
	0xf0,0x68,0x08,0x00,0x00,0x08,0x01,0x02,0x2c,0x07,0x60,0x07,0x00,0x00,0x00,0x01,
	0x04,0x55,0x04,0x00,0xb4,0x68,0x08,0x00,0x04,0x00,0x01,0x04,0x03,0x00,0x00,0x00,
	0xb4,0x68,0x08,0x00,0x00,0x00,0x01,0x04,0x03,0x00,0x00,0x00,0xb4,0x68,0x08,0x00,
	0x00,0x08,0x01,0x02,0x80,0x07,0xbc,0x07,0x00,0x00,0x01,0x02,0xa8,0x4e,0x38,0x4f,
	0x00,0x00,0x00,0x01,0x04,0x55,0x04,0x00,0xb4,0x68,0x08,0x00,0x04,0x00,0x01,0x04,
	0x03,0x00,0x00,0x00,0xb4,0x68,0x08,0x00,0x00,0x00,0x01,0x04,0x03,0x00,0x00,0x00,
	0xb4,0x68,0x08,0x00,0x00,0x08,0x01,0x03,0x74,0x07,0x80,0x07,0x00,0x00,0x01,0x02,
	0x60,0x07,0x74,0x07,0x00,0x00,0x01,0x01,0x01,0x00,0x00,0x00,0x54,0x68,0x08,0x00,
	0x00,0x00,0x01,0x02,0xa0,0x05,0x0c,0x06,0x00,0x00,0x01,0x01,0x01,0x00,0x00,0x00,
	0xa4,0x68,0x08,0x00,0x00,0x00,0x01,0x03,0x74,0x07,0x80,0x07,0x00,0x00,0x00,0x01,
	0x40,0x19,0x06,0x00,0xf0,0x68,0x08,0x00,0x04,0x00,0x01,0x04,0x00,0x00,0x00,0xf0,
	0xf0,0x68,0x08,0x00,0x00,0x00,0x01,0x04,0x00,0x00,0x00,0x30,0xf0,0x68,0x08,0x00,
	0x00,0x08,0x01,0x02,0xbc,0x07,0xf0,0x07,0x00,0x00,0x01,0x02,0xa8,0x4e,0x38,0x4f,
	0x00,0x00,0x00,0x01,0x40,0x19,0x06,0x00,0xf0,0x68,0x08,0x00,0x04,0x00,0x01,0x04,
	0x00,0x08,0x00,0x00,0xf0,0x68,0x08,0x00,0x00,0x00,0x01,0x04,0x00,0x08,0x00,0x00,
	0xf0,0x68,0x08,0x00,0x00,0x08,0x01,0x02,0xa8,0x4e,0x38,0x4f,0x00,0x00,0x01,0x02,
	0x60,0x07,0x74,0x07,0x00,0x00,0x00,0x01,0x00,0x08,0x06,0x00,0xec,0x68,0x08,0x00,
	0x04,0x00,0x01,0x04,0x00,0x00,0x00,0x80,0xec,0x68,0x08,0x00,0x00,0x00,0x01,0x04,
	0x00,0x00,0x00,0x80,0xec,0x68,0x08,0x00,0x00,0x08,0x01,0x02,0x5c,0x08,0x9c,0x08,
	0x00,0x00,0x00,0x01,0x00,0x09,0x06,0x00,0xf0,0x68,0x08,0x00,0x04,0x00,0x01,0x04,
	0x00,0x00,0x00,0x80,0xf0,0x68,0x08,0x00,0x00,0x00,0x01,0x04,0x00,0x00,0x00,0x80,
	0xf0,0x68,0x08,0x00,0x00,0x08,0x01,0x02,0x9c,0x08,0xfc,0x08,0x00,0x00,0x01,0x01,
	0x01,0x00,0x00,0x00,0x68,0x68,0x08,0x00,0x00,0x00,0x01,0x02,0xc0,0x09,0xf4,0x09,
	0x00,0x00,0x00,0x01,0x40,0x08,0x06,0x00,0xe8,0x68,0x08,0x00,0x04,0x00,0x01,0x04,
	0x00,0x00,0x00,0xe0,0xe8,0x68,0x08,0x00,0x00,0x00,0x01,0x04,0x00,0x00,0x00,0x40,
	0xe8,0x68,0x08,0x00,0x00,0x08,0x00,0x02,0xa8,0x4e,0x38,0x4f,0x00,0x00,0x01,0x01,
	0x01,0x00,0x00,0x00,0x64,0x68,0x08,0x00,0x00,0x00,0x01,0x02,0x58,0x0c,0xf4,0x0c,
	0x00,0x00,0x00,0x01,0x40,0x09,0x06,0x00,0xf0,0x68,0x08,0x00,0x04,0x00,0x01,0x04,
	0x00,0x00,0x00,0xf0,0xf0,0x68,0x08,0x00,0x00,0x00,0x01,0x04,0x00,0x00,0x00,0x80,
	0xf0,0x68,0x08,0x00,0x00,0x08,0x01,0x02,0xfc,0x08,0x30,0x09,0x00,0x00,0x00,0x01,
	0x04,0x55,0x04,0x00,0xb4,0x68,0x08,0x00,0x04,0x00,0x01,0x04,0x03,0x00,0x00,0x00,
	0xb4,0x68,0x08,0x00,0x00,0x00,0x01,0x04,0x03,0x00,0x00,0x00,0xb4,0x68,0x08,0x00,
	0x00,0x08,0x01,0x02,0x50,0x09,0x8c,0x09,0x00,0x00,0x01,0x02,0xa8,0x4e,0x38,0x4f,
	0x00,0x00,0x00,0x01,0x04,0x55,0x04,0x00,0xb4,0x68,0x08,0x00,0x04,0x00,0x01,0x04,
	0x03,0x00,0x00,0x00,0xb4,0x68,0x08,0x00,0x00,0x00,0x01,0x04,0x03,0x00,0x00,0x00,
	0xb4,0x68,0x08,0x00,0x00,0x08,0x01,0x03,0x44,0x09,0x50,0x09,0x00,0x00,0x01,0x02,
	0x30,0x09,0x44,0x09,0x00,0x00,0x01,0x01,0x01,0x00,0x00,0x00,0x60,0x68,0x08,0x00,
	0x00,0x00,0x01,0x02,0x58,0x0c,0xf4,0x0c,0x00,0x00,0x01,0x01,0x01,0x00,0x00,0x00,
	0xa4,0x68,0x08,0x00,0x00,0x00,0x01,0x03,0x44,0x09,0x50,0x09,0x00,0x00,0x00,0x01,
	0x40,0x09,0x06,0x00,0xf0,0x68,0x08,0x00,0x04,0x00,0x01,0x04,0x00,0x00,0x00,0xf0,
	0xf0,0x68,0x08,0x00,0x00,0x00,0x01,0x04,0x00,0x00,0x00,0x30,0xf0,0x68,0x08,0x00,
	0x00,0x08,0x01,0x02,0x8c,0x09,0xc0,0x09,0x00,0x00,0x01,0x02,0xa8,0x4e,0x38,0x4f,
	0x00,0x00,0x00,0x01,0x40,0x09,0x06,0x00,0xf0,0x68,0x08,0x00,0x04,0x00,0x01,0x04,
	0x00,0x08,0x00,0x00,0xf0,0x68,0x08,0x00,0x00,0x00,0x01,0x04,0x00,0x08,0x00,0x00,
	0xf0,0x68,0x08,0x00,0x00,0x08,0x01,0x02,0xa8,0x4e,0x38,0x4f,0x00,0x00,0x01,0x02,
	0x30,0x09,0x44,0x09,0x00,0x00,0x00,0x01,0x00,0xb4,0x06,0x00,0xec,0x68,0x08,0x00,
	0x04,0x00,0x01,0x04,0x00,0x00,0x00,0x80,0xec,0x68,0x08,0x00,0x00,0x00,0x01,0x04,
	0x00,0x00,0x00,0x80,0xec,0x68,0x08,0x00,0x00,0x08,0x01,0x02,0x28,0x0a,0xc8,0x0a,
	0x00,0x00,0x01,0x02,0xf4,0x09,0x28,0x0a,0x00,0x00,0x00,0x01,0x00,0xbc,0x06,0x00,
	0xf0,0x68,0x08,0x00,0x04,0x00,0x01,0x04,0x00,0x00,0x00,0x80,0xf0,0x68,0x08,0x00,
	0x00,0x00,0x01,0x04,0x00,0x00,0x00,0x80,0xf0,0x68,0x08,0x00,0x00,0x08,0x01,0x02,
	0x40,0x0b,0xe0,0x0b,0x00,0x00,0x01,0x02,0x58,0x0c,0xf4,0x0c,0x00,0x00,0x00,0x01,
	0x38,0xb0,0x06,0x00,0xe8,0x68,0x08,0x00,0x04,0x00,0x01,0x04,0x04,0x00,0x00,0x00,
	0xe8,0x68,0x08,0x00,0x00,0x00,0x01,0x04,0x00,0x00,0x00,0x00,0xe8,0x68,0x08,0x00,
	0x00,0x08,0x01,0x02,0xa8,0x4e,0x38,0x4f,0x00,0x00,0x00,0x01,0x08,0xb0,0x07,0x00,
	0x84,0x6f,0x08,0x00,0x00,0x00,0x00,0x01,0x00,0xb4,0x06,0x00,0xa4,0x6f,0x08,0x00,
	0x00,0x00,0x00,0x01,0x94,0xb0,0x06,0x00,0xac,0x6f,0x08,0x00,0x00,0x00,0x00,0x01,
	0x00,0xb0,0x06,0x00,0x9c,0x6f,0x08,0x00,0x00,0x00,0x00,0x01,0x0c,0xb0,0x06,0x00,
	0x98,0x6f,0x08,0x00,0x00,0x00,0x00,0x01,0x10,0xb0,0x06,0x00,0x94,0x6f,0x08,0x00,
	0x04,0x00,0x01,0x04,0xff,0xff,0xff,0x7f,0x08,0xb0,0x07,0x00,0x05,0x00,0x01,0x04,
	0x01,0x00,0x00,0x00,0xd8,0xb0,0x06,0x00,0x04,0x00,0x01,0x04,0xff,0xfe,0xff,0xff,
	0xd8,0xb0,0x06,0x00,0x00,0x00,0x01,0x02,0xc8,0x0a,0x2c,0x0b,0x01,0x00,0x01,0x04,
	0x01,0x00,0x00,0x00,0xc8,0x00,0x08,0x00,0x00,0x00,0x01,0x01,0x05,0x00,0x00,0x00,
	0x90,0xf0,0x08,0x00,0x00,0x15,0x03,0x05,0x00,0x00,0x00,0x01,0xd8,0xb0,0x06,0x00,
	0xf0,0x68,0x08,0x00,0x04,0x00,0x01,0x04,0x00,0x00,0x01,0x00,0xf0,0x68,0x08,0x00,
	0x00,0x00,0x01,0x04,0x00,0x00,0x01,0x00,0xf0,0x68,0x08,0x00,0x00,0x08,0x01,0x02,
	0x2c,0x0b,0x40,0x0b,0x00,0x00,0x01,0x04,0x0a,0x00,0x00,0x00,0xc8,0x00,0x08,0x00,
	0x00,0x08,0x01,0x02,0xa8,0x4e,0x38,0x4f,0x00,0x00,0x01,0x02,0xc8,0x0a,0x2c,0x0b,
	0x04,0x00,0x01,0x04,0xff,0xff,0xff,0x87,0x00,0xb4,0x06,0x00,0x00,0x00,0x01,0x02,
	0xf4,0x09,0x28,0x0a,0x00,0x00,0x00,0x01,0x38,0xb0,0x06,0x00,0xe8,0x68,0x08,0x00,
	0x04,0x00,0x01,0x04,0x08,0x00,0x00,0x00,0xe8,0x68,0x08,0x00,0x00,0x00,0x01,0x04,
	0x00,0x00,0x00,0x00,0xe8,0x68,0x08,0x00,0x00,0x08,0x01,0x02,0xa8,0x4e,0x38,0x4f,
	0x00,0x00,0x00,0x01,0x08,0xb8,0x07,0x00,0x80,0x6f,0x08,0x00,0x00,0x00,0x00,0x01,
	0x00,0xbc,0x06,0x00,0xa0,0x6f,0x08,0x00,0x00,0x00,0x00,0x01,0x94,0xb8,0x06,0x00,
	0xa8,0x6f,0x08,0x00,0x00,0x00,0x00,0x01,0x00,0xb8,0x06,0x00,0x90,0x6f,0x08,0x00,
	0x00,0x00,0x00,0x01,0x0c,0xb8,0x06,0x00,0x8c,0x6f,0x08,0x00,0x00,0x00,0x00,0x01,
	0x10,0xb8,0x06,0x00,0x88,0x6f,0x08,0x00,0x04,0x00,0x01,0x04,0xff,0xff,0xff,0x7f,
	0x08,0xb8,0x07,0x00,0x05,0x00,0x01,0x04,0x01,0x00,0x00,0x00,0xd8,0xb8,0x06,0x00,
	0x04,0x00,0x01,0x04,0xff,0xfe,0xff,0xff,0xd8,0xb8,0x06,0x00,0x00,0x00,0x01,0x02,
	0xe0,0x0b,0x44,0x0c,0x01,0x00,0x01,0x04,0x01,0x00,0x00,0x00,0xc4,0x00,0x08,0x00,
	0x00,0x00,0x01,0x01,0x05,0x00,0x00,0x00,0x90,0xf0,0x08,0x00,0x00,0x15,0x03,0x05,
	0x00,0x00,0x00,0x01,0xd8,0xb8,0x06,0x00,0xf0,0x68,0x08,0x00,0x04,0x00,0x01,0x04,
	0x00,0x00,0x01,0x00,0xf0,0x68,0x08,0x00,0x00,0x00,0x01,0x04,0x00,0x00,0x01,0x00,
	0xf0,0x68,0x08,0x00,0x00,0x08,0x01,0x02,0x44,0x0c,0x58,0x0c,0x00,0x00,0x01,0x04,
	0x0a,0x00,0x00,0x00,0xc4,0x00,0x08,0x00,0x00,0x08,0x01,0x02,0xa8,0x4e,0x38,0x4f,
	0x00,0x00,0x01,0x02,0xe0,0x0b,0x44,0x0c,0x04,0x00,0x01,0x04,0xff,0xff,0xff,0x87,
	0x00,0xbc,0x06,0x00,0x00,0x00,0x01,0x02,0x58,0x0c,0xf4,0x0c,0x00,0x00,0x00,0x01,
	0x64,0xf0,0x08,0x00,0x38,0x68,0x08,0x00,0x04,0x00,0x01,0x04,0x01,0x00,0x00,0x00,
	0x38,0x68,0x08,0x00,0x00,0x00,0x01,0x04,0x01,0x00,0x00,0x00,0x38,0x68,0x08,0x00,
	0x00,0x08,0x01,0x02,0xe4,0x4c,0x4c,0x4d,0x01,0x00,0x01,0x04,0x01,0x00,0x00,0x00,
	0xb0,0x00,0x08,0x00,0x01,0x00,0x01,0x04,0x01,0x00,0x00,0x00,0x54,0xf0,0x08,0x00,
	0x00,0x00,0x01,0x04,0x01,0x00,0x00,0x00,0x58,0x68,0x08,0x00,0x00,0x08,0x01,0x02,
	0x4c,0x0d,0x78,0x0d,0x00,0x00,0x01,0x04,0x01,0x00,0x00,0x00,0x54,0x68,0x08,0x00,
	0x00,0x08,0x01,0x02,0x4c,0x0d,0x78,0x0d,0x00,0x00,0x01,0x04,0x01,0x00,0x00,0x00,
	0x5c,0x68,0x08,0x00,0x00,0x08,0x01,0x02,0x4c,0x0d,0x78,0x0d,0x00,0x00,0x01,0x04,
	0x01,0x00,0x00,0x00,0x50,0x68,0x08,0x00,0x00,0x08,0x01,0x02,0x78,0x0d,0xb0,0x0d,
	0x00,0x00,0x01,0x02,0xf4,0x0c,0x4c,0x0d,0x00,0x00,0x01,0x04,0x01,0x00,0x00,0x00,
	0x64,0x68,0x08,0x00,0x00,0x08,0x01,0x02,0xb0,0x0d,0xdc,0x0d,0x00,0x00,0x01,0x04,
	0x01,0x00,0x00,0x00,0x60,0x68,0x08,0x00,0x00,0x08,0x01,0x02,0xb0,0x0d,0xdc,0x0d,
	0x00,0x00,0x01,0x04,0x01,0x00,0x00,0x00,0x68,0x68,0x08,0x00,0x00,0x08,0x01,0x02,
	0xb0,0x0d,0xdc,0x0d,0x00,0x00,0x01,0x04,0x01,0x00,0x00,0x00,0x4c,0x68,0x08,0x00,
	0x00,0x08,0x01,0x02,0xdc,0x0d,0x14,0x0e,0x00,0x00,0x01,0x02,0xf4,0x0f,0x04,0x14,
	0x00,0x00,0x01,0x01,0x01,0x00,0x00,0x00,0x90,0x68,0x08,0x00,0x00,0x00,0x01,0x01,
	0x01,0x00,0x00,0x00,0x54,0x52,0x04,0x00,0x00,0x00,0x01,0x01,0x8c,0x96,0x9c,0x96,
	0x00,0xf4,0x05,0x00,0x00,0x00,0x01,0x02,0xf4,0x0c,0x4c,0x0d,0x00,0x00,0x01,0x01,
	0x01,0x00,0x00,0x00,0x98,0x68,0x08,0x00,0x00,0x00,0x01,0x01,0x01,0x00,0x00,0x00,
	0x54,0x52,0x04,0x00,0x05,0x00,0x01,0x04,0x00,0x10,0x00,0x00,0x50,0x65,0x04,0x00,
	0x00,0x00,0x01,0x01,0x9c,0x96,0xa4,0x96,0x00,0xf4,0x05,0x00,0x00,0x00,0x01,0x02,
	0xf4,0x0c,0x4c,0x0d,0x00,0x00,0x01,0x01,0x01,0x00,0x00,0x00,0x94,0x68,0x08,0x00,
	0x00,0x00,0x01,0x01,0x01,0x00,0x00,0x00,0x50,0x52,0x04,0x00,0x00,0x00,0x01,0x01,
	0x6c,0x12,0x7c,0x12,0x00,0xf0,0x05,0x00,0x00,0x00,0x01,0x02,0xf4,0x0f,0x04,0x14,
	0x00,0x00,0x01,0x01,0x01,0x00,0x00,0x00,0x9c,0x68,0x08,0x00,0x00,0x00,0x01,0x01,
	0x01,0x00,0x00,0x00,0x50,0x52,0x04,0x00,0x05,0x00,0x01,0x04,0x00,0x10,0x00,0x00,
	0x4c,0x65,0x04,0x00,0x00,0x00,0x01,0x01,0x7c,0x12,0x84,0x12,0x00,0xf0,0x05,0x00,
	0x00,0x00,0x01,0x02,0xf4,0x0f,0x04,0x14,0x00,0x00,0x01,0x01,0x05,0x00,0x00,0x00,
	0x90,0xf0,0x08,0x00,0x00,0x15,0x03,0x05,0x00,0x00,0x00,0x01,0xf0,0xf7,0x05,0x00,
	0xf0,0x68,0x08,0x00,0x04,0x00,0x01,0x04,0x03,0x00,0x00,0x00,0xf0,0x68,0x08,0x00,
	0x00,0x00,0x01,0x04,0x03,0x00,0x00,0x00,0xf0,0x68,0x08,0x00,0x00,0x08,0x00,0x02,
	0x14,0x0e,0x50,0x0e,0x00,0x00,0x01,0x01,0x05,0x00,0x00,0x00,0x90,0xf0,0x08,0x00,
	0x00,0x15,0x03,0x05,0x00,0x00,0x00,0x01,0xf0,0xf7,0x05,0x00,0xf0,0x68,0x08,0x00,
	0x04,0x00,0x01,0x04,0x01,0x00,0x00,0x00,0xf0,0x68,0x08,0x00,0x00,0x00,0x01,0x04,
	0x01,0x00,0x00,0x00,0xf0,0x68,0x08,0x00,0x00,0x08,0x00,0x02,0x50,0x0e,0x8c,0x0e,
	0x00,0x00,0x01,0x01,0x05,0x00,0x00,0x00,0x90,0xf0,0x08,0x00,0x00,0x15,0x03,0x05,
	0x00,0x00,0x00,0x01,0xf0,0xf3,0x05,0x00,0xf0,0x68,0x08,0x00,0x04,0x00,0x01,0x04,
	0x03,0x00,0x00,0x00,0xf0,0x68,0x08,0x00,0x00,0x00,0x01,0x04,0x03,0x00,0x00,0x00,
	0xf0,0x68,0x08,0x00,0x00,0x08,0x00,0x02,0x8c,0x0e,0xc8,0x0e,0x00,0x00,0x01,0x01,
	0x05,0x00,0x00,0x00,0x90,0xf0,0x08,0x00,0x00,0x15,0x03,0x05,0x00,0x00,0x00,0x01,
	0xf0,0xf3,0x05,0x00,0xf0,0x68,0x08,0x00,0x04,0x00,0x01,0x04,0x01,0x00,0x00,0x00,
	0xf0,0x68,0x08,0x00,0x00,0x00,0x01,0x04,0x01,0x00,0x00,0x00,0xf0,0x68,0x08,0x00,
	0x00,0x08,0x00,0x02,0xc8,0x0e,0x04,0x0f,0x00,0x00,0x00,0x01,0x74,0xf0,0x05,0x00,
	0x6c,0x6f,0x08,0x00,0x03,0x00,0x00,0x01,0x04,0xf0,0x05,0x00,0x5c,0x6f,0x08,0x00,
	0x03,0x00,0x00,0x01,0x34,0xf0,0x05,0x00,0x4c,0x6f,0x08,0x00,0x00,0x00,0x00,0x01,
	0x40,0xf1,0x05,0x00,0x48,0x6f,0x08,0x00,0x01,0x00,0x00,0x01,0x38,0xf1,0x05,0x00,
	0x40,0x6f,0x08,0x00,0x01,0x00,0x00,0x01,0x20,0xf1,0x05,0x00,0x38,0x6f,0x08,0x00,
	0x00,0x00,0x00,0x01,0x1c,0xf1,0x05,0x00,0x34,0x6f,0x08,0x00,0x00,0x00,0x00,0x01,
	0x80,0xf0,0x05,0x00,0x30,0x6f,0x08,0x00,0x00,0x00,0x00,0x01,0x10,0xf1,0x05,0x00,
	0x2c,0x6f,0x08,0x00,0x02,0x00,0x00,0x01,0x00,0xf3,0x05,0x00,0x20,0x6f,0x08,0x00,
	0x00,0x00,0x00,0x01,0x74,0xf4,0x05,0x00,0x1c,0x6f,0x08,0x00,0x03,0x00,0x00,0x01,
	0x04,0xf4,0x05,0x00,0x0c,0x6f,0x08,0x00,0x03,0x00,0x00,0x01,0x34,0xf4,0x05,0x00,
	0xfc,0x6e,0x08,0x00,0x00,0x00,0x00,0x01,0x40,0xf5,0x05,0x00,0xf8,0x6e,0x08,0x00,
	0x01,0x00,0x00,0x01,0x38,0xf5,0x05,0x00,0xf0,0x6e,0x08,0x00,0x01,0x00,0x00,0x01,
	0x20,0xf5,0x05,0x00,0xe8,0x6e,0x08,0x00,0x00,0x00,0x00,0x01,0x1c,0xf5,0x05,0x00,
	0xe4,0x6e,0x08,0x00,0x00,0x00,0x00,0x01,0x80,0xf4,0x05,0x00,0xe0,0x6e,0x08,0x00,
	0x00,0x00,0x00,0x01,0x10,0xf5,0x05,0x00,0xdc,0x6e,0x08,0x00,0x02,0x00,0x00,0x01,
	0x00,0xf7,0x05,0x00,0xd0,0x6e,0x08,0x00,0x00,0x00,0x00,0x01,0x04,0x55,0x04,0x00,
	0xf0,0x68,0x08,0x00,0x04,0x00,0x01,0x04,0x03,0x00,0x00,0x00,0xf0,0x68,0x08,0x00,
	0x00,0x00,0x01,0x04,0x02,0x00,0x00,0x00,0xf0,0x68,0x08,0x00,0x00,0x08,0x01,0x03,
	0x2c,0x15,0x9c,0x1a,0x00,0x00,0x00,0x01,0x04,0x55,0x04,0x00,0xb4,0x68,0x08,0x00,
	0x04,0x00,0x01,0x04,0x03,0x00,0x00,0x00,0xb4,0x68,0x08,0x00,0x00,0x00,0x01,0x04,
	0x03,0x00,0x00,0x00,0xb4,0x68,0x08,0x00,0x00,0x08,0x01,0x03,0x18,0x15,0x2c,0x15,
	0x00,0x00,0x00,0x01,0x44,0x00,0x06,0x00,0xcc,0x6e,0x08,0x00,0x00,0x00,0x00,0x01,
	0x00,0x04,0x06,0x00,0xc8,0x6e,0x08,0x00,0x00,0x00,0x00,0x01,0x04,0x04,0x06,0x00,
	0xc4,0x6e,0x08,0x00,0x00,0x00,0x00,0x01,0x00,0x02,0x06,0x00,0xc0,0x6e,0x08,0x00,
	0x00,0x00,0x00,0x01,0x20,0x00,0x07,0x00,0xbc,0x6e,0x08,0x00,0x00,0x00,0x00,0x01,
	0x24,0x04,0x06,0x00,0xb8,0x6e,0x08,0x00,0x00,0x00,0x00,0x01,0x30,0x04,0x06,0x00,
	0xb4,0x6e,0x08,0x00,0x00,0x00,0x00,0x01,0x34,0x04,0x06,0x00,0xb0,0x6e,0x08,0x00,
	0x00,0x00,0x00,0x01,0x38,0x04,0x06,0x00,0xac,0x6e,0x08,0x00,0x00,0x00,0x00,0x01,
	0x00,0x08,0x06,0x00,0xa8,0x6e,0x08,0x00,0x00,0x00,0x00,0x01,0x60,0x08,0x06,0x00,
	0xa4,0x6e,0x08,0x00,0x00,0x00,0x00,0x01,0x00,0x09,0x06,0x00,0xa0,0x6e,0x08,0x00,
	0x00,0x00,0x00,0x01,0x44,0x08,0x06,0x00,0x9c,0x6e,0x08,0x00,0x00,0x00,0x00,0x01,
	0x40,0x05,0x06,0x00,0x98,0x6e,0x08,0x00,0x00,0x00,0x00,0x01,0xf0,0x05,0x06,0x00,
	0x94,0x6e,0x08,0x00,0x00,0x00,0x00,0x01,0x44,0x10,0x06,0x00,0x90,0x6e,0x08,0x00,
	0x00,0x00,0x00,0x01,0x00,0x14,0x06,0x00,0x8c,0x6e,0x08,0x00,0x00,0x00,0x00,0x01,
	0x04,0x14,0x06,0x00,0x88,0x6e,0x08,0x00,0x00,0x00,0x00,0x01,0x00,0x12,0x06,0x00,
	0x84,0x6e,0x08,0x00,0x00,0x00,0x00,0x01,0x20,0x10,0x07,0x00,0x80,0x6e,0x08,0x00,
	0x00,0x00,0x00,0x01,0x24,0x14,0x06,0x00,0x7c,0x6e,0x08,0x00,0x00,0x00,0x00,0x01,
	0x30,0x14,0x06,0x00,0x78,0x6e,0x08,0x00,0x00,0x00,0x00,0x01,0x34,0x14,0x06,0x00,
	0x74,0x6e,0x08,0x00,0x00,0x00,0x00,0x01,0x38,0x14,0x06,0x00,0x70,0x6e,0x08,0x00,
	0x00,0x00,0x00,0x01,0x00,0x18,0x06,0x00,0x6c,0x6e,0x08,0x00,0x00,0x00,0x00,0x01,
	0x60,0x18,0x06,0x00,0x68,0x6e,0x08,0x00,0x00,0x00,0x00,0x01,0x00,0x19,0x06,0x00,
	0x64,0x6e,0x08,0x00,0x00,0x00,0x00,0x01,0x44,0x18,0x06,0x00,0x60,0x6e,0x08,0x00,
	0x00,0x00,0x00,0x01,0x40,0x15,0x06,0x00,0x5c,0x6e,0x08,0x00,0x00,0x00,0x00,0x01,
	0xf0,0x15,0x06,0x00,0x58,0x6e,0x08,0x00,0x00,0x00,0x00,0x01,0x00,0x40,0x06,0x00,
	0x54,0x6e,0x08,0x00,0x00,0x00,0x00,0x01,0x00,0x41,0x06,0x00,0x50,0x6e,0x08,0x00,
	0x00,0x00,0x00,0x01,0x08,0x00,0x07,0x00,0x4c,0x6e,0x08,0x00,0x00,0x00,0x00,0x01,
	0x08,0x10,0x07,0x00,0x48,0x6e,0x08,0x00,0x00,0x00,0x00,0x01,0x00,0x54,0x04,0x00,
	0x44,0x6e,0x08,0x00,0x00,0x00,0x00,0x01,0x04,0x54,0x04,0x00,0x40,0x6e,0x08,0x00,
	0x00,0x00,0x00,0x01,0x0c,0x54,0x04,0x00,0x3c,0x6e,0x08,0x00,0x00,0x00,0x00,0x01,
	0x40,0x54,0x04,0x00,0x38,0x6e,0x08,0x00,0x00,0x00,0x00,0x01,0x44,0x54,0x04,0x00,
	0x34,0x6e,0x08,0x00,0x00,0x00,0x00,0x01,0x4c,0x54,0x04,0x00,0x30,0x6e,0x08,0x00,
	0x00,0x00,0x00,0x01,0x50,0x54,0x04,0x00,0x2c,0x6e,0x08,0x00,0x00,0x00,0x00,0x01,
	0x54,0x54,0x04,0x00,0x28,0x6e,0x08,0x00,0x00,0x00,0x00,0x01,0x5c,0x54,0x04,0x00,
	0x24,0x6e,0x08,0x00,0x00,0x00,0x00,0x01,0x04,0x55,0x04,0x00,0x20,0x6e,0x08,0x00,
	0x00,0x00,0x00,0x01,0x00,0x60,0x04,0x00,0x1c,0x6e,0x08,0x00,0x00,0x00,0x00,0x01,
	0x08,0x50,0x04,0x00,0x18,0x6e,0x08,0x00,0x00,0x00,0x00,0x01,0xe8,0x4f,0x04,0x00,
	0x14,0x6e,0x08,0x00,0x00,0x00,0x00,0x01,0x00,0x43,0x04,0x00,0x10,0x6e,0x08,0x00,
	0x00,0x00,0x00,0x01,0x04,0x43,0x04,0x00,0x0c,0x6e,0x08,0x00,0x00,0x00,0x00,0x01,
	0x50,0x40,0x04,0x00,0x08,0x6e,0x08,0x00,0x00,0x00,0x00,0x01,0x54,0x40,0x04,0x00,
	0x04,0x6e,0x08,0x00,0x00,0x00,0x00,0x01,0x00,0xf3,0x08,0x00,0x00,0x6e,0x08,0x00,
	0x00,0x00,0x00,0x01,0x04,0xf3,0x08,0x00,0xfc,0x6d,0x08,0x00,0x00,0x00,0x00,0x01,
	0x08,0xf3,0x08,0x00,0xf8,0x6d,0x08,0x00,0x00,0x00,0x00,0x01,0x70,0x60,0x04,0x00,
	0xf4,0x6d,0x08,0x00,0x00,0x00,0x00,0x01,0x10,0x60,0x04,0x00,0xf0,0x6d,0x08,0x00,
	0x00,0x00,0x00,0x01,0x14,0x60,0x04,0x00,0xec,0x6d,0x08,0x00,0x00,0x00,0x00,0x01,
	0x00,0x08,0x06,0x00,0xa8,0x6e,0x08,0x00,0x00,0x00,0x00,0x01,0x00,0x09,0x06,0x00,
	0xa0,0x6e,0x08,0x00,0x00,0x00,0x00,0x01,0x00,0x18,0x06,0x00,0x6c,0x6e,0x08,0x00,
	0x00,0x00,0x00,0x01,0x00,0x19,0x06,0x00,0x64,0x6e,0x08,0x00,0x00,0x00,0x00,0x01,
	0xa4,0x90,0x04,0x00,0xe8,0x6d,0x08,0x00,0x00,0x00,0x00,0x01,0xa4,0x91,0x04,0x00,
	0xe4,0x6d,0x08,0x00,0x00,0x00,0x01,0x04,0x01,0x00,0x00,0x00,0xa4,0x68,0x08,0x00,
	0x00,0x08,0x01,0x02,0x04,0x14,0x5c,0x14,0x00,0x00,0x00,0x01,0x78,0x40,0x04,0x00,
	0xe0,0x6d,0x08,0x00,0x00,0x00,0x00,0x01,0x7c,0x40,0x04,0x00,0xdc,0x6d,0x08,0x00,
	0x00,0x00,0x00,0x01,0x00,0xf0,0x06,0x00,0xd8,0x6d,0x08,0x00,0x00,0x00,0x00,0x01,
	0x04,0xf0,0x06,0x00,0xd4,0x6d,0x08,0x00,0x00,0x00,0x00,0x01,0x08,0xf0,0x06,0x00,
	0xd0,0x6d,0x08,0x00,0x00,0x00,0x00,0x01,0x0c,0xf0,0x06,0x00,0xcc,0x6d,0x08,0x00,
	0x00,0x00,0x00,0x01,0x10,0xf0,0x06,0x00,0xc8,0x6d,0x08,0x00,0x00,0x00,0x00,0x01,
	0x14,0xf0,0x06,0x00,0xc4,0x6d,0x08,0x00,0x00,0x00,0x00,0x01,0x40,0xf0,0x06,0x00,
	0xc0,0x6d,0x08,0x00,0x00,0x00,0x00,0x01,0x44,0xf0,0x06,0x00,0xbc,0x6d,0x08,0x00,
	0x00,0x00,0x00,0x01,0x7c,0xf0,0x06,0x00,0xb8,0x6d,0x08,0x00,0x00,0x00,0x00,0x01,
	0x90,0xfa,0x06,0x00,0xb4,0x6d,0x08,0x00,0x00,0x00,0x00,0x01,0x50,0xf0,0x07,0x00,
	0xb0,0x6d,0x08,0x00,0x00,0x00,0x00,0x01,0x88,0xfa,0x06,0x00,0xac,0x6d,0x08,0x00,
	0x00,0x00,0x01,0x02,0x04,0x14,0x5c,0x14,0x00,0x00,0x01,0x04,0x01,0x00,0x00,0x00,
	0x90,0x68,0x08,0x00,0x00,0x08,0x01,0x03,0x14,0x0e,0x50,0x0e,0x00,0x00,0x01,0x04,
	0x01,0x00,0x00,0x00,0x98,0x68,0x08,0x00,0x00,0x08,0x01,0x03,0x50,0x0e,0x8c,0x0e,
	0x00,0x00,0x01,0x04,0x01,0x00,0x00,0x00,0x94,0x68,0x08,0x00,0x00,0x08,0x01,0x03,
	0x8c,0x0e,0xc8,0x0e,0x00,0x00,0x01,0x04,0x01,0x00,0x00,0x00,0x9c,0x68,0x08,0x00,
	0x00,0x08,0x01,0x03,0xc8,0x0e,0x04,0x0f,0x00,0x00,0x01,0x02,0x5c,0x14,0x18,0x15,
	0x00,0x00,0x00,0x01,0x64,0xf0,0x08,0x00,0x38,0x68,0x08,0x00,0x04,0x00,0x01,0x04,
	0x01,0x00,0x00,0x00,0x38,0x68,0x08,0x00,0x00,0x00,0x01,0x04,0x01,0x00,0x00,0x00,
	0x38,0x68,0x08,0x00,0x00,0x08,0x01,0x02,0xe4,0x4c,0x4c,0x4d,0x04,0x00,0x01,0x04,
	0x55,0x55,0xf1,0xff,0x50,0x54,0x04,0x00,0x04,0x00,0x01,0x04,0x55,0x55,0xf1,0xff,
	0x54,0x54,0x04,0x00,0x04,0x00,0x01,0x04,0x55,0x55,0xf1,0xff,0x5c,0x54,0x04,0x00,
	0x04,0x00,0x01,0x04,0x55,0xfd,0x57,0xd5,0x40,0x54,0x04,0x00,0x04,0x00,0x01,0x04,
	0x55,0xfd,0x57,0xd5,0x44,0x54,0x04,0x00,0x04,0x00,0x01,0x04,0x55,0xfd,0x57,0xd5,
	0x4c,0x54,0x04,0x00,0x04,0x00,0x01,0x04,0xff,0xff,0xff,0x7f,0x08,0x50,0x04,0x00,
	0x04,0x00,0x01,0x04,0xff,0xff,0xff,0x7f,0xe8,0x4f,0x04,0x00,0x04,0x00,0x01,0x04,
	0xff,0xff,0xff,0x7f,0x00,0x43,0x04,0x00,0x04,0x00,0x01,0x04,0xff,0xff,0xff,0x7f,
	0x04,0x43,0x04,0x00,0x00,0x00,0x01,0x01,0x05,0x00,0x00,0x00,0x90,0xf0,0x08,0x00,
	0x00,0x15,0x03,0x05,0x00,0x00,0x01,0x02,0x9c,0x1a,0x98,0x1b,0x05,0x00,0x01,0x04,
	0x02,0x00,0x00,0x00,0x88,0xfa,0x06,0x00,0x00,0x00,0x01,0x03,0x2c,0x15,0x9c,0x1a,
	0x01,0x00,0x00,0x01,0x00,0x10,0x04,0x00,0xa4,0x6d,0x08,0x00,0x00,0x00,0x00,0x01,
	0x60,0x20,0x04,0x00,0xa0,0x6d,0x08,0x00,0x04,0x00,0x00,0x01,0x80,0x20,0x04,0x00,
	0x8c,0x6d,0x08,0x00,0x06,0x00,0x00,0x01,0xb0,0x20,0x04,0x00,0x70,0x6d,0x08,0x00,
	0x02,0x00,0x00,0x01,0xd8,0x20,0x04,0x00,0x64,0x6d,0x08,0x00,0x00,0x00,0x00,0x01,
	0x00,0x23,0x04,0x00,0x60,0x6d,0x08,0x00,0x00,0x00,0x00,0x01,0x0c,0x23,0x04,0x00,
	0x5c,0x6d,0x08,0x00,0x00,0x00,0x00,0x01,0x30,0x40,0x04,0x00,0x58,0x6d,0x08,0x00,
	0x00,0x00,0x00,0x01,0x38,0x40,0x04,0x00,0x54,0x6d,0x08,0x00,0x03,0x00,0x00,0x01,
	0x40,0x40,0x04,0x00,0x44,0x6d,0x08,0x00,0x00,0x00,0x00,0x01,0x58,0x40,0x04,0x00,
	0x40,0x6d,0x08,0x00,0x01,0x00,0x00,0x01,0x70,0x40,0x04,0x00,0x38,0x6d,0x08,0x00,
	0x03,0x00,0x00,0x01,0x10,0x42,0x04,0x00,0x28,0x6d,0x08,0x00,0x07,0x00,0x00,0x01,
	0x08,0x43,0x04,0x00,0x08,0x6d,0x08,0x00,0x02,0x00,0x00,0x01,0x8c,0x43,0x04,0x00,
	0xfc,0x6c,0x08,0x00,0x00,0x00,0x00,0x01,0x64,0x44,0x04,0x00,0xf8,0x6c,0x08,0x00,
	0x00,0x00,0x00,0x01,0x6c,0x44,0x04,0x00,0xf4,0x6c,0x08,0x00,0x00,0x00,0x00,0x01,
	0x74,0x44,0x04,0x00,0xf0,0x6c,0x08,0x00,0x00,0x00,0x00,0x01,0x7c,0x44,0x04,0x00,
	0xec,0x6c,0x08,0x00,0x00,0x00,0x00,0x01,0x84,0x44,0x04,0x00,0xe8,0x6c,0x08,0x00,
	0x00,0x00,0x00,0x01,0x8c,0x44,0x04,0x00,0xe4,0x6c,0x08,0x00,0x00,0x00,0x00,0x01,
	0x00,0x45,0x04,0x00,0xe0,0x6c,0x08,0x00,0x00,0x00,0x00,0x01,0xe4,0x4f,0x04,0x00,
	0xdc,0x6c,0x08,0x00,0x02,0x00,0x00,0x01,0xec,0x4f,0x04,0x00,0xd0,0x6c,0x08,0x00,
	0x02,0x00,0x00,0x01,0xfc,0x4f,0x04,0x00,0xc4,0x6c,0x08,0x00,0x02,0x00,0x00,0x01,
	0x0c,0x50,0x04,0x00,0xb8,0x6c,0x08,0x00,0x02,0x00,0x00,0x01,0x1c,0x50,0x04,0x00,
	0xac,0x6c,0x08,0x00,0x00,0x00,0x00,0x01,0x30,0x50,0x04,0x00,0xa8,0x6c,0x08,0x00,
	0x04,0x00,0x00,0x01,0x38,0x50,0x04,0x00,0x94,0x6c,0x08,0x00,0x00,0x00,0x00,0x01,
	0x5c,0x50,0x04,0x00,0x90,0x6c,0x08,0x00,0x0a,0x00,0x00,0x01,0x1c,0x52,0x04,0x00,
	0x64,0x6c,0x08,0x00,0x00,0x00,0x00,0x01,0x60,0x52,0x04,0x00,0x60,0x6c,0x08,0x00,
	0x00,0x00,0x00,0x01,0x80,0x52,0x04,0x00,0x5c,0x6c,0x08,0x00,0x01,0x00,0x00,0x01,
	0xa0,0x52,0x04,0x00,0x54,0x6c,0x08,0x00,0x00,0x00,0x00,0x01,0xb0,0x52,0x04,0x00,
	0x50,0x6c,0x08,0x00,0x00,0x00,0x00,0x01,0xc0,0x52,0x04,0x00,0x4c,0x6c,0x08,0x00,
	0x00,0x00,0x00,0x01,0x10,0x53,0x04,0x00,0x48,0x6c,0x08,0x00,0x01,0x00,0x00,0x01,
	0x18,0x54,0x04,0x00,0x40,0x6c,0x08,0x00,0x00,0x00,0x00,0x01,0x30,0x54,0x04,0x00,
	0x3c,0x6c,0x08,0x00,0x00,0x00,0x00,0x01,0x60,0x54,0x04,0x00,0x38,0x6c,0x08,0x00,
	0x01,0x00,0x00,0x01,0x70,0x54,0x04,0x00,0x30,0x6c,0x08,0x00,0x00,0x00,0x00,0x01,
	0x10,0x55,0x04,0x00,0x2c,0x6c,0x08,0x00,0x00,0x00,0x00,0x01,0x20,0x55,0x04,0x00,
	0x28,0x6c,0x08,0x00,0x01,0x00,0x00,0x01,0x50,0x55,0x04,0x00,0x20,0x6c,0x08,0x00,
	0x00,0x00,0x00,0x01,0x5c,0x55,0x04,0x00,0x1c,0x6c,0x08,0x00,0x01,0x00,0x00,0x01,
	0x88,0x55,0x04,0x00,0x14,0x6c,0x08,0x00,0x01,0x00,0x00,0x01,0x94,0x55,0x04,0x00,
	0x0c,0x6c,0x08,0x00,0x01,0x00,0x00,0x01,0xa0,0x56,0x04,0x00,0x04,0x6c,0x08,0x00,
	0x00,0x00,0x00,0x01,0x10,0x58,0x04,0x00,0x00,0x6c,0x08,0x00,0x00,0x00,0x00,0x01,
	0x1c,0x58,0x04,0x00,0xfc,0x6b,0x08,0x00,0x00,0x00,0x00,0x01,0x08,0x60,0x04,0x00,
	0xf8,0x6b,0x08,0x00,0x00,0x00,0x00,0x01,0x20,0x60,0x04,0x00,0xf4,0x6b,0x08,0x00,
	0x07,0x00,0x00,0x01,0x34,0x60,0x04,0x00,0xd4,0x6b,0x08,0x00,0x05,0x00,0x00,0x01,
	0x0c,0x61,0x04,0x00,0xbc,0x6b,0x08,0x00,0x03,0x00,0x00,0x01,0x40,0x61,0x04,0x00,
	0xac,0x6b,0x08,0x00,0x00,0x00,0x00,0x01,0x08,0x64,0x04,0x00,0xa8,0x6b,0x08,0x00,
	0x02,0x00,0x00,0x01,0x30,0x64,0x04,0x00,0x9c,0x6b,0x08,0x00,0x00,0x00,0x00,0x01,
	0x40,0x64,0x04,0x00,0x98,0x6b,0x08,0x00,0x0a,0x00,0x00,0x01,0x20,0x65,0x04,0x00,
	0x6c,0x6b,0x08,0x00,0x03,0x00,0x00,0x01,0x54,0x65,0x04,0x00,0x5c,0x6b,0x08,0x00,
	0x01,0x00,0x00,0x01,0x50,0x82,0x04,0x00,0x54,0x6b,0x08,0x00,0x03,0x00,0x00,0x01,
	0x00,0x84,0x04,0x00,0x44,0x6b,0x08,0x00,0x00,0x00,0x00,0x01,0x14,0x84,0x04,0x00,
	0x40,0x6b,0x08,0x00,0x00,0x00,0x00,0x01,0x10,0xe0,0x04,0x00,0x3c,0x6b,0x08,0x00,
	0x04,0x00,0x00,0x01,0x00,0x10,0x05,0x00,0x28,0x6b,0x08,0x00,0x01,0x00,0x00,0x01,
	0x80,0x10,0x05,0x00,0x20,0x6b,0x08,0x00,0x02,0x00,0x00,0x01,0x00,0x4c,0x06,0x00,
	0x14,0x6b,0x08,0x00,0x04,0x00,0x00,0x01,0x00,0x50,0x06,0x00,0x00,0x6b,0x08,0x00,
	0x00,0x00,0x00,0x01,0x28,0x50,0x06,0x00,0xfc,0x6a,0x08,0x00,0x00,0x00,0x00,0x01,
	0x50,0x50,0x06,0x00,0xf8,0x6a,0x08,0x00,0x00,0x00,0x00,0x01,0x88,0x50,0x06,0x00,
	0xf4,0x6a,0x08,0x00,0x03,0x00,0x00,0x01,0xb4,0x50,0x06,0x00,0xe4,0x6a,0x08,0x00,
	0x00,0x00,0x00,0x01,0xd4,0x50,0x06,0x00,0xe0,0x6a,0x08,0x00,0x00,0x00,0x00,0x01,
	0xe0,0x50,0x06,0x00,0xdc,0x6a,0x08,0x00,0x04,0x00,0x00,0x01,0x00,0x51,0x06,0x00,
	0xc8,0x6a,0x08,0x00,0x00,0x00,0x00,0x01,0x28,0x51,0x06,0x00,0xc4,0x6a,0x08,0x00,
	0x00,0x00,0x00,0x01,0x50,0x51,0x06,0x00,0xc0,0x6a,0x08,0x00,0x02,0x00,0x00,0x01,
	0xb4,0x51,0x06,0x00,0xb4,0x6a,0x08,0x00,0x00,0x00,0x00,0x01,0xe0,0x51,0x06,0x00,
	0xb0,0x6a,0x08,0x00,0x04,0x00,0x00,0x01,0x00,0x52,0x06,0x00,0x9c,0x6a,0x08,0x00,
	0x00,0x00,0x00,0x01,0x28,0x52,0x06,0x00,0x98,0x6a,0x08,0x00,0x00,0x00,0x00,0x01,
	0x50,0x52,0x06,0x00,0x94,0x6a,0x08,0x00,0x02,0x00,0x00,0x01,0xb4,0x52,0x06,0x00,
	0x88,0x6a,0x08,0x00,0x00,0x00,0x00,0x01,0xe0,0x52,0x06,0x00,0x84,0x6a,0x08,0x00,
	0x04,0x00,0x00,0x01,0x00,0x53,0x06,0x00,0x70,0x6a,0x08,0x00,0x00,0x00,0x00,0x01,
	0x28,0x53,0x06,0x00,0x6c,0x6a,0x08,0x00,0x00,0x00,0x00,0x01,0x50,0x53,0x06,0x00,
	0x68,0x6a,0x08,0x00,0x02,0x00,0x00,0x01,0xb4,0x53,0x06,0x00,0x5c,0x6a,0x08,0x00,
	0x00,0x00,0x00,0x01,0xe0,0x53,0x06,0x00,0x58,0x6a,0x08,0x00,0x00,0x00,0x00,0x01,
	0x00,0x59,0x06,0x00,0x54,0x6a,0x08,0x00,0x05,0x00,0x00,0x01,0x00,0x5e,0x06,0x00,
	0x3c,0x6a,0x08,0x00,0x02,0x00,0x00,0x01,0x20,0x5e,0x06,0x00,0x30,0x6a,0x08,0x00,
	0x01,0x00,0x00,0x01,0xa0,0x5e,0x06,0x00,0x28,0x6a,0x08,0x00,0x01,0x00,0x00,0x01,
	0xf0,0x5e,0x06,0x00,0x20,0x6a,0x08,0x00,0x00,0x00,0x00,0x01,0x00,0x5f,0x06,0x00,
	0x1c,0x6a,0x08,0x00,0x02,0x00,0x00,0x01,0x08,0x5f,0x06,0x00,0x10,0x6a,0x08,0x00,
	0x00,0x00,0x00,0x01,0x1c,0x5f,0x06,0x00,0x0c,0x6a,0x08,0x00,0x00,0x00,0x00,0x01,
	0x00,0x14,0x10,0x00,0x08,0x6a,0x08,0x00,0x00,0x00,0x00,0x01,0x08,0x14,0x10,0x00,
	0x04,0x6a,0x08,0x00,0x06,0x00,0x00,0x01,0x18,0x14,0x10,0x00,0xe8,0x69,0x08,0x00,
	0x07,0x00,0x00,0x01,0xa0,0x14,0x10,0x00,0xc8,0x69,0x08,0x00,0x07,0x00,0x00,0x01,
	0x04,0x15,0x10,0x00,0xa8,0x69,0x08,0x00,0x00,0x00,0x00,0x01,0x04,0xf0,0x08,0x00,
	0xa4,0x69,0x08,0x00,0x00,0x00,0x00,0x01,0x34,0xf0,0x08,0x00,0xa0,0x69,0x08,0x00,
	0x00,0x00,0x00,0x01,0x08,0xf0,0x08,0x00,0x9c,0x69,0x08,0x00,0x00,0x00,0x00,0x01,
	0x38,0xf0,0x08,0x00,0x98,0x69,0x08,0x00,0x00,0x00,0x00,0x01,0x0c,0xf0,0x08,0x00,
	0x94,0x69,0x08,0x00,0x00,0x00,0x00,0x01,0x3c,0xf0,0x08,0x00,0x90,0x69,0x08,0x00,
	0x00,0x00,0x00,0x01,0x80,0xf0,0x08,0x00,0x8c,0x69,0x08,0x00,0x00,0x00,0x00,0x01,
	0x54,0xf0,0x08,0x00,0x88,0x69,0x08,0x00,0x00,0x00,0x00,0x01,0x5c,0xf0,0x08,0x00,
	0x84,0x69,0x08,0x00,0x00,0x00,0x00,0x01,0x68,0xf0,0x08,0x00,0x80,0x69,0x08,0x00,
	0x00,0x00,0x00,0x01,0x64,0xf0,0x08,0x00,0x7c,0x69,0x08,0x00,0x00,0x00,0x01,0x03,
	0x88,0x4b,0x94,0x4b,0x00,0x00,0x01,0x03,0x04,0x0f,0x7c,0x0f,0x00,0x00,0x01,0x03,
	0x7c,0x0f,0xf4,0x0f,0x04,0x00,0x01,0x04,0xfe,0xff,0xff,0xff,0x00,0xf2,0x08,0x00,
	0x00,0x00,0x00,0x01,0x08,0x50,0x04,0x00,0xf0,0x68,0x08,0x00,0x04,0x00,0x01,0x04,
	0x00,0x00,0x00,0x40,0xf0,0x68,0x08,0x00,0x00,0x00,0x01,0x04,0x00,0x00,0x00,0x40,
	0xf0,0x68,0x08,0x00,0x00,0x08,0x01,0x02,0x58,0x4d,0x64,0x4d,0x00,0x00,0x00,0x01,
	0xe8,0x4f,0x04,0x00,0xf0,0x68,0x08,0x00,0x04,0x00,0x01,0x04,0x00,0x00,0x00,0x40,
	0xf0,0x68,0x08,0x00,0x00,0x00,0x01,0x04,0x00,0x00,0x00,0x40,0xf0,0x68,0x08,0x00,
	0x00,0x08,0x01,0x02,0x58,0x4d,0x64,0x4d,0x00,0x00,0x00,0x01,0x00,0x43,0x04,0x00,
	0xf0,0x68,0x08,0x00,0x04,0x00,0x01,0x04,0x00,0x00,0x00,0x40,0xf0,0x68,0x08,0x00,
	0x00,0x00,0x01,0x04,0x00,0x00,0x00,0x40,0xf0,0x68,0x08,0x00,0x00,0x08,0x01,0x02,
	0x58,0x4d,0x64,0x4d,0x00,0x00,0x00,0x01,0x04,0x43,0x04,0x00,0xf0,0x68,0x08,0x00,
	0x04,0x00,0x01,0x04,0x00,0x00,0x00,0x40,0xf0,0x68,0x08,0x00,0x00,0x00,0x01,0x04,
	0x00,0x00,0x00,0x40,0xf0,0x68,0x08,0x00,0x00,0x08,0x01,0x02,0x58,0x4d,0x64,0x4d,
	0x05,0x00,0x01,0x04,0x00,0x00,0x00,0x08,0x70,0x60,0x04,0x00,0x04,0x00,0x01,0x04,
	0xff,0xff,0xff,0x7f,0x70,0x60,0x04,0x00,0x00,0x00,0x01,0x04,0x01,0x00,0x00,0x00,
	0xa4,0x68,0x08,0x00,0x00,0x08,0x01,0x02,0x98,0x1b,0xf4,0x1b,0x04,0x00,0x01,0x04,
	0xff,0xff,0xff,0x7f,0x10,0x60,0x04,0x00,0x04,0x00,0x01,0x04,0xff,0xff,0xff,0x7f,
	0x14,0x60,0x04,0x00,0x00,0x00,0x01,0x02,0x98,0x1b,0xf4,0x1b,0x01,0x00,0x01,0x04,
	0x01,0x00,0x00,0x00,0xf4,0x00,0x08,0x00,0x00,0x00,0x01,0x01,0x10,0x00,0x00,0x00,
	0x90,0xf0,0x08,0x00,0x00,0x15,0x03,0x05,0x00,0x00,0x00,0x01,0x70,0x60,0x04,0x00,
	0xf0,0x68,0x08,0x00,0x04,0x00,0x01,0x04,0x00,0x00,0x00,0x40,0xf0,0x68,0x08,0x00,
	0x00,0x00,0x01,0x04,0x00,0x00,0x00,0x00,0xf0,0x68,0x08,0x00,0x00,0x08,0x01,0x02,
	0xf4,0x1b,0x68,0x1c,0x00,0x00,0x01,0x04,0x01,0x00,0x00,0x00,0xf4,0x00,0x08,0x00,
	0x00,0x08,0x01,0x02,0x64,0x4d,0x7c,0x4d,0x00,0x00,0x01,0x04,0x01,0x00,0x00,0x00,
	0xa4,0x68,0x08,0x00,0x00,0x08,0x01,0x02,0xc8,0x46,0x54,0x47,0x00,0x00,0x00,0x01,
	0x10,0x60,0x04,0x00,0xf0,0x68,0x08,0x00,0x04,0x00,0x01,0x04,0x00,0x00,0x00,0x40,
	0xf0,0x68,0x08,0x00,0x00,0x00,0x01,0x04,0x00,0x00,0x00,0x40,0xf0,0x68,0x08,0x00,
	0x00,0x08,0x01,0x03,0x7c,0x4d,0x8c,0x4d,0x00,0x00,0x00,0x01,0x14,0x60,0x04,0x00,
	0xf0,0x68,0x08,0x00,0x04,0x00,0x01,0x04,0x00,0x00,0x00,0x40,0xf0,0x68,0x08,0x00,
	0x00,0x00,0x01,0x04,0x00,0x00,0x00,0x40,0xf0,0x68,0x08,0x00,0x00,0x08,0x01,0x03,
	0x7c,0x4d,0x8c,0x4d,0x00,0x00,0x01,0x02,0xc8,0x46,0x54,0x47,0x00,0x00,0x01,0x01,
	0x00,0x00,0x00,0xd0,0xe0,0xf0,0x08,0x00,0x00,0x00,0x00,0x01,0x20,0x6e,0x08,0x00,
	0x04,0x55,0x04,0x00,0x05,0x00,0x01,0x04,0x10,0x02,0x00,0x00,0x04,0x55,0x04,0x00,
	0x05,0x00,0x01,0x04,0x00,0x00,0x00,0x80,0x60,0xf0,0x05,0x00,0x05,0x00,0x01,0x04,
	0x00,0x00,0x00,0x80,0x60,0xf4,0x05,0x00,0x05,0x00,0x01,0x04,0x00,0x00,0x00,0x80,
	0x60,0xf8,0x05,0x00,0x05,0x00,0x01,0x04,0x00,0x00,0x00,0x80,0x60,0xfc,0x05,0x00,
	0x00,0x00,0x00,0x01,0x18,0x6c,0x08,0x00,0x8c,0x55,0x04,0x00,0x00,0x00,0x00,0x01,
	0x0c,0x6c,0x08,0x00,0x94,0x55,0x04,0x00,0x00,0x00,0x00,0x01,0x8c,0x69,0x08,0x00,
	0x80,0xf0,0x08,0x00,0x00,0x00,0x01,0x03,0x90,0x4c,0xe4,0x4c,0x00,0x00,0x01,0x03,
	0x94,0x4b,0x90,0x4c,0x04,0x00,0x01,0x04,0xef,0xfd,0xff,0xff,0x04,0x55,0x04,0x00,
	0x00,0x00,0x01,0x03,0x18,0x1d,0xd8,0x1d,0x00,0x00,0x01,0x01,0x05,0x00,0x00,0x00,
	0x00,0x55,0x04,0x00,0x00,0x00,0x01,0x02,0xd8,0x1d,0x1c,0x1f,0x00,0x00,0x00,0x01,
	0x60,0xf0,0x05,0x00,0x28,0x68,0x08,0x00,0x04,0x00,0x01,0x04,0x00,0x00,0x00,0x80,
	0x28,0x68,0x08,0x00,0x05,0x00,0x01,0x04,0x05,0x00,0x00,0x00,0x28,0x68,0x08,0x00,
	0x00,0x00,0x00,0x01,0x28,0x68,0x08,0x00,0x60,0xf0,0x05,0x00,0x00,0x00,0x00,0x01,
	0x60,0xf4,0x05,0x00,0x28,0x68,0x08,0x00,0x04,0x00,0x01,0x04,0x00,0x00,0x00,0x80,
	0x28,0x68,0x08,0x00,0x05,0x00,0x01,0x04,0x05,0x00,0x00,0x00,0x28,0x68,0x08,0x00,
	0x00,0x00,0x00,0x01,0x28,0x68,0x08,0x00,0x60,0xf4,0x05,0x00,0x00,0x00,0x00,0x01,
	0x60,0xf8,0x05,0x00,0x28,0x68,0x08,0x00,0x04,0x00,0x01,0x04,0x00,0x00,0x00,0x80,
	0x28,0x68,0x08,0x00,0x05,0x00,0x01,0x04,0x05,0x00,0x00,0x00,0x28,0x68,0x08,0x00,
	0x00,0x00,0x00,0x01,0x28,0x68,0x08,0x00,0x60,0xf8,0x05,0x00,0x00,0x00,0x00,0x01,
	0x60,0xfc,0x05,0x00,0x28,0x68,0x08,0x00,0x04,0x00,0x01,0x04,0x00,0x00,0x00,0x80,
	0x28,0x68,0x08,0x00,0x05,0x00,0x01,0x04,0x05,0x00,0x00,0x00,0x28,0x68,0x08,0x00,
	0x00,0x00,0x00,0x01,0x28,0x68,0x08,0x00,0x60,0xfc,0x05,0x00,0x05,0x00,0x01,0x04,
	0x80,0x00,0x00,0x00,0x80,0xf0,0x08,0x00,0x00,0x00,0x01,0x04,0x05,0x00,0x00,0x00,
	0x00,0x55,0x04,0x00,0x00,0x08,0x00,0x02,0x38,0x4f,0x44,0x4f,0x05,0x00,0x01,0x04,
	0x00,0x00,0x00,0x80,0x60,0xf0,0x05,0x00,0x05,0x00,0x01,0x04,0x00,0x00,0x00,0x80,
	0x60,0xf4,0x05,0x00,0x05,0x00,0x01,0x04,0x00,0x00,0x00,0x80,0x60,0xf8,0x05,0x00,
	0x05,0x00,0x01,0x04,0x00,0x00,0x00,0x80,0x60,0xfc,0x05,0x00,0x00,0x00,0x01,0x01,
	0x00,0x00,0x00,0x00,0x88,0x68,0x08,0x00,0x00,0x00,0x01,0x01,0x00,0x00,0x00,0x00,
	0x84,0x68,0x08,0x00,0x00,0x00,0x01,0x01,0x00,0x00,0x00,0x00,0x80,0x68,0x08,0x00,
	0x00,0x00,0x01,0x01,0x00,0x00,0x00,0x00,0x7c,0x68,0x08,0x00,0x00,0x00,0x01,0x01,
	0x00,0x00,0x00,0x00,0x78,0x68,0x08,0x00,0x00,0x00,0x01,0x01,0x00,0x00,0x00,0x00,
	0x74,0x68,0x08,0x00,0x00,0x00,0x01,0x01,0x00,0x00,0x00,0x00,0x70,0x68,0x08,0x00,
	0x00,0x00,0x01,0x01,0x00,0x00,0x00,0x00,0x6c,0x68,0x08,0x00,0x00,0x00,0x00,0x01,
	0x64,0xf0,0x08,0x00,0x38,0x68,0x08,0x00,0x04,0x00,0x01,0x04,0x01,0x00,0x00,0x00,
	0x38,0x68,0x08,0x00,0x00,0x00,0x01,0x04,0x01,0x00,0x00,0x00,0x38,0x68,0x08,0x00,
	0x00,0x08,0x01,0x02,0xb8,0x21,0x38,0x22,0x00,0x00,0x00,0x01,0x04,0x55,0x04,0x00,
	0xb4,0x68,0x08,0x00,0x04,0x00,0x01,0x04,0x03,0x00,0x00,0x00,0xb4,0x68,0x08,0x00,
	0x00,0x00,0x01,0x04,0x03,0x00,0x00,0x00,0xb4,0x68,0x08,0x00,0x00,0x08,0x00,0x02,
	0x1c,0x1f,0x4c,0x1f,0x00,0x00,0x01,0x02,0xb8,0x21,0x38,0x22,0x00,0x00,0x00,0x01,
	0x04,0x55,0x04,0x00,0xb4,0x68,0x08,0x00,0x04,0x00,0x01,0x04,0x20,0x00,0x00,0x00,
	0xb4,0x68,0x08,0x00,0x00,0x00,0x01,0x04,0x20,0x00,0x00,0x00,0xb4,0x68,0x08,0x00,
	0x00,0x08,0x01,0x02,0x4c,0x1f,0x04,0x20,0x00,0x00,0x01,0x02,0x04,0x20,0x94,0x20,
	0x04,0x00,0x01,0x04,0x7f,0xff,0xff,0xff,0x80,0xf0,0x08,0x00,0x04,0x00,0x01,0x04,
	0xff,0xfd,0xff,0xff,0x04,0x55,0x04,0x00,0x00,0x00,0x01,0x01,0xd8,0x1d,0x1c,0x1f,
	0xe4,0xf0,0x08,0x00,0x05,0x00,0x01,0x04,0x00,0x00,0x00,0x00,0x00,0x55,0x04,0x00,
	0x00,0x00,0x00,0x01,0x7c,0x6f,0x08,0x00,0x44,0x68,0x08,0x00,0x04,0x00,0x01,0x04,
	0x00,0x04,0x00,0x00,0x44,0x68,0x08,0x00,0x00,0x00,0x01,0x04,0x00,0x04,0x00,0x00,
	0x44,0x68,0x08,0x00,0x00,0x08,0x01,0x02,0xb8,0x21,0x38,0x22,0x00,0x00,0x00,0x01,
	0x78,0x6f,0x08,0x00,0x44,0x68,0x08,0x00,0x04,0x00,0x01,0x04,0x00,0x04,0x00,0x00,
	0x44,0x68,0x08,0x00,0x00,0x00,0x01,0x04,0x00,0x04,0x00,0x00,0x44,0x68,0x08,0x00,
	0x00,0x08,0x01,0x02,0xb8,0x21,0x38,0x22,0x00,0x00,0x00,0x01,0x74,0x6f,0x08,0x00,
	0x40,0x68,0x08,0x00,0x04,0x00,0x01,0x04,0x00,0x00,0x00,0x80,0x40,0x68,0x08,0x00,
	0x00,0x00,0x01,0x04,0x00,0x00,0x00,0x80,0x40,0x68,0x08,0x00,0x00,0x08,0x01,0x02,
	0xb8,0x21,0x38,0x22,0x00,0x00,0x00,0x01,0x70,0x6f,0x08,0x00,0x40,0x68,0x08,0x00,
	0x04,0x00,0x01,0x04,0x00,0x00,0x00,0x80,0x40,0x68,0x08,0x00,0x00,0x00,0x01,0x04,
	0x00,0x00,0x00,0x80,0x40,0x68,0x08,0x00,0x00,0x08,0x01,0x02,0xb8,0x21,0x38,0x22,
	0x00,0x00,0x01,0x02,0x24,0x21,0x60,0x21,0x00,0x00,0x00,0x04,0x30,0xf1,0x05,0x00,
	0x2c,0xf1,0x05,0x00,0x00,0x08,0x01,0x02,0x94,0x20,0x24,0x21,0x00,0x00,0x00,0x01,
	0x90,0x55,0x04,0x00,0x30,0x68,0x08,0x00,0x01,0x00,0x01,0x04,0xe8,0x03,0x00,0x00,
	0x30,0x68,0x08,0x00,0x00,0x00,0x01,0x01,0x08,0x00,0x09,0x00,0x28,0xf1,0x05,0x00,
	0x00,0x00,0x00,0x01,0x30,0xf1,0x05,0x00,0x2c,0x68,0x08,0x00,0x04,0x00,0x01,0x04,
	0x0f,0x00,0x00,0x00,0x2c,0x68,0x08,0x00,0x0b,0x00,0x01,0x04,0x05,0x00,0x00,0x00,
	0x2c,0x68,0x08,0x00,0x0b,0x00,0x01,0x04,0x04,0x00,0x00,0x00,0x2c,0x68,0x08,0x00,
	0x01,0x00,0x00,0x04,0x28,0xf1,0x05,0x00,0x2c,0x68,0x08,0x00,0x00,0x00,0x02,0x04,
	0x2c,0x68,0x08,0x00,0x30,0x68,0x08,0x00,0x00,0x0a,0x01,0x02,0x94,0x20,0x24,0x21,
	0x00,0x00,0x01,0x02,0xb8,0x21,0x38,0x22,0x00,0x00,0x00,0x04,0x30,0xf5,0x05,0x00,
	0x2c,0xf5,0x05,0x00,0x00,0x08,0x01,0x02,0x24,0x21,0x60,0x21,0x00,0x00,0x00,0x01,
	0x90,0x55,0x04,0x00,0x30,0x68,0x08,0x00,0x01,0x00,0x01,0x04,0xe8,0x03,0x00,0x00,
	0x30,0x68,0x08,0x00,0x00,0x00,0x01,0x01,0x08,0x80,0x09,0x00,0x28,0xf5,0x05,0x00,
	0x00,0x00,0x00,0x01,0x30,0xf5,0x05,0x00,0x2c,0x68,0x08,0x00,0x04,0x00,0x01,0x04,
	0x0f,0x00,0x00,0x00,0x2c,0x68,0x08,0x00,0x0b,0x00,0x01,0x04,0x05,0x00,0x00,0x00,
	0x2c,0x68,0x08,0x00,0x0b,0x00,0x01,0x04,0x04,0x00,0x00,0x00,0x2c,0x68,0x08,0x00,
	0x01,0x00,0x00,0x04,0x28,0xf5,0x05,0x00,0x2c,0x68,0x08,0x00,0x00,0x00,0x02,0x04,
	0x2c,0x68,0x08,0x00,0x30,0x68,0x08,0x00,0x00,0x0a,0x01,0x02,0x24,0x21,0x60,0x21,
	0x00,0x00,0x01,0x02,0xb8,0x21,0x38,0x22,0x00,0x00,0x00,0x01,0x34,0x64,0x04,0x00,
	0xa8,0x68,0x08,0x00,0x04,0x00,0x01,0x04,0x00,0x00,0x20,0x00,0xa8,0x68,0x08,0x00,
	0x00,0x00,0x01,0x04,0x00,0x00,0x20,0x00,0xa8,0x68,0x08,0x00,0x00,0x08,0x01,0x03,
	0x60,0x21,0x8c,0x21,0x00,0x00,0x01,0x03,0x8c,0x21,0xb8,0x21,0x00,0x00,0x01,0x02,
	0x1c,0x1f,0x4c,0x1f,0x00,0x00,0x00,0x01,0x48,0x44,0x04,0x00,0x3c,0x68,0x08,0x00,
	0x04,0x00,0x01,0x04,0x00,0x40,0x00,0x00,0x3c,0x68,0x08,0x00,0x00,0x00,0x01,0x04,
	0x00,0x40,0x00,0x00,0x3c,0x68,0x08,0x00,0x00,0x08,0x01,0x02,0x60,0x21,0x8c,0x21,
	0x00,0x00,0x00,0x01,0x04,0x55,0x04,0x00,0x34,0x68,0x08,0x00,0x04,0x00,0x01,0x04,
	0x00,0x04,0x00,0x00,0x34,0x68,0x08,0x00,0x00,0x00,0x01,0x04,0x00,0x04,0x00,0x00,
	0x34,0x68,0x08,0x00,0x00,0x08,0x01,0x02,0x8c,0x21,0xb8,0x21,0x00,0x00,0x00,0x01,
	0x9c,0x55,0x04,0x00,0xb8,0x00,0x08,0x00,0x00,0x00,0x01,0x01,0x01,0x00,0x00,0x00,
	0x84,0x20,0x04,0x00,0x00,0x00,0x01,0x01,0x01,0x00,0x00,0x10,0xd0,0x00,0x08,0x00,
	0x00,0x00,0x01,0x01,0xff,0xff,0xff,0xff,0x50,0x40,0x04,0x00,0x00,0x00,0x01,0x01,
	0xff,0xff,0xff,0xff,0x54,0x40,0x04,0x00,0x00,0x00,0x00,0x01,0x1c,0x6e,0x08,0x00,
	0x00,0x60,0x04,0x00,0x00,0x00,0x00,0x01,0x40,0x6e,0x08,0x00,0x04,0x54,0x04,0x00,
	0x05,0x00,0x01,0x04,0x02,0x00,0x00,0x00,0x04,0x54,0x04,0x00,0x00,0x00,0x00,0x01,
	0x44,0x6e,0x08,0x00,0x00,0x54,0x04,0x00,0x00,0x00,0x00,0x01,0x3c,0x6e,0x08,0x00,
	0x0c,0x54,0x04,0x00,0x00,0x00,0x01,0x02,0x38,0x22,0x9c,0x22,0x01,0x00,0x01,0x04,
	0x01,0x00,0x00,0x00,0xe8,0x00,0x08,0x00,0x00,0x00,0x01,0x01,0x0a,0x00,0x00,0x00,
	0x90,0xf0,0x08,0x00,0x00,0x15,0x03,0x05,0x00,0x00,0x00,0x01,0x04,0x54,0x04,0x00,
	0xf0,0x68,0x08,0x00,0x04,0x00,0x01,0x04,0x01,0x00,0x00,0x00,0xf0,0x68,0x08,0x00,
	0x00,0x00,0x01,0x04,0x01,0x00,0x00,0x00,0xf0,0x68,0x08,0x00,0x00,0x08,0x01,0x02,
	0x70,0x23,0x08,0x24,0x00,0x00,0x01,0x04,0x03,0x00,0x00,0x00,0xe8,0x00,0x08,0x00,
	0x00,0x08,0x01,0x02,0x98,0x4d,0xa4,0x4d,0x00,0x00,0x01,0x02,0x38,0x22,0x9c,0x22,
	0x00,0x00,0x01,0x01,0x00,0x00,0x00,0xd0,0xe0,0xf0,0x08,0x00,0x00,0x00,0x00,0x01,
	0x20,0x6e,0x08,0x00,0x04,0x55,0x04,0x00,0x05,0x00,0x01,0x04,0x10,0x02,0x00,0x00,
	0x04,0x55,0x04,0x00,0x05,0x00,0x01,0x04,0x00,0x00,0x00,0x80,0x60,0xf0,0x05,0x00,
	0x05,0x00,0x01,0x04,0x00,0x00,0x00,0x80,0x60,0xf4,0x05,0x00,0x05,0x00,0x01,0x04,
	0x00,0x00,0x00,0x80,0x60,0xf8,0x05,0x00,0x05,0x00,0x01,0x04,0x00,0x00,0x00,0x80,
	0x60,0xfc,0x05,0x00,0x00,0x00,0x00,0x01,0x18,0x6c,0x08,0x00,0x8c,0x55,0x04,0x00,
	0x00,0x00,0x00,0x01,0x0c,0x6c,0x08,0x00,0x94,0x55,0x04,0x00,0x05,0x00,0x01,0x04,
	0x00,0x00,0x00,0x08,0x70,0x60,0x04,0x00,0x00,0x00,0x01,0x01,0x01,0x00,0x00,0x00,
	0xd0,0x00,0x08,0x00,0x00,0x00,0x00,0x01,0x8c,0x69,0x08,0x00,0x80,0xf0,0x08,0x00,
	0x00,0x00,0x01,0x03,0x90,0x4c,0xe4,0x4c,0x00,0x00,0x01,0x03,0x94,0x4b,0x90,0x4c,
	0x00,0x00,0x01,0x01,0xd8,0x1d,0x1c,0x1f,0xe4,0xf0,0x08,0x00,0x04,0x00,0x01,0x04,
	0xef,0xfd,0xff,0xff,0x04,0x55,0x04,0x00,0x00,0x00,0x01,0x03,0x18,0x1d,0xd8,0x1d,
	0x00,0x00,0x01,0x01,0x05,0x00,0x00,0x00,0x00,0x55,0x04,0x00,0x00,0x00,0x00,0x00,
	0x00,0x00,0x00,0x00,0x00,0x00,0x00,0x01,0xac,0x6f,0x08,0x00,0x94,0xb0,0x06,0x00,
	0x00,0x00,0x00,0x01,0xa8,0x6f,0x08,0x00,0x94,0xb8,0x06,0x00,0x00,0x00,0x00,0x01,
	0x38,0x6e,0x08,0x00,0x40,0x54,0x04,0x00,0x00,0x00,0x00,0x01,0x34,0x6e,0x08,0x00,
	0x44,0x54,0x04,0x00,0x00,0x00,0x00,0x01,0x30,0x6e,0x08,0x00,0x4c,0x54,0x04,0x00,
	0x00,0x00,0x01,0x01,0x0a,0x00,0x00,0x00,0x8c,0xf0,0x08,0x00,0x00,0x14,0x03,0x05,
	0x00,0x00,0x00,0x01,0x40,0x54,0x04,0x00,0xe0,0x68,0x08,0x00,0x05,0x00,0x00,0x04,
	0x44,0x54,0x04,0x00,0xe0,0x68,0x08,0x00,0x05,0x00,0x00,0x04,0x4c,0x54,0x04,0x00,
	0xe0,0x68,0x08,0x00,0x04,0x00,0x01,0x04,0x02,0x00,0x00,0x00,0xe0,0x68,0x08,0x00,
	0x00,0x00,0x01,0x04,0x02,0x00,0x00,0x00,0xe0,0x68,0x08,0x00,0x00,0x08,0x01,0x02,
	0x54,0x24,0x88,0x24,0x00,0x00,0x01,0x02,0x08,0x24,0x54,0x24,0x00,0x00,0x00,0x01,
	0x40,0x54,0x04,0x00,0xe0,0x68,0x08,0x00,0x05,0x00,0x00,0x04,0x44,0x54,0x04,0x00,
	0xe0,0x68,0x08,0x00,0x05,0x00,0x00,0x04,0x4c,0x54,0x04,0x00,0xe0,0x68,0x08,0x00,
	0x04,0x00,0x01,0x04,0x08,0x00,0x00,0x00,0xe0,0x68,0x08,0x00,0x00,0x00,0x01,0x04,
	0x08,0x00,0x00,0x00,0xe0,0x68,0x08,0x00,0x00,0x08,0x01,0x02,0x88,0x24,0xbc,0x24,
	0x00,0x00,0x01,0x02,0xbc,0x24,0x3c,0x25,0x00,0x00,0x00,0x01,0x40,0x54,0x04,0x00,
	0xf0,0x68,0x08,0x00,0x04,0x00,0x01,0x04,0x01,0x00,0x00,0x00,0xf0,0x68,0x08,0x00,
	0x00,0x00,0x01,0x04,0x00,0x00,0x00,0x00,0xf0,0x68,0x08,0x00,0x00,0x08,0x01,0x02,
	0xa4,0x4d,0xe4,0x4d,0x00,0x00,0x01,0x02,0x08,0x24,0x54,0x24,0x00,0x00,0x00,0x01,
	0x40,0x54,0x04,0x00,0xf0,0x68,0x08,0x00,0x04,0x00,0x01,0x04,0x04,0x00,0x00,0x00,
	0xf0,0x68,0x08,0x00,0x00,0x00,0x01,0x04,0x00,0x00,0x00,0x00,0xf0,0x68,0x08,0x00,
	0x00,0x08,0x01,0x02,0xa4,0x4d,0xe4,0x4d,0x00,0x00,0x01,0x02,0xbc,0x24,0x3c,0x25,
	0x00,0x00,0x00,0x01,0x2c,0x6e,0x08,0x00,0x50,0x54,0x04,0x00,0x00,0x00,0x00,0x01,
	0x28,0x6e,0x08,0x00,0x54,0x54,0x04,0x00,0x00,0x00,0x00,0x01,0x24,0x6e,0x08,0x00,
	0x5c,0x54,0x04,0x00,0x00,0x00,0x01,0x01,0x10,0x00,0x00,0x00,0x8c,0xf0,0x08,0x00,
	0x00,0x14,0x03,0x05,0x00,0x00,0x00,0x01,0x50,0x54,0x04,0x00,0xe0,0x68,0x08,0x00,
	0x05,0x00,0x00,0x04,0x54,0x54,0x04,0x00,0xe0,0x68,0x08,0x00,0x05,0x00,0x00,0x04,
	0x5c,0x54,0x04,0x00,0xe0,0x68,0x08,0x00,0x04,0x00,0x01,0x04,0x02,0x00,0x00,0x00,
	0xe0,0x68,0x08,0x00,0x00,0x00,0x01,0x04,0x02,0x00,0x00,0x00,0xe0,0x68,0x08,0x00,
	0x00,0x08,0x01,0x02,0x88,0x25,0xbc,0x25,0x00,0x00,0x01,0x02,0x3c,0x25,0x88,0x25,
	0x00,0x00,0x00,0x01,0x50,0x54,0x04,0x00,0xe0,0x68,0x08,0x00,0x05,0x00,0x00,0x04,
	0x54,0x54,0x04,0x00,0xe0,0x68,0x08,0x00,0x05,0x00,0x00,0x04,0x5c,0x54,0x04,0x00,
	0xe0,0x68,0x08,0x00,0x04,0x00,0x01,0x04,0x08,0x00,0x00,0x00,0xe0,0x68,0x08,0x00,
	0x00,0x00,0x01,0x04,0x08,0x00,0x00,0x00,0xe0,0x68,0x08,0x00,0x00,0x08,0x01,0x02,
	0xbc,0x25,0xf0,0x25,0x00,0x00,0x01,0x02,0xf0,0x25,0x10,0x26,0x00,0x00,0x00,0x01,
	0x50,0x54,0x04,0x00,0xf0,0x68,0x08,0x00,0x04,0x00,0x01,0x04,0x01,0x00,0x00,0x00,
	0xf0,0x68,0x08,0x00,0x00,0x00,0x01,0x04,0x00,0x00,0x00,0x00,0xf0,0x68,0x08,0x00,
	0x00,0x08,0x01,0x02,0xa4,0x4d,0xe4,0x4d,0x00,0x00,0x01,0x02,0x3c,0x25,0x88,0x25,
	0x00,0x00,0x00,0x01,0x50,0x54,0x04,0x00,0xf0,0x68,0x08,0x00,0x04,0x00,0x01,0x04,
	0x04,0x00,0x00,0x00,0xf0,0x68,0x08,0x00,0x00,0x00,0x01,0x04,0x00,0x00,0x00,0x00,
	0xf0,0x68,0x08,0x00,0x00,0x08,0x01,0x02,0xa4,0x4d,0xe4,0x4d,0x00,0x00,0x01,0x02,
	0xf0,0x25,0x10,0x26,0x00,0x00,0x00,0x01,0xf4,0x6d,0x08,0x00,0x70,0x60,0x04,0x00,
	0x05,0x00,0x01,0x04,0x00,0x00,0x00,0x80,0x70,0x60,0x04,0x00,0x00,0x00,0x01,0x02,
	0x1c,0x26,0x80,0x26,0x04,0x00,0x01,0x04,0xfd,0xff,0xff,0xff,0x88,0xfa,0x06,0x00,
	0x01,0x00,0x01,0x04,0x01,0x00,0x00,0x00,0x00,0x01,0x08,0x00,0x00,0x00,0x01,0x01,
	0x08,0x00,0x00,0x00,0x90,0xf0,0x08,0x00,0x00,0x15,0x03,0x05,0x00,0x00,0x00,0x01,
	0x70,0x60,0x04,0x00,0xf0,0x68,0x08,0x00,0x04,0x00,0x01,0x04,0x00,0x00,0x00,0x40,
	0xf0,0x68,0x08,0x00,0x00,0x00,0x01,0x04,0x00,0x00,0x00,0x40,0xf0,0x68,0x08,0x00,
	0x00,0x08,0x01,0x02,0x80,0x26,0x10,0x27,0x00,0x00,0x01,0x04,0x32,0x00,0x00,0x00,
	0x00,0x01,0x08,0x00,0x00,0x08,0x01,0x02,0xe4,0x4d,0xfc,0x4d,0x00,0x00,0x01,0x02,
	0x1c,0x26,0x80,0x26,0x00,0x00,0x00,0x01,0xf0,0x6d,0x08,0x00,0xc8,0x68,0x08,0x00,
	0x04,0x00,0x01,0x04,0xff,0xff,0xff,0x7f,0xc8,0x68,0x08,0x00,0x00,0x00,0x00,0x01,
	0xc8,0x68,0x08,0x00,0x10,0x60,0x04,0x00,0x00,0x00,0x00,0x01,0xf0,0x6d,0x08,0x00,
	0xc8,0x68,0x08,0x00,0x04,0x00,0x01,0x04,0x00,0x00,0x00,0x08,0xc8,0x68,0x08,0x00,
	0x00,0x00,0x01,0x04,0x00,0x00,0x00,0x08,0xc8,0x68,0x08,0x00,0x00,0x08,0x01,0x03,
	0x10,0x27,0x4c,0x27,0x00,0x00,0x00,0x01,0xf0,0x6d,0x08,0x00,0xc8,0x68,0x08,0x00,
	0x04,0x00,0x01,0x04,0x00,0x00,0x00,0x80,0xc8,0x68,0x08,0x00,0x05,0x00,0x00,0x04,
	0xc8,0x68,0x08,0x00,0x10,0x60,0x04,0x00,0x00,0x00,0x01,0x04,0x00,0x00,0x00,0x80,
	0xc8,0x68,0x08,0x00,0x00,0x08,0x01,0x02,0x4c,0x27,0xb0,0x27,0x00,0x00,0x01,0x02,
	0xb0,0x27,0x40,0x28,0x00,0x00,0x01,0x01,0x05,0x00,0x00,0x00,0x90,0xf0,0x08,0x00,
	0x00,0x15,0x03,0x05,0x00,0x00,0x00,0x01,0x10,0x60,0x04,0x00,0xf0,0x68,0x08,0x00,
	0x04,0x00,0x01,0x04,0x00,0x00,0x00,0x0c,0xf0,0x68,0x08,0x00,0x00,0x00,0x01,0x04,
	0x00,0x00,0x00,0x0c,0xf0,0x68,0x08,0x00,0x00,0x08,0x00,0x02,0xfc,0x4d,0x08,0x4e,
	0x01,0x00,0x01,0x04,0x01,0x00,0x00,0x00,0xf0,0x00,0x08,0x00,0x00,0x00,0x01,0x01,
	0x08,0x00,0x00,0x00,0x90,0xf0,0x08,0x00,0x00,0x15,0x03,0x05,0x00,0x00,0x00,0x01,
	0x10,0x60,0x04,0x00,0xf0,0x68,0x08,0x00,0x04,0x00,0x01,0x04,0x00,0x00,0x00,0xc0,
	0xf0,0x68,0x08,0x00,0x00,0x00,0x01,0x04,0x00,0x00,0x00,0xc0,0xf0,0x68,0x08,0x00,
	0x00,0x08,0x01,0x02,0xb0,0x27,0x40,0x28,0x00,0x00,0x01,0x04,0x32,0x00,0x00,0x00,
	0xf0,0x00,0x08,0x00,0x00,0x08,0x01,0x02,0x08,0x4e,0x20,0x4e,0x00,0x00,0x01,0x02,
	0x4c,0x27,0xb0,0x27,0x00,0x00,0x00,0x01,0xec,0x6d,0x08,0x00,0xc8,0x68,0x08,0x00,
	0x04,0x00,0x01,0x04,0xff,0xff,0xff,0x7f,0xc8,0x68,0x08,0x00,0x00,0x00,0x00,0x01,
	0xc8,0x68,0x08,0x00,0x14,0x60,0x04,0x00,0x00,0x00,0x00,0x01,0xec,0x6d,0x08,0x00,
	0xc8,0x68,0x08,0x00,0x04,0x00,0x01,0x04,0x00,0x00,0x00,0x08,0xc8,0x68,0x08,0x00,
	0x00,0x00,0x01,0x04,0x00,0x00,0x00,0x08,0xc8,0x68,0x08,0x00,0x00,0x08,0x01,0x03,
	0x40,0x28,0x7c,0x28,0x00,0x00,0x00,0x01,0xec,0x6d,0x08,0x00,0xc8,0x68,0x08,0x00,
	0x04,0x00,0x01,0x04,0x00,0x00,0x00,0x80,0xc8,0x68,0x08,0x00,0x05,0x00,0x00,0x04,
	0xc8,0x68,0x08,0x00,0x14,0x60,0x04,0x00,0x00,0x00,0x01,0x04,0x00,0x00,0x00,0x80,
	0xc8,0x68,0x08,0x00,0x00,0x08,0x01,0x02,0x7c,0x28,0xe0,0x28,0x00,0x00,0x01,0x02,
	0xe0,0x28,0x88,0x29,0x00,0x00,0x01,0x01,0x05,0x00,0x00,0x00,0x90,0xf0,0x08,0x00,
	0x00,0x15,0x03,0x05,0x00,0x00,0x00,0x01,0x14,0x60,0x04,0x00,0xf0,0x68,0x08,0x00,
	0x04,0x00,0x01,0x04,0x00,0x00,0x00,0x0c,0xf0,0x68,0x08,0x00,0x00,0x00,0x01,0x04,
	0x00,0x00,0x00,0x0c,0xf0,0x68,0x08,0x00,0x00,0x08,0x00,0x02,0xfc,0x4d,0x08,0x4e,
	0x01,0x00,0x01,0x04,0x01,0x00,0x00,0x00,0xec,0x00,0x08,0x00,0x00,0x00,0x01,0x01,
	0x08,0x00,0x00,0x00,0x90,0xf0,0x08,0x00,0x00,0x15,0x03,0x05,0x00,0x00,0x00,0x01,
	0x14,0x60,0x04,0x00,0xf0,0x68,0x08,0x00,0x04,0x00,0x01,0x04,0x00,0x00,0x00,0xc0,
	0xf0,0x68,0x08,0x00,0x00,0x00,0x01,0x04,0x00,0x00,0x00,0xc0,0xf0,0x68,0x08,0x00,
	0x00,0x08,0x01,0x02,0xe0,0x28,0x88,0x29,0x00,0x00,0x01,0x04,0x32,0x00,0x00,0x00,
	0xec,0x00,0x08,0x00,0x00,0x08,0x01,0x02,0x20,0x4e,0x38,0x4e,0x00,0x00,0x01,0x02,
	0x7c,0x28,0xe0,0x28,0x00,0x00,0x01,0x04,0x01,0x00,0x00,0x00,0xa4,0x68,0x08,0x00,
	0x00,0x08,0x01,0x03,0x10,0x26,0x1c,0x26,0x04,0x00,0x01,0x04,0xff,0xff,0xff,0xf7,
	0x70,0x60,0x04,0x00,0x00,0x00,0x01,0x04,0x01,0x00,0x00,0x00,0xe0,0x00,0x08,0x00,
	0x00,0x08,0x01,0x03,0x88,0x29,0x98,0x29,0x00,0x00,0x00,0x01,0x18,0x6e,0x08,0x00,
	0x08,0x50,0x04,0x00,0x00,0x00,0x00,0x01,0x14,0x6e,0x08,0x00,0xe8,0x4f,0x04,0x00,
	0x00,0x00,0x00,0x01,0x10,0x6e,0x08,0x00,0x00,0x43,0x04,0x00,0x00,0x00,0x00,0x01,
	0x0c,0x6e,0x08,0x00,0x04,0x43,0x04,0x00,0x00,0x00,0x01,0x01,0x0a,0x00,0x00,0x00,
	0x90,0xf0,0x08,0x00,0x00,0x15,0x03,0x05,0x00,0x00,0x00,0x01,0x08,0x50,0x04,0x00,
	0xb0,0x68,0x08,0x00,0x04,0x00,0x01,0x04,0x00,0x00,0x00,0x80,0xb0,0x68,0x08,0x00,
	0x00,0x00,0x01,0x04,0x00,0x00,0x00,0x80,0xb0,0x68,0x08,0x00,0x00,0x08,0x01,0x02,
	0x34,0x2a,0x68,0x2a,0x00,0x00,0x01,0x02,0x98,0x29,0xcc,0x29,0x00,0x00,0x01,0x03,
	0xec,0x40,0x64,0x41,0x00,0x00,0x01,0x03,0x64,0x41,0xdc,0x41,0x00,0x00,0x00,0x01,
	0xe8,0x4f,0x04,0x00,0xb0,0x68,0x08,0x00,0x04,0x00,0x01,0x04,0x00,0x00,0x00,0x80,
	0xb0,0x68,0x08,0x00,0x00,0x00,0x01,0x04,0x00,0x00,0x00,0x80,0xb0,0x68,0x08,0x00,
	0x00,0x08,0x01,0x02,0x68,0x2a,0x9c,0x2a,0x00,0x00,0x01,0x02,0xcc,0x29,0x00,0x2a,
	0x00,0x00,0x00,0x01,0x00,0x43,0x04,0x00,0xb0,0x68,0x08,0x00,0x04,0x00,0x01,0x04,
	0x00,0x00,0x00,0x80,0xb0,0x68,0x08,0x00,0x00,0x00,0x01,0x04,0x00,0x00,0x00,0x80,
	0xb0,0x68,0x08,0x00,0x00,0x08,0x01,0x02,0x9c,0x2a,0xd0,0x2a,0x00,0x00,0x01,0x02,
	0x00,0x2a,0x34,0x2a,0x00,0x00,0x00,0x01,0x04,0x43,0x04,0x00,0xb0,0x68,0x08,0x00,
	0x04,0x00,0x01,0x04,0x00,0x00,0x00,0x80,0xb0,0x68,0x08,0x00,0x00,0x00,0x01,0x04,
	0x00,0x00,0x00,0x80,0xb0,0x68,0x08,0x00,0x00,0x08,0x01,0x02,0xd0,0x2a,0x04,0x2b,
	0x00,0x00,0x01,0x02,0x04,0x2b,0x5c,0x2b,0x00,0x00,0x00,0x01,0x08,0x50,0x04,0x00,
	0xd4,0x68,0x08,0x00,0x04,0x00,0x01,0x04,0x00,0x00,0x00,0x40,0xd4,0x68,0x08,0x00,
	0x00,0x00,0x01,0x04,0x00,0x00,0x00,0x00,0xd4,0x68,0x08,0x00,0x00,0x08,0x01,0x02,
	0x68,0x4e,0xa8,0x4e,0x00,0x00,0x01,0x02,0x98,0x29,0xcc,0x29,0x00,0x00,0x00,0x01,
	0xe8,0x4f,0x04,0x00,0xd8,0x68,0x08,0x00,0x04,0x00,0x01,0x04,0x00,0x00,0x00,0x40,
	0xd8,0x68,0x08,0x00,0x00,0x00,0x01,0x04,0x00,0x00,0x00,0x00,0xd8,0x68,0x08,0x00,
	0x00,0x08,0x01,0x02,0x68,0x4e,0xa8,0x4e,0x00,0x00,0x01,0x02,0xcc,0x29,0x00,0x2a,
	0x00,0x00,0x00,0x01,0x00,0x43,0x04,0x00,0xd8,0x68,0x08,0x00,0x04,0x00,0x01,0x04,
	0x00,0x00,0x00,0x40,0xd8,0x68,0x08,0x00,0x00,0x00,0x01,0x04,0x00,0x00,0x00,0x00,
	0xd8,0x68,0x08,0x00,0x00,0x08,0x01,0x02,0x68,0x4e,0xa8,0x4e,0x00,0x00,0x01,0x02,
	0x00,0x2a,0x34,0x2a,0x00,0x00,0x00,0x01,0x04,0x43,0x04,0x00,0xd8,0x68,0x08,0x00,
	0x04,0x00,0x01,0x04,0x00,0x00,0x00,0x40,0xd8,0x68,0x08,0x00,0x00,0x00,0x01,0x04,
	0x00,0x00,0x00,0x00,0xd8,0x68,0x08,0x00,0x00,0x08,0x01,0x02,0x68,0x4e,0xa8,0x4e,
	0x00,0x00,0x01,0x02,0x04,0x2b,0x5c,0x2b,0x00,0x00,0x01,0x04,0x01,0x00,0x00,0x00,
	0x58,0x68,0x08,0x00,0x00,0x08,0x01,0x02,0xfc,0x2b,0x60,0x2c,0x00,0x00,0x01,0x04,
	0x01,0x00,0x00,0x00,0x54,0x68,0x08,0x00,0x00,0x08,0x01,0x02,0x60,0x2c,0xc4,0x2c,
	0x00,0x00,0x01,0x04,0x01,0x00,0x00,0x00,0x5c,0x68,0x08,0x00,0x00,0x08,0x01,0x02,
	0xc4,0x2c,0x28,0x2d,0x00,0x00,0x01,0x04,0x01,0x00,0x00,0x00,0x50,0x68,0x08,0x00,
	0x00,0x08,0x01,0x02,0x28,0x2d,0x98,0x2d,0x00,0x00,0x01,0x02,0x5c,0x2b,0xb4,0x2b,
	0x00,0x00,0x01,0x04,0x01,0x00,0x00,0x00,0x64,0x68,0x08,0x00,0x00,0x08,0x01,0x02,
	0x98,0x2d,0x14,0x2e,0x00,0x00,0x01,0x04,0x01,0x00,0x00,0x00,0x60,0x68,0x08,0x00,
	0x00,0x08,0x01,0x02,0x14,0x2e,0x90,0x2e,0x00,0x00,0x01,0x04,0x01,0x00,0x00,0x00,
	0x68,0x68,0x08,0x00,0x00,0x08,0x01,0x02,0x90,0x2e,0x34,0x2f,0x00,0x00,0x01,0x04,
	0x01,0x00,0x00,0x00,0x4c,0x68,0x08,0x00,0x00,0x08,0x01,0x02,0x34,0x2f,0xe4,0x2f,
	0x00,0x00,0x01,0x02,0xe4,0x2f,0x2c,0x30,0x05,0x00,0x01,0x04,0x00,0x01,0x00,0x00,
	0x38,0x65,0x04,0x00,0x05,0x00,0x01,0x04,0x00,0x04,0x00,0x00,0xb0,0x20,0x04,0x00,
	0x05,0x00,0x01,0x04,0x00,0x00,0x80,0x00,0x3c,0x0b,0x07,0x00,0x05,0x00,0x01,0x04,
	0x80,0x00,0x00,0x00,0x38,0x65,0x04,0x00,0x05,0x00,0x01,0x04,0x00,0x04,0x00,0x00,
	0xb4,0x20,0x04,0x00,0x05,0x00,0x01,0x04,0x00,0x00,0x80,0x00,0x3c,0x1b,0x07,0x00,
	0x00,0x00,0x01,0x01,0x01,0x00,0x00,0x00,0x80,0x68,0x08,0x00,0x00,0x00,0x01,0x01,
	0x01,0x00,0x00,0x00,0x54,0x52,0x04,0x00,0x00,0x00,0x00,0x01,0xe4,0x6d,0x08,0x00,
	0x48,0x68,0x08,0x00,0x04,0x00,0x01,0x04,0x00,0x00,0x00,0x80,0x48,0x68,0x08,0x00,
	0x00,0x00,0x01,0x04,0x00,0x00,0x00,0x80,0x48,0x68,0x08,0x00,0x00,0x08,0x01,0x03,
	0xd8,0x2b,0xfc,0x2b,0x05,0x00,0x01,0x04,0x80,0x00,0x00,0x00,0x24,0x65,0x04,0x00,
	0x00,0x00,0x01,0x01,0x98,0xa8,0xd8,0xa8,0x00,0xf4,0x05,0x00,0x00,0x00,0x01,0x02,
	0x5c,0x2b,0xb4,0x2b,0x00,0x00,0x01,0x01,0x01,0x00,0x00,0x00,0x7c,0x68,0x08,0x00,
	0x00,0x00,0x01,0x01,0x01,0x00,0x00,0x00,0x54,0x52,0x04,0x00,0x00,0x00,0x00,0x01,
	0xe4,0x6d,0x08,0x00,0x48,0x68,0x08,0x00,0x04,0x00,0x01,0x04,0x00,0x00,0x00,0x80,
	0x48,0x68,0x08,0x00,0x00,0x00,0x01,0x04,0x00,0x00,0x00,0x80,0x48,0x68,0x08,0x00,
	0x00,0x08,0x01,0x03,0xd8,0x2b,0xfc,0x2b,0x05,0x00,0x01,0x04,0x80,0x00,0x00,0x00,
	0x24,0x65,0x04,0x00,0x00,0x00,0x01,0x01,0xd8,0xa8,0x30,0xa9,0x00,0xf4,0x05,0x00,
	0x00,0x00,0x01,0x02,0x5c,0x2b,0xb4,0x2b,0x00,0x00,0x01,0x01,0x01,0x00,0x00,0x00,
	0x88,0x68,0x08,0x00,0x00,0x00,0x01,0x01,0x01,0x00,0x00,0x00,0x54,0x52,0x04,0x00,
	0x00,0x00,0x00,0x01,0xe4,0x6d,0x08,0x00,0x48,0x68,0x08,0x00,0x04,0x00,0x01,0x04,
	0x00,0x00,0x00,0x80,0x48,0x68,0x08,0x00,0x00,0x00,0x01,0x04,0x00,0x00,0x00,0x80,
	0x48,0x68,0x08,0x00,0x00,0x08,0x01,0x03,0xd8,0x2b,0xfc,0x2b,0x05,0x00,0x01,0x04,
	0x80,0x00,0x00,0x00,0x24,0x65,0x04,0x00,0x00,0x00,0x01,0x01,0x58,0xa8,0x98,0xa8,
	0x00,0xf4,0x05,0x00,0x00,0x00,0x01,0x02,0x5c,0x2b,0xb4,0x2b,0x00,0x00,0x01,0x01,
	0x01,0x00,0x00,0x00,0x84,0x68,0x08,0x00,0x00,0x00,0x01,0x01,0x01,0x00,0x00,0x00,
	0x54,0x52,0x04,0x00,0x05,0x00,0x01,0x04,0x00,0x10,0x00,0x00,0x50,0x65,0x04,0x00,
	0x00,0x00,0x00,0x01,0xe4,0x6d,0x08,0x00,0x48,0x68,0x08,0x00,0x04,0x00,0x01,0x04,
	0x00,0x00,0x00,0x80,0x48,0x68,0x08,0x00,0x00,0x00,0x01,0x04,0x00,0x00,0x00,0x80,
	0x48,0x68,0x08,0x00,0x00,0x08,0x01,0x03,0xd8,0x2b,0xfc,0x2b,0x05,0x00,0x01,0x04,
	0x80,0x00,0x00,0x00,0x24,0x65,0x04,0x00,0x00,0x00,0x01,0x01,0x44,0xa8,0x58,0xa8,
	0x00,0xf4,0x05,0x00,0x00,0x00,0x01,0x02,0x5c,0x2b,0xb4,0x2b,0x00,0x00,0x01,0x01,
	0x01,0x00,0x00,0x00,0x70,0x68,0x08,0x00,0x00,0x00,0x01,0x01,0x01,0x00,0x00,0x00,
	0x50,0x52,0x04,0x00,0x00,0x00,0x00,0x01,0xe8,0x6d,0x08,0x00,0x48,0x68,0x08,0x00,
	0x04,0x00,0x01,0x04,0x00,0x00,0x00,0x80,0x48,0x68,0x08,0x00,0x00,0x00,0x01,0x04,
	0x00,0x00,0x00,0x80,0x48,0x68,0x08,0x00,0x00,0x08,0x01,0x03,0xb4,0x2b,0xd8,0x2b,
	0x05,0x00,0x01,0x04,0x80,0x00,0x00,0x00,0x20,0x65,0x04,0x00,0x00,0x00,0x01,0x01,
	0x7c,0x20,0xbc,0x20,0x00,0xf0,0x05,0x00,0x00,0x00,0x01,0x03,0xdc,0x41,0xfc,0x41,
	0x00,0x00,0x01,0x03,0x3c,0x30,0x94,0x30,0x00,0x00,0x01,0x03,0xf0,0x36,0x08,0x39,
	0x00,0x00,0x01,0x02,0x08,0x39,0x58,0x39,0x00,0x00,0x01,0x01,0x01,0x00,0x00,0x00,
	0x6c,0x68,0x08,0x00,0x00,0x00,0x01,0x01,0x01,0x00,0x00,0x00,0x50,0x52,0x04,0x00,
	0x00,0x00,0x00,0x01,0xe8,0x6d,0x08,0x00,0x48,0x68,0x08,0x00,0x04,0x00,0x01,0x04,
	0x00,0x00,0x00,0x80,0x48,0x68,0x08,0x00,0x00,0x00,0x01,0x04,0x00,0x00,0x00,0x80,
	0x48,0x68,0x08,0x00,0x00,0x08,0x01,0x03,0xb4,0x2b,0xd8,0x2b,0x05,0x00,0x01,0x04,
	0x80,0x00,0x00,0x00,0x20,0x65,0x04,0x00,0x00,0x00,0x01,0x01,0xbc,0x20,0x14,0x21,
	0x00,0xf0,0x05,0x00,0x00,0x00,0x01,0x03,0xdc,0x41,0xfc,0x41,0x00,0x00,0x01,0x03,
	0x3c,0x30,0x94,0x30,0x00,0x00,0x01,0x03,0xf0,0x36,0x08,0x39,0x00,0x00,0x01,0x02,
	0x74,0x39,0xd8,0x39,0x00,0x00,0x01,0x01,0x01,0x00,0x00,0x00,0x74,0x68,0x08,0x00,
	0x00,0x00,0x01,0x01,0x01,0x00,0x00,0x00,0x50,0x52,0x04,0x00,0x00,0x00,0x00,0x01,
	0xe8,0x6d,0x08,0x00,0x48,0x68,0x08,0x00,0x04,0x00,0x01,0x04,0x00,0x00,0x00,0x80,
	0x48,0x68,0x08,0x00,0x00,0x00,0x01,0x04,0x00,0x00,0x00,0x80,0x48,0x68,0x08,0x00,
	0x00,0x08,0x01,0x03,0xb4,0x2b,0xd8,0x2b,0x05,0x00,0x01,0x04,0x80,0x00,0x00,0x00,
	0x20,0x65,0x04,0x00,0x00,0x00,0x01,0x01,0x3c,0x20,0x7c,0x20,0x00,0xf0,0x05,0x00,
	0x00,0x00,0x01,0x03,0xdc,0x41,0xfc,0x41,0x00,0x00,0x01,0x03,0x3c,0x30,0x94,0x30,
	0x00,0x00,0x01,0x03,0xf0,0x36,0x08,0x39,0x00,0x00,0x01,0x04,0x01,0x00,0x00,0x00,
	0x80,0x68,0x08,0x00,0x00,0x08,0x01,0x02,0x60,0x3a,0xb0,0x3a,0x00,0x00,0x01,0x04,
	0x01,0x00,0x00,0x00,0x7c,0x68,0x08,0x00,0x00,0x08,0x01,0x02,0xcc,0x3a,0x30,0x3b,
	0x00,0x00,0x01,0x03,0x2c,0x30,0x3c,0x30,0x00,0x00,0x01,0x01,0x01,0x00,0x00,0x00,
	0x78,0x68,0x08,0x00,0x00,0x00,0x01,0x01,0x01,0x00,0x00,0x00,0x50,0x52,0x04,0x00,
	0x05,0x00,0x01,0x04,0x00,0x10,0x00,0x00,0x4c,0x65,0x04,0x00,0x00,0x00,0x00,0x01,
	0xe8,0x6d,0x08,0x00,0x48,0x68,0x08,0x00,0x04,0x00,0x01,0x04,0x00,0x00,0x00,0x80,
	0x48,0x68,0x08,0x00,0x00,0x00,0x01,0x04,0x00,0x00,0x00,0x80,0x48,0x68,0x08,0x00,
	0x00,0x08,0x01,0x03,0xb4,0x2b,0xd8,0x2b,0x05,0x00,0x01,0x04,0x80,0x00,0x00,0x00,
	0x20,0x65,0x04,0x00,0x00,0x00,0x01,0x01,0x28,0x20,0x3c,0x20,0x00,0xf0,0x05,0x00,
	0x00,0x00,0x01,0x03,0xdc,0x41,0xfc,0x41,0x00,0x00,0x01,0x03,0x3c,0x30,0x94,0x30,
	0x00,0x00,0x01,0x03,0xf0,0x36,0x08,0x39,0x00,0x00,0x01,0x04,0x01,0x00,0x00,0x00,
	0x80,0x68,0x08,0x00,0x00,0x08,0x01,0x02,0x60,0x3a,0xb0,0x3a,0x00,0x00,0x01,0x04,
	0x01,0x00,0x00,0x00,0x7c,0x68,0x08,0x00,0x00,0x08,0x01,0x02,0xcc,0x3a,0x30,0x3b,
	0x00,0x00,0x01,0x03,0x2c,0x30,0x3c,0x30,0x00,0x00,0x01,0x03,0xdc,0x41,0xfc,0x41,
	0x00,0x00,0x01,0x03,0x3c,0x30,0x94,0x30,0x00,0x00,0x01,0x03,0xf0,0x36,0x08,0x39,
	0x00,0x00,0x01,0x04,0x01,0x00,0x00,0x00,0x80,0x68,0x08,0x00,0x00,0x08,0x01,0x02,
	0x60,0x3a,0xb0,0x3a,0x00,0x00,0x01,0x04,0x01,0x00,0x00,0x00,0x7c,0x68,0x08,0x00,
	0x00,0x08,0x01,0x02,0xcc,0x3a,0x30,0x3b,0x00,0x00,0x01,0x03,0x2c,0x30,0x3c,0x30,
	0x00,0x00,0x01,0x01,0xc8,0x00,0x00,0x00,0x90,0xf0,0x08,0x00,0x00,0x15,0x03,0x05,
	0x00,0x00,0x01,0x04,0x01,0x00,0x00,0x00,0x80,0x68,0x08,0x00,0x00,0x08,0x01,0x02,
	0xe4,0x30,0x44,0x31,0x00,0x00,0x01,0x04,0x01,0x00,0x00,0x00,0x7c,0x68,0x08,0x00,
	0x00,0x08,0x01,0x02,0xb0,0x31,0x0c,0x32,0x00,0x00,0x01,0x04,0x01,0x00,0x00,0x00,
	0x88,0x68,0x08,0x00,0x00,0x08,0x01,0x02,0x18,0x33,0x60,0x33,0x00,0x00,0x01,0x04,
	0x01,0x00,0x00,0x00,0x84,0x68,0x08,0x00,0x00,0x08,0x01,0x02,0xf4,0x33,0x3c,0x34,
	0x00,0x00,0x01,0x02,0x94,0x30,0xe4,0x30,0x00,0x00,0x01,0x04,0x01,0x00,0x00,0x00,
	0x70,0x68,0x08,0x00,0x00,0x08,0x01,0x02,0x3c,0x34,0x98,0x34,0x00,0x00,0x01,0x04,
	0x01,0x00,0x00,0x00,0x6c,0x68,0x08,0x00,0x00,0x08,0x01,0x02,0x98,0x34,0x08,0x35,
	0x00,0x00,0x01,0x04,0x01,0x00,0x00,0x00,0x74,0x68,0x08,0x00,0x00,0x08,0x01,0x02,
	0x48,0x35,0xa4,0x35,0x00,0x00,0x01,0x04,0x01,0x00,0x00,0x00,0x78,0x68,0x08,0x00,
	0x00,0x08,0x01,0x02,0xa4,0x35,0x00,0x36,0x00,0x00,0x01,0x03,0x00,0x36,0x3c,0x36,
	0x00,0x00,0x01,0x03,0x94,0x30,0xe4,0x30,0x00,0x00,0x01,0x03,0x64,0x3c,0xf0,0x3d,
	0x00,0x00,0x01,0x04,0x01,0x00,0x00,0x00,0x70,0x68,0x08,0x00,0x00,0x08,0x01,0x02,
	0x44,0x31,0x7c,0x31,0x00,0x00,0x01,0x04,0x01,0x00,0x00,0x00,0x6c,0x68,0x08,0x00,
	0x00,0x08,0x01,0x02,0x7c,0x31,0xb0,0x31,0x05,0x00,0x01,0x04,0x00,0x00,0x00,0x20,
	0x00,0x18,0x06,0x00,0x00,0x00,0x01,0x03,0xc0,0x3f,0xe0,0x40,0x04,0x00,0x01,0x04,
	0xff,0xff,0xff,0xdf,0x00,0x18,0x06,0x00,0x05,0x00,0x01,0x04,0x00,0x00,0x00,0x20,
	0x00,0x08,0x06,0x00,0x05,0x00,0x01,0x04,0x00,0x00,0x00,0x20,0x00,0x18,0x06,0x00,
	0x00,0x00,0x01,0x03,0xc0,0x3f,0xe0,0x40,0x04,0x00,0x01,0x04,0xff,0xff,0xff,0xdf,
	0x00,0x08,0x06,0x00,0x04,0x00,0x01,0x04,0xff,0xff,0xff,0xdf,0x00,0x18,0x06,0x00,
	0x05,0x00,0x01,0x04,0x00,0x00,0x00,0x20,0x00,0x18,0x06,0x00,0x00,0x00,0x01,0x04,
	0x01,0x00,0x00,0x00,0xa4,0x68,0x08,0x00,0x00,0x08,0x01,0x03,0x08,0x35,0x28,0x35,
	0x00,0x08,0x00,0x03,0x28,0x35,0x48,0x35,0x04,0x00,0x01,0x04,0xff,0xff,0xff,0xdf,
	0x00,0x18,0x06,0x00,0x00,0x00,0x01,0x03,0x00,0x36,0x3c,0x36,0x00,0x00,0x01,0x03,
	0x94,0x30,0xe4,0x30,0x00,0x00,0x01,0x03,0x64,0x3c,0xf0,0x3d,0x00,0x00,0x01,0x04,
	0x01,0x00,0x00,0x00,0x70,0x68,0x08,0x00,0x00,0x08,0x01,0x02,0x0c,0x32,0x40,0x32,
	0x00,0x00,0x01,0x04,0x01,0x00,0x00,0x00,0x6c,0x68,0x08,0x00,0x00,0x08,0x01,0x02,
	0x40,0x32,0x68,0x32,0x00,0x00,0x01,0x04,0x01,0x00,0x00,0x00,0xa4,0x68,0x08,0x00,
	0x00,0x08,0x01,0x02,0xd8,0x32,0xf8,0x32,0x00,0x08,0x00,0x02,0xf8,0x32,0x18,0x33,
	0x05,0x00,0x01,0x04,0x00,0x00,0x00,0x20,0x00,0x08,0x06,0x00,0x00,0x00,0x01,0x04,
	0x01,0x00,0x00,0x00,0xa4,0x68,0x08,0x00,0x00,0x08,0x01,0x03,0xd8,0x32,0xf8,0x32,
	0x00,0x08,0x00,0x03,0xf8,0x32,0x18,0x33,0x04,0x00,0x01,0x04,0xff,0xff,0xff,0xdf,
	0x00,0x08,0x06,0x00,0x00,0x00,0x01,0x04,0x01,0x00,0x00,0x00,0xa4,0x68,0x08,0x00,
	0x00,0x08,0x01,0x03,0x68,0x32,0xa0,0x32,0x00,0x08,0x00,0x03,0xa0,0x32,0xd8,0x32,
	0x04,0x00,0x01,0x04,0xff,0xff,0xff,0xdf,0x00,0x18,0x06,0x00,0x05,0x00,0x01,0x04,
	0x00,0x00,0x00,0x40,0x00,0x09,0x06,0x00,0x05,0x00,0x01,0x04,0x00,0x00,0x00,0x40,
	0x00,0x19,0x06,0x00,0x00,0x00,0x01,0x03,0xc0,0x3f,0xe0,0x40,0x04,0x00,0x01,0x04,
	0xff,0xff,0xff,0xbf,0x00,0x09,0x06,0x00,0x04,0x00,0x01,0x04,0xff,0xff,0xff,0xbf,
	0x00,0x19,0x06,0x00,0x05,0x00,0x01,0x04,0x00,0x00,0x00,0x20,0x00,0x09,0x06,0x00,
	0x05,0x00,0x01,0x04,0x00,0x00,0x00,0x20,0x00,0x19,0x06,0x00,0x00,0x00,0x01,0x03,
	0xc0,0x3f,0xe0,0x40,0x04,0x00,0x01,0x04,0xff,0xff,0xff,0xdf,0x00,0x09,0x06,0x00,
	0x04,0x00,0x01,0x04,0xff,0xff,0xff,0xdf,0x00,0x19,0x06,0x00,0x05,0x00,0x01,0x04,
	0x00,0x00,0x00,0x40,0x00,0x19,0x06,0x00,0x00,0x00,0x01,0x03,0xc0,0x3f,0xe0,0x40,
	0x04,0x00,0x01,0x04,0xff,0xff,0xff,0xbf,0x00,0x19,0x06,0x00,0x05,0x00,0x01,0x04,
	0x00,0x00,0x00,0x20,0x00,0x19,0x06,0x00,0x00,0x00,0x01,0x03,0xc0,0x3f,0xe0,0x40,
	0x04,0x00,0x01,0x04,0xff,0xff,0xff,0xdf,0x00,0x19,0x06,0x00,0x00,0x00,0x01,0x03,
	0x00,0x36,0x3c,0x36,0x00,0x00,0x01,0x03,0x94,0x30,0xe4,0x30,0x00,0x00,0x01,0x03,
	0x64,0x3c,0xf0,0x3d,0x00,0x00,0x01,0x04,0x01,0x00,0x00,0x00,0x70,0x68,0x08,0x00,
	0x00,0x08,0x01,0x02,0x60,0x33,0xac,0x33,0x00,0x00,0x01,0x04,0x01,0x00,0x00,0x00,
	0x6c,0x68,0x08,0x00,0x00,0x08,0x01,0x02,0xac,0x33,0xf4,0x33,0x00,0x00,0x01,0x03,
	0xc0,0x3f,0xe0,0x40,0x00,0x00,0x00,0x01,0x80,0x68,0x08,0x00,0xdc,0x68,0x08,0x00,
	0x05,0x00,0x00,0x04,0x7c,0x68,0x08,0x00,0xdc,0x68,0x08,0x00,0x00,0x00,0x01,0x04,
	0x01,0x00,0x00,0x00,0xdc,0x68,0x08,0x00,0x00,0x08,0x01,0x02,0xb8,0x3b,0xbc,0x3b,
	0x05,0x00,0x01,0x04,0x00,0x00,0x00,0x20,0x00,0x08,0x06,0x00,0x00,0x00,0x01,0x03,
	0xc0,0x3f,0xe0,0x40,0x04,0x00,0x01,0x04,0xff,0xff,0xff,0xdf,0x00,0x08,0x06,0x00,
	0x00,0x00,0x00,0x01,0x80,0x68,0x08,0x00,0xdc,0x68,0x08,0x00,0x05,0x00,0x00,0x04,
	0x7c,0x68,0x08,0x00,0xdc,0x68,0x08,0x00,0x00,0x00,0x01,0x04,0x01,0x00,0x00,0x00,
	0xdc,0x68,0x08,0x00,0x00,0x08,0x01,0x02,0xb8,0x3b,0xbc,0x3b,0x00,0x00,0x01,0x04,
	0x01,0x00,0x00,0x00,0xa4,0x68,0x08,0x00,0x00,0x08,0x01,0x03,0x08,0x35,0x28,0x35,
	0x00,0x08,0x00,0x03,0x28,0x35,0x48,0x35,0x00,0x00,0x01,0x03,0x3c,0x36,0x78,0x36,
	0x00,0x00,0x01,0x03,0x94,0x30,0xe4,0x30,0x00,0x00,0x01,0x03,0x64,0x3c,0xf0,0x3d,
	0x00,0x00,0x01,0x04,0x01,0x00,0x00,0x00,0x70,0x68,0x08,0x00,0x00,0x08,0x01,0x02,
	0x60,0x33,0xac,0x33,0x00,0x00,0x01,0x04,0x01,0x00,0x00,0x00,0x6c,0x68,0x08,0x00,
	0x00,0x08,0x01,0x02,0xac,0x33,0xf4,0x33,0x00,0x00,0x01,0x03,0xc0,0x3f,0xe0,0x40,
	0x00,0x00,0x01,0x03,0x78,0x36,0xb4,0x36,0x00,0x00,0x00,0x01,0x80,0x68,0x08,0x00,
	0xdc,0x68,0x08,0x00,0x05,0x00,0x00,0x04,0x7c,0x68,0x08,0x00,0xdc,0x68,0x08,0x00,
	0x05,0x00,0x00,0x04,0x88,0x68,0x08,0x00,0xdc,0x68,0x08,0x00,0x05,0x00,0x00,0x04,
	0x84,0x68,0x08,0x00,0xdc,0x68,0x08,0x00,0x00,0x00,0x01,0x04,0x01,0x00,0x00,0x00,
	0xdc,0x68,0x08,0x00,0x00,0x08,0x01,0x02,0xb8,0x3b,0xbc,0x3b,0x00,0x00,0x01,0x03,
	0x64,0x3c,0xf0,0x3d,0x00,0x00,0x01,0x03,0x60,0x33,0xac,0x33,0x00,0x00,0x01,0x03,
	0x78,0x36,0xb4,0x36,0x00,0x00,0x00,0x01,0x80,0x68,0x08,0x00,0xdc,0x68,0x08,0x00,
	0x05,0x00,0x00,0x04,0x7c,0x68,0x08,0x00,0xdc,0x68,0x08,0x00,0x05,0x00,0x00,0x04,
	0x88,0x68,0x08,0x00,0xdc,0x68,0x08,0x00,0x05,0x00,0x00,0x04,0x84,0x68,0x08,0x00,
	0xdc,0x68,0x08,0x00,0x00,0x00,0x01,0x04,0x01,0x00,0x00,0x00,0xdc,0x68,0x08,0x00,
	0x00,0x08,0x01,0x02,0xb8,0x3b,0xbc,0x3b,0x00,0x00,0x01,0x03,0x64,0x3c,0xf0,0x3d,
	0x00,0x00,0x01,0x04,0x01,0x00,0x00,0x00,0xa4,0x68,0x08,0x00,0x00,0x08,0x01,0x03,
	0x08,0x35,0x28,0x35,0x00,0x08,0x00,0x03,0x28,0x35,0x48,0x35,0x05,0x00,0x01,0x04,
	0x00,0x00,0x00,0x40,0x00,0x09,0x06,0x00,0x00,0x00,0x01,0x03,0xc0,0x3f,0xe0,0x40,
	0x04,0x00,0x01,0x04,0xff,0xff,0xff,0xbf,0x00,0x09,0x06,0x00,0x05,0x00,0x01,0x04,
	0x00,0x00,0x00,0x20,0x00,0x09,0x06,0x00,0x00,0x00,0x01,0x03,0xc0,0x3f,0xe0,0x40,
	0x04,0x00,0x01,0x04,0xff,0xff,0xff,0xdf,0x00,0x09,0x06,0x00,0x00,0x00,0x01,0x03,
	0x78,0x36,0xb4,0x36,0x00,0x00,0x00,0x01,0x80,0x68,0x08,0x00,0xdc,0x68,0x08,0x00,
	0x05,0x00,0x00,0x04,0x7c,0x68,0x08,0x00,0xdc,0x68,0x08,0x00,0x05,0x00,0x00,0x04,
	0x88,0x68,0x08,0x00,0xdc,0x68,0x08,0x00,0x05,0x00,0x00,0x04,0x84,0x68,0x08,0x00,
	0xdc,0x68,0x08,0x00,0x00,0x00,0x01,0x04,0x01,0x00,0x00,0x00,0xdc,0x68,0x08,0x00,
	0x00,0x08,0x01,0x02,0xb8,0x3b,0xbc,0x3b,0x00,0x00,0x01,0x03,0x64,0x3c,0xf0,0x3d,
	0x00,0x00,0x01,0x03,0xc0,0x3f,0xe0,0x40,0x00,0x00,0x01,0x03,0xb4,0x36,0xf0,0x36,
	0x00,0x00,0x00,0x01,0x80,0x68,0x08,0x00,0xdc,0x68,0x08,0x00,0x05,0x00,0x00,0x04,
	0x7c,0x68,0x08,0x00,0xdc,0x68,0x08,0x00,0x05,0x00,0x00,0x04,0x88,0x68,0x08,0x00,
	0xdc,0x68,0x08,0x00,0x05,0x00,0x00,0x04,0x84,0x68,0x08,0x00,0xdc,0x68,0x08,0x00,
	0x00,0x00,0x01,0x04,0x01,0x00,0x00,0x00,0xdc,0x68,0x08,0x00,0x00,0x08,0x01,0x02,
	0xb8,0x3b,0xbc,0x3b,0x00,0x00,0x01,0x03,0x64,0x3c,0xf0,0x3d,0x00,0x00,0x01,0x03,
	0xc0,0x3f,0xe0,0x40,0x00,0x00,0x01,0x01,0x05,0x00,0x00,0x00,0x90,0xf0,0x08,0x00,
	0x00,0x15,0x03,0x05,0x00,0x00,0x00,0x01,0xf0,0xf7,0x05,0x00,0xf0,0x68,0x08,0x00,
	0x04,0x00,0x01,0x04,0x30,0x00,0x00,0x00,0xf0,0x68,0x08,0x00,0x00,0x00,0x01,0x04,
	0x00,0x00,0x00,0x00,0xf0,0x68,0x08,0x00,0x00,0x08,0x01,0x02,0x00,0x36,0x3c,0x36,
	0x00,0x00,0x01,0x01,0x05,0x00,0x00,0x00,0x90,0xf0,0x08,0x00,0x00,0x15,0x03,0x05,
	0x00,0x00,0x00,0x01,0xf0,0xf7,0x05,0x00,0xf0,0x68,0x08,0x00,0x04,0x00,0x01,0x04,
	0x10,0x00,0x00,0x00,0xf0,0x68,0x08,0x00,0x00,0x00,0x01,0x04,0x00,0x00,0x00,0x00,
	0xf0,0x68,0x08,0x00,0x00,0x08,0x01,0x02,0x3c,0x36,0x78,0x36,0x00,0x00,0x01,0x01,
	0x05,0x00,0x00,0x00,0x90,0xf0,0x08,0x00,0x00,0x15,0x03,0x05,0x00,0x00,0x00,0x01,
	0xf0,0xf3,0x05,0x00,0xf0,0x68,0x08,0x00,0x04,0x00,0x01,0x04,0x30,0x00,0x00,0x00,
	0xf0,0x68,0x08,0x00,0x00,0x00,0x01,0x04,0x00,0x00,0x00,0x00,0xf0,0x68,0x08,0x00,
	0x00,0x08,0x01,0x02,0x78,0x36,0xb4,0x36,0x00,0x00,0x01,0x01,0x05,0x00,0x00,0x00,
	0x90,0xf0,0x08,0x00,0x00,0x15,0x03,0x05,0x00,0x00,0x00,0x01,0xf0,0xf3,0x05,0x00,
	0xf0,0x68,0x08,0x00,0x04,0x00,0x01,0x04,0x10,0x00,0x00,0x00,0xf0,0x68,0x08,0x00,
	0x00,0x00,0x01,0x04,0x00,0x00,0x00,0x00,0xf0,0x68,0x08,0x00,0x00,0x08,0x01,0x02,
	0xb4,0x36,0xf0,0x36,0x00,0x00,0x00,0x01,0x84,0x6b,0x08,0x00,0x38,0x65,0x04,0x00,
	0x00,0x00,0x00,0x01,0x70,0x6d,0x08,0x00,0xb0,0x20,0x04,0x00,0x00,0x00,0x00,0x01,
	0x74,0x6d,0x08,0x00,0xb4,0x20,0x04,0x00,0x00,0x00,0x00,0x01,0xbc,0x6f,0x08,0x00,
	0x50,0x52,0x04,0x00,0x00,0x00,0x00,0x01,0xb8,0x6f,0x08,0x00,0x54,0x52,0x04,0x00,
	0x00,0x00,0x00,0x01,0x6c,0x6b,0x08,0x00,0x20,0x65,0x04,0x00,0x00,0x00,0x00,0x01,
	0x70,0x6b,0x08,0x00,0x24,0x65,0x04,0x00,0x00,0x00,0x00,0x01,0xb4,0x6f,0x08,0x00,
	0x4c,0x65,0x04,0x00,0x00,0x00,0x00,0x01,0xb0,0x6f,0x08,0x00,0x50,0x65,0x04,0x00,
	0x00,0x00,0x00,0x01,0xa4,0x6f,0x08,0x00,0x00,0xb4,0x06,0x00,0x00,0x00,0x00,0x01,
	0xa0,0x6f,0x08,0x00,0x00,0xbc,0x06,0x00,0x00,0x00,0x00,0x01,0x9c,0x6f,0x08,0x00,
	0x00,0xb0,0x06,0x00,0x00,0x00,0x00,0x01,0x98,0x6f,0x08,0x00,0x0c,0xb0,0x06,0x00,
	0x00,0x00,0x00,0x01,0x94,0x6f,0x08,0x00,0x10,0xb0,0x06,0x00,0x00,0x00,0x00,0x01,
	0x90,0x6f,0x08,0x00,0x00,0xb8,0x06,0x00,0x00,0x00,0x00,0x01,0x8c,0x6f,0x08,0x00,
	0x0c,0xb8,0x06,0x00,0x00,0x00,0x00,0x01,0x88,0x6f,0x08,0x00,0x10,0xb8,0x06,0x00,
	0x00,0x00,0x00,0x01,0x84,0x6f,0x08,0x00,0x08,0xb0,0x07,0x00,0x00,0x00,0x00,0x01,
	0x80,0x6f,0x08,0x00,0x08,0xb8,0x07,0x00,0x00,0x00,0x00,0x01,0x74,0x6f,0x08,0x00,
	0x34,0xb0,0x06,0x00,0x00,0x00,0x00,0x01,0x70,0x6f,0x08,0x00,0x34,0xb8,0x06,0x00,
	0x00,0x00,0x00,0x01,0x08,0x6e,0x08,0x00,0x50,0x40,0x04,0x00,0x00,0x00,0x00,0x01,
	0x04,0x6e,0x08,0x00,0x54,0x40,0x04,0x00,0x04,0x00,0x01,0x04,0xfc,0xff,0xff,0xff,
	0x00,0xf2,0x08,0x00,0x00,0x00,0x00,0x01,0x60,0xf0,0x05,0x00,0x28,0x68,0x08,0x00,
	0x04,0x00,0x01,0x04,0x00,0x00,0x00,0x80,0x28,0x68,0x08,0x00,0x05,0x00,0x01,0x04,
	0x03,0x00,0x00,0x00,0x28,0x68,0x08,0x00,0x00,0x00,0x00,0x01,0x28,0x68,0x08,0x00,
	0x60,0xf0,0x05,0x00,0x00,0x00,0x00,0x01,0x60,0xf4,0x05,0x00,0x28,0x68,0x08,0x00,
	0x04,0x00,0x01,0x04,0x00,0x00,0x00,0x80,0x28,0x68,0x08,0x00,0x05,0x00,0x01,0x04,
	0x03,0x00,0x00,0x00,0x28,0x68,0x08,0x00,0x00,0x00,0x00,0x01,0x28,0x68,0x08,0x00,
	0x60,0xf4,0x05,0x00,0x00,0x00,0x00,0x01,0x60,0xf8,0x05,0x00,0x28,0x68,0x08,0x00,
	0x04,0x00,0x01,0x04,0x00,0x00,0x00,0x80,0x28,0x68,0x08,0x00,0x05,0x00,0x01,0x04,
	0x03,0x00,0x00,0x00,0x28,0x68,0x08,0x00,0x00,0x00,0x00,0x01,0x28,0x68,0x08,0x00,
	0x60,0xf8,0x05,0x00,0x00,0x00,0x00,0x01,0x60,0xfc,0x05,0x00,0x28,0x68,0x08,0x00,
	0x04,0x00,0x01,0x04,0x00,0x00,0x00,0x80,0x28,0x68,0x08,0x00,0x05,0x00,0x01,0x04,
	0x03,0x00,0x00,0x00,0x28,0x68,0x08,0x00,0x00,0x00,0x00,0x01,0x28,0x68,0x08,0x00,
	0x60,0xfc,0x05,0x00,0x05,0x00,0x01,0x04,0x10,0x00,0x00,0x00,0x04,0x55,0x04,0x00,
	0x00,0x00,0x01,0x01,0x03,0x00,0x00,0x00,0x00,0x55,0x04,0x00,0x04,0x00,0x01,0x04,
	0xef,0xfd,0xff,0xff,0x04,0x55,0x04,0x00,0x00,0x00,0x00,0x01,0x9c,0x55,0x04,0x00,
	0xb4,0x00,0x08,0x00,0x00,0x00,0x01,0x03,0xa8,0x4e,0x38,0x4f,0x01,0x00,0x01,0x04,
	0x01,0x00,0x00,0x00,0xfc,0x00,0x08,0x00,0x00,0x00,0x01,0x01,0x0a,0x00,0x00,0x00,
	0x90,0xf0,0x08,0x00,0x00,0x15,0x03,0x05,0x00,0x00,0x00,0x01,0x40,0x08,0x06,0x00,
	0xf0,0x68,0x08,0x00,0x04,0x00,0x01,0x04,0x00,0x00,0x00,0xe0,0xf0,0x68,0x08,0x00,
	0x00,0x00,0x01,0x04,0x00,0x00,0x00,0x40,0xf0,0x68,0x08,0x00,0x00,0x08,0x01,0x02,
	0x58,0x39,0x74,0x39,0x00,0x00,0x01,0x02,0xb8,0x3b,0xbc,0x3b,0x00,0x00,0x01,0x04,
	0x14,0x00,0x00,0x00,0xfc,0x00,0x08,0x00,0x00,0x08,0x01,0x02,0xb8,0x3b,0xbc,0x3b,
	0x00,0x00,0x01,0x02,0x08,0x39,0x58,0x39,0x00,0x00,0x01,0x04,0x01,0x00,0x00,0x00,
	0xa4,0x68,0x08,0x00,0x00,0x08,0x01,0x02,0xf4,0x39,0x44,0x3a,0x01,0x00,0x01,0x04,
	0x01,0x00,0x00,0x00,0xf8,0x00,0x08,0x00,0x00,0x00,0x01,0x01,0x0a,0x00,0x00,0x00,
	0x90,0xf0,0x08,0x00,0x00,0x15,0x03,0x05,0x00,0x00,0x00,0x01,0x40,0x09,0x06,0x00,
	0xf0,0x68,0x08,0x00,0x04,0x00,0x01,0x04,0x00,0x00,0x00,0xf0,0xf0,0x68,0x08,0x00,
	0x00,0x00,0x01,0x04,0x00,0x00,0x00,0x80,0xf0,0x68,0x08,0x00,0x00,0x08,0x01,0x02,
	0xd8,0x39,0xf4,0x39,0x00,0x00,0x01,0x02,0xb8,0x3b,0xbc,0x3b,0x00,0x00,0x01,0x04,
	0x14,0x00,0x00,0x00,0xf8,0x00,0x08,0x00,0x00,0x08,0x01,0x02,0xb8,0x3b,0xbc,0x3b,
	0x00,0x00,0x01,0x02,0x74,0x39,0xd8,0x39,0x01,0x00,0x01,0x04,0x01,0x00,0x00,0x00,
	0xf8,0x00,0x08,0x00,0x00,0x00,0x01,0x01,0x0a,0x00,0x00,0x00,0x90,0xf0,0x08,0x00,
	0x00,0x15,0x03,0x05,0x00,0x00,0x00,0x01,0x40,0x09,0x06,0x00,0xf0,0x68,0x08,0x00,
	0x04,0x00,0x01,0x04,0x00,0x00,0x00,0xf0,0xf0,0x68,0x08,0x00,0x00,0x00,0x01,0x04,
	0x00,0x00,0x00,0x30,0xf0,0x68,0x08,0x00,0x00,0x08,0x01,0x02,0x44,0x3a,0x60,0x3a,
	0x00,0x00,0x01,0x02,0xb8,0x3b,0xbc,0x3b,0x00,0x00,0x01,0x04,0x14,0x00,0x00,0x00,
	0xf8,0x00,0x08,0x00,0x00,0x08,0x01,0x02,0xb8,0x3b,0xbc,0x3b,0x00,0x00,0x01,0x02,
	0xf4,0x39,0x44,0x3a,0x01,0x00,0x01,0x04,0x01,0x00,0x00,0x00,0xc0,0x00,0x08,0x00,
	0x00,0x00,0x01,0x01,0x0a,0x00,0x00,0x00,0x90,0xf0,0x08,0x00,0x00,0x15,0x03,0x05,
	0x00,0x00,0x00,0x01,0x40,0x18,0x06,0x00,0xf0,0x68,0x08,0x00,0x04,0x00,0x01,0x04,
	0x00,0x00,0x00,0xe0,0xf0,0x68,0x08,0x00,0x00,0x00,0x01,0x04,0x00,0x00,0x00,0x40,
	0xf0,0x68,0x08,0x00,0x00,0x08,0x01,0x02,0xb0,0x3a,0xcc,0x3a,0x00,0x00,0x01,0x02,
	0xb8,0x3b,0xbc,0x3b,0x00,0x00,0x01,0x04,0x14,0x00,0x00,0x00,0xc0,0x00,0x08,0x00,
	0x00,0x08,0x01,0x02,0xb8,0x3b,0xbc,0x3b,0x00,0x00,0x01,0x02,0x60,0x3a,0xb0,0x3a,
	0x00,0x00,0x01,0x04,0x01,0x00,0x00,0x00,0xa4,0x68,0x08,0x00,0x00,0x08,0x01,0x02,
	0x4c,0x3b,0x9c,0x3b,0x01,0x00,0x01,0x04,0x01,0x00,0x00,0x00,0xbc,0x00,0x08,0x00,
	0x00,0x00,0x01,0x01,0x0a,0x00,0x00,0x00,0x90,0xf0,0x08,0x00,0x00,0x15,0x03,0x05,
	0x00,0x00,0x00,0x01,0x40,0x19,0x06,0x00,0xf0,0x68,0x08,0x00,0x04,0x00,0x01,0x04,
	0x00,0x00,0x00,0xf0,0xf0,0x68,0x08,0x00,0x00,0x00,0x01,0x04,0x00,0x00,0x00,0x80,
	0xf0,0x68,0x08,0x00,0x00,0x08,0x01,0x02,0x30,0x3b,0x4c,0x3b,0x00,0x00,0x01,0x02,
	0xb8,0x3b,0xbc,0x3b,0x00,0x00,0x01,0x04,0x14,0x00,0x00,0x00,0xbc,0x00,0x08,0x00,
	0x00,0x08,0x01,0x02,0xb8,0x3b,0xbc,0x3b,0x00,0x00,0x01,0x02,0xcc,0x3a,0x30,0x3b,
	0x01,0x00,0x01,0x04,0x01,0x00,0x00,0x00,0xbc,0x00,0x08,0x00,0x00,0x00,0x01,0x01,
	0x0a,0x00,0x00,0x00,0x90,0xf0,0x08,0x00,0x00,0x15,0x03,0x05,0x00,0x00,0x00,0x01,
	0x40,0x19,0x06,0x00,0xf0,0x68,0x08,0x00,0x04,0x00,0x01,0x04,0x00,0x00,0x00,0xf0,
	0xf0,0x68,0x08,0x00,0x00,0x00,0x01,0x04,0x00,0x00,0x00,0x30,0xf0,0x68,0x08,0x00,
	0x00,0x08,0x01,0x02,0x9c,0x3b,0xb8,0x3b,0x00,0x00,0x01,0x02,0xb8,0x3b,0xbc,0x3b,
	0x00,0x00,0x01,0x04,0x14,0x00,0x00,0x00,0xbc,0x00,0x08,0x00,0x00,0x08,0x01,0x02,
	0xb8,0x3b,0xbc,0x3b,0x00,0x00,0x01,0x02,0x4c,0x3b,0x9c,0x3b,0x00,0x00,0x00,0x00,
	0x00,0x00,0x00,0x01,0xe0,0x6d,0x08,0x00,0x78,0x40,0x04,0x00,0x00,0x00,0x00,0x01,
	0xdc,0x6d,0x08,0x00,0x7c,0x40,0x04,0x00,0x00,0x00,0x00,0x01,0xd8,0x6d,0x08,0x00,
	0x00,0xf0,0x06,0x00,0x00,0x00,0x00,0x01,0xd4,0x6d,0x08,0x00,0x04,0xf0,0x06,0x00,
	0x00,0x00,0x00,0x01,0xd0,0x6d,0x08,0x00,0x08,0xf0,0x06,0x00,0x00,0x00,0x00,0x01,
	0xcc,0x6d,0x08,0x00,0x0c,0xf0,0x06,0x00,0x00,0x00,0x00,0x01,0xc8,0x6d,0x08,0x00,
	0x10,0xf0,0x06,0x00,0x00,0x00,0x00,0x01,0xc4,0x6d,0x08,0x00,0x14,0xf0,0x06,0x00,
	0x00,0x00,0x00,0x01,0xc0,0x6d,0x08,0x00,0x40,0xf0,0x06,0x00,0x00,0x00,0x00,0x01,
	0xbc,0x6d,0x08,0x00,0x44,0xf0,0x06,0x00,0x00,0x00,0x00,0x01,0xb8,0x6d,0x08,0x00,
	0x7c,0xf0,0x06,0x00,0x00,0x00,0x00,0x01,0xb4,0x6d,0x08,0x00,0x90,0xfa,0x06,0x00,
	0x00,0x00,0x00,0x01,0xb0,0x6d,0x08,0x00,0x50,0xf0,0x07,0x00,0x00,0x00,0x00,0x01,
	0xac,0x6d,0x08,0x00,0x88,0xfa,0x06,0x00,0x00,0x00,0x01,0x04,0x01,0x00,0x00,0x00,
	0xa4,0x68,0x08,0x00,0x00,0x08,0x00,0x03,0xbc,0x3b,0x64,0x3c,0x00,0x00,0x00,0x01,
	0x7c,0x6f,0x08,0x00,0x40,0x09,0x06,0x00,0x00,0x00,0x00,0x01,0x78,0x6f,0x08,0x00,
	0x40,0x19,0x06,0x00,0x00,0x00,0x01,0x04,0x01,0x00,0x00,0x00,0xa0,0x68,0x08,0x00,
	0x00,0x08,0x01,0x02,0xb8,0x3b,0xbc,0x3b,0x00,0x00,0x01,0x01,0x00,0x00,0x00,0x00,
	0xbc,0x68,0x08,0x00,0x00,0x00,0x01,0x01,0x00,0x00,0x00,0x00,0xf0,0x68,0x08,0x00,
	0x00,0x00,0x00,0x01,0x54,0x6e,0x08,0x00,0xec,0x68,0x08,0x00,0x00,0x00,0x01,0x01,
	0x00,0x40,0x06,0x00,0xf8,0x68,0x08,0x00,0x00,0x00,0x00,0x01,0x54,0x6e,0x08,0x00,
	0x0c,0x69,0x08,0x00,0x04,0x00,0x01,0x04,0x00,0x00,0x00,0x80,0x0c,0x69,0x08,0x00,
	0x00,0x00,0x01,0x04,0x00,0x00,0x00,0x80,0x0c,0x69,0x08,0x00,0x00,0x08,0x01,0x03,
	0xf0,0x3d,0x28,0x3e,0x07,0x00,0x00,0x04,0xbc,0x68,0x08,0x00,0x00,0x00,0x00,0x01,
	0x50,0x6e,0x08,0x00,0xec,0x68,0x08,0x00,0x00,0x00,0x01,0x01,0x00,0x41,0x06,0x00,
	0xf8,0x68,0x08,0x00,0x00,0x00,0x00,0x01,0x50,0x6e,0x08,0x00,0x08,0x69,0x08,0x00,
	0x04,0x00,0x01,0x04,0x00,0x00,0x00,0x80,0x08,0x69,0x08,0x00,0x00,0x00,0x01,0x04,
	0x00,0x00,0x00,0x80,0x08,0x69,0x08,0x00,0x00,0x08,0x01,0x03,0xf0,0x3d,0x28,0x3e,
	0x07,0x00,0x00,0x04,0xbc,0x68,0x08,0x00,0x00,0x00,0x00,0x01,0x4c,0x6e,0x08,0x00,
	0xec,0x68,0x08,0x00,0x00,0x00,0x01,0x01,0x08,0x00,0x07,0x00,0xf8,0x68,0x08,0x00,
	0x00,0x00,0x00,0x01,0x4c,0x6e,0x08,0x00,0x00,0x69,0x08,0x00,0x04,0x00,0x01,0x04,
	0x00,0x00,0x00,0x80,0x00,0x69,0x08,0x00,0x00,0x00,0x01,0x04,0x00,0x00,0x00,0x80,
	0x00,0x69,0x08,0x00,0x00,0x08,0x01,0x03,0xf0,0x3d,0x28,0x3e,0x07,0x00,0x00,0x04,
	0xbc,0x68,0x08,0x00,0x00,0x00,0x00,0x01,0x48,0x6e,0x08,0x00,0xec,0x68,0x08,0x00,
	0x00,0x00,0x01,0x01,0x08,0x10,0x07,0x00,0xf8,0x68,0x08,0x00,0x00,0x00,0x00,0x01,
	0x48,0x6e,0x08,0x00,0xfc,0x68,0x08,0x00,0x04,0x00,0x01,0x04,0x00,0x00,0x00,0x80,
	0xfc,0x68,0x08,0x00,0x00,0x00,0x01,0x04,0x00,0x00,0x00,0x80,0xfc,0x68,0x08,0x00,
	0x00,0x08,0x01,0x03,0x28,0x3e,0x00,0x3f,0x00,0x00,0x01,0x01,0x01,0x00,0x00,0x00,
	0xa0,0x68,0x08,0x00,0x00,0x00,0x01,0x04,0x00,0x00,0x00,0x00,0xf0,0x68,0x08,0x00,
	0x00,0x08,0x01,0x03,0x00,0x3f,0xc0,0x3f,0x04,0x00,0x01,0x04,0xff,0xff,0xff,0x7f,
	0xec,0x68,0x08,0x00,0x00,0x00,0x04,0x01,0xec,0x68,0x08,0x00,0xf8,0x68,0x08,0x00,
	0x05,0x00,0x01,0x04,0x01,0x00,0x00,0x00,0xbc,0x68,0x08,0x00,0x00,0x00,0x00,0x01,
	0x90,0x6e,0x08,0x00,0x44,0x10,0x06,0x00,0x00,0x00,0x00,0x01,0x8c,0x6e,0x08,0x00,
	0x00,0x14,0x06,0x00,0x00,0x00,0x00,0x01,0x88,0x6e,0x08,0x00,0x04,0x14,0x06,0x00,
	0x00,0x00,0x00,0x01,0x84,0x6e,0x08,0x00,0x00,0x12,0x06,0x00,0x00,0x00,0x00,0x01,
	0x80,0x6e,0x08,0x00,0x20,0x10,0x07,0x00,0x00,0x00,0x00,0x01,0x7c,0x6e,0x08,0x00,
	0x24,0x14,0x06,0x00,0x00,0x00,0x00,0x01,0x78,0x6e,0x08,0x00,0x30,0x14,0x06,0x00,
	0x00,0x00,0x00,0x01,0x74,0x6e,0x08,0x00,0x34,0x14,0x06,0x00,0x00,0x00,0x00,0x01,
	0x70,0x6e,0x08,0x00,0x38,0x14,0x06,0x00,0x00,0x00,0x00,0x01,0x6c,0x6e,0x08,0x00,
	0x00,0x18,0x06,0x00,0x00,0x00,0x00,0x01,0x68,0x6e,0x08,0x00,0x60,0x18,0x06,0x00,
	0x00,0x00,0x00,0x01,0x64,0x6e,0x08,0x00,0x00,0x19,0x06,0x00,0x00,0x00,0x00,0x01,
	0x60,0x6e,0x08,0x00,0x44,0x18,0x06,0x00,0x00,0x00,0x00,0x01,0x5c,0x6e,0x08,0x00,
	0x40,0x15,0x06,0x00,0x00,0x00,0x00,0x01,0x58,0x6e,0x08,0x00,0xf0,0x15,0x06,0x00,
	0x04,0x00,0x01,0x04,0xff,0xff,0xff,0x7f,0xec,0x68,0x08,0x00,0x00,0x00,0x04,0x01,
	0xec,0x68,0x08,0x00,0xf8,0x68,0x08,0x00,0x05,0x00,0x01,0x04,0x01,0x00,0x00,0x00,
	0xbc,0x68,0x08,0x00,0x00,0x00,0x01,0x01,0x01,0x00,0x00,0x00,0xf0,0x68,0x08,0x00,
	0x00,0x00,0x00,0x01,0xcc,0x6e,0x08,0x00,0x44,0x00,0x06,0x00,0x00,0x00,0x00,0x01,
	0xc8,0x6e,0x08,0x00,0x00,0x04,0x06,0x00,0x00,0x00,0x00,0x01,0xc4,0x6e,0x08,0x00,
	0x04,0x04,0x06,0x00,0x00,0x00,0x00,0x01,0xc0,0x6e,0x08,0x00,0x00,0x02,0x06,0x00,
	0x00,0x00,0x00,0x01,0xbc,0x6e,0x08,0x00,0x20,0x00,0x07,0x00,0x00,0x00,0x00,0x01,
	0xb8,0x6e,0x08,0x00,0x24,0x04,0x06,0x00,0x00,0x00,0x00,0x01,0xb4,0x6e,0x08,0x00,
	0x30,0x04,0x06,0x00,0x00,0x00,0x00,0x01,0xb0,0x6e,0x08,0x00,0x34,0x04,0x06,0x00,
	0x00,0x00,0x00,0x01,0xac,0x6e,0x08,0x00,0x38,0x04,0x06,0x00,0x00,0x00,0x00,0x01,
	0xa8,0x6e,0x08,0x00,0x00,0x08,0x06,0x00,0x00,0x00,0x00,0x01,0xa4,0x6e,0x08,0x00,
	0x60,0x08,0x06,0x00,0x00,0x00,0x00,0x01,0xa0,0x6e,0x08,0x00,0x00,0x09,0x06,0x00,
	0x00,0x00,0x00,0x01,0x9c,0x6e,0x08,0x00,0x44,0x08,0x06,0x00,0x00,0x00,0x00,0x01,
	0x98,0x6e,0x08,0x00,0x40,0x05,0x06,0x00,0x00,0x00,0x00,0x01,0x94,0x6e,0x08,0x00,
	0xf0,0x05,0x06,0x00,0x00,0x00,0x01,0x01,0x06,0x00,0x00,0x00,0x90,0xf0,0x08,0x00,
	0x00,0x15,0x03,0x05,0x00,0x00,0x01,0x01,0x00,0x40,0x06,0x00,0xf8,0x68,0x08,0x00,
	0x00,0x00,0x00,0x01,0x54,0x6e,0x08,0x00,0xec,0x68,0x08,0x00,0x00,0x00,0x00,0x01,
	0xbc,0x68,0x08,0x00,0xf0,0x68,0x08,0x00,0x04,0x00,0x01,0x04,0x08,0x00,0x00,0x00,
	0xf0,0x68,0x08,0x00,0x00,0x00,0x01,0x04,0x08,0x00,0x00,0x00,0xf0,0x68,0x08,0x00,
	0x00,0x08,0x01,0x03,0xe0,0x40,0xec,0x40,0x00,0x00,0x01,0x01,0x00,0x41,0x06,0x00,
	0xf8,0x68,0x08,0x00,0x00,0x00,0x00,0x01,0x50,0x6e,0x08,0x00,0xec,0x68,0x08,0x00,
	0x00,0x00,0x00,0x01,0xbc,0x68,0x08,0x00,0xf0,0x68,0x08,0x00,0x04,0x00,0x01,0x04,
	0x04,0x00,0x00,0x00,0xf0,0x68,0x08,0x00,0x00,0x00,0x01,0x04,0x04,0x00,0x00,0x00,
	0xf0,0x68,0x08,0x00,0x00,0x08,0x01,0x03,0xe0,0x40,0xec,0x40,0x00,0x00,0x01,0x01,
	0x08,0x00,0x07,0x00,0xf8,0x68,0x08,0x00,0x00,0x00,0x00,0x01,0x4c,0x6e,0x08,0x00,
	0xec,0x68,0x08,0x00,0x00,0x00,0x00,0x01,0xbc,0x68,0x08,0x00,0xf0,0x68,0x08,0x00,
	0x04,0x00,0x01,0x04,0x02,0x00,0x00,0x00,0xf0,0x68,0x08,0x00,0x00,0x00,0x01,0x04,
	0x02,0x00,0x00,0x00,0xf0,0x68,0x08,0x00,0x00,0x08,0x01,0x03,0xe0,0x40,0xec,0x40,
	0x00,0x00,0x01,0x01,0x08,0x10,0x07,0x00,0xf8,0x68,0x08,0x00,0x00,0x00,0x00,0x01,
	0x48,0x6e,0x08,0x00,0xec,0x68,0x08,0x00,0x00,0x00,0x00,0x01,0xbc,0x68,0x08,0x00,
	0xf0,0x68,0x08,0x00,0x04,0x00,0x01,0x04,0x01,0x00,0x00,0x00,0xf0,0x68,0x08,0x00,
	0x00,0x00,0x01,0x04,0x01,0x00,0x00,0x00,0xf0,0x68,0x08,0x00,0x00,0x08,0x01,0x03,
	0xe0,0x40,0xec,0x40,0x00,0x00,0x04,0x01,0xec,0x68,0x08,0x00,0xf8,0x68,0x08,0x00,
	0x00,0x00,0x00,0x01,0x6c,0x6f,0x08,0x00,0x74,0xf0,0x05,0x00,0x03,0x00,0x00,0x01,
	0x5c,0x6f,0x08,0x00,0x04,0xf0,0x05,0x00,0x03,0x00,0x00,0x01,0x4c,0x6f,0x08,0x00,
	0x34,0xf0,0x05,0x00,0x00,0x00,0x00,0x01,0x48,0x6f,0x08,0x00,0x40,0xf1,0x05,0x00,
	0x01,0x00,0x00,0x01,0x40,0x6f,0x08,0x00,0x38,0xf1,0x05,0x00,0x01,0x00,0x00,0x01,
	0x38,0x6f,0x08,0x00,0x20,0xf1,0x05,0x00,0x00,0x00,0x00,0x01,0x34,0x6f,0x08,0x00,
	0x1c,0xf1,0x05,0x00,0x00,0x00,0x00,0x01,0x30,0x6f,0x08,0x00,0x80,0xf0,0x05,0x00,
	0x00,0x00,0x00,0x01,0x2c,0x6f,0x08,0x00,0x10,0xf1,0x05,0x00,0x02,0x00,0x00,0x01,
	0x20,0x6f,0x08,0x00,0x00,0xf3,0x05,0x00,0x00,0x00,0x00,0x01,0x1c,0x6f,0x08,0x00,
	0x74,0xf4,0x05,0x00,0x03,0x00,0x00,0x01,0x0c,0x6f,0x08,0x00,0x04,0xf4,0x05,0x00,
	0x03,0x00,0x00,0x01,0xfc,0x6e,0x08,0x00,0x34,0xf4,0x05,0x00,0x00,0x00,0x00,0x01,
	0xf8,0x6e,0x08,0x00,0x40,0xf5,0x05,0x00,0x01,0x00,0x00,0x01,0xf0,0x6e,0x08,0x00,
	0x38,0xf5,0x05,0x00,0x01,0x00,0x00,0x01,0xe8,0x6e,0x08,0x00,0x20,0xf5,0x05,0x00,
	0x00,0x00,0x00,0x01,0xe4,0x6e,0x08,0x00,0x1c,0xf5,0x05,0x00,0x00,0x00,0x00,0x01,
	0xe0,0x6e,0x08,0x00,0x80,0xf4,0x05,0x00,0x00,0x00,0x00,0x01,0xdc,0x6e,0x08,0x00,
	0x10,0xf5,0x05,0x00,0x02,0x00,0x00,0x01,0xd0,0x6e,0x08,0x00,0x00,0xf7,0x05,0x00,
	0x05,0x00,0x01,0x04,0x10,0x00,0x00,0x00,0x20,0x6e,0x08,0x00,0x00,0x00,0x01,0x04,
	0x01,0x00,0x00,0x00,0xe0,0x00,0x08,0x00,0x00,0x08,0x01,0x03,0xfc,0x41,0xc4,0x46,
	0x05,0x00,0x01,0x04,0x02,0x00,0x00,0x00,0x00,0xf2,0x08,0x00,0x01,0x00,0x00,0x01,
	0xa4,0x6d,0x08,0x00,0x00,0x10,0x04,0x00,0x00,0x00,0x00,0x01,0xa0,0x6d,0x08,0x00,
	0x60,0x20,0x04,0x00,0x04,0x00,0x00,0x01,0x8c,0x6d,0x08,0x00,0x80,0x20,0x04,0x00,
	0x04,0x00,0x00,0x01,0x78,0x6d,0x08,0x00,0xb8,0x20,0x04,0x00,0x02,0x00,0x00,0x01,
	0x64,0x6d,0x08,0x00,0xd8,0x20,0x04,0x00,0x00,0x00,0x00,0x01,0x60,0x6d,0x08,0x00,
	0x00,0x23,0x04,0x00,0x00,0x00,0x00,0x01,0x5c,0x6d,0x08,0x00,0x0c,0x23,0x04,0x00,
	0x03,0x00,0x00,0x01,0x44,0x6d,0x08,0x00,0x40,0x40,0x04,0x00,0x00,0x00,0x00,0x01,
	0x40,0x6d,0x08,0x00,0x58,0x40,0x04,0x00,0x01,0x00,0x00,0x01,0x38,0x6d,0x08,0x00,
	0x70,0x40,0x04,0x00,0x03,0x00,0x00,0x01,0x28,0x6d,0x08,0x00,0x10,0x42,0x04,0x00,
	0x07,0x00,0x00,0x01,0x08,0x6d,0x08,0x00,0x08,0x43,0x04,0x00,0x02,0x00,0x00,0x01,
	0xfc,0x6c,0x08,0x00,0x8c,0x43,0x04,0x00,0x00,0x00,0x00,0x01,0xf8,0x6c,0x08,0x00,
	0x64,0x44,0x04,0x00,0x00,0x00,0x00,0x01,0xf4,0x6c,0x08,0x00,0x6c,0x44,0x04,0x00,
	0x00,0x00,0x00,0x01,0xe8,0x6c,0x08,0x00,0x84,0x44,0x04,0x00,0x00,0x00,0x00,0x01,
	0xe4,0x6c,0x08,0x00,0x8c,0x44,0x04,0x00,0x00,0x00,0x00,0x01,0xe0,0x6c,0x08,0x00,
	0x00,0x45,0x04,0x00,0x00,0x00,0x00,0x01,0xdc,0x6c,0x08,0x00,0xe4,0x4f,0x04,0x00,
	0x02,0x00,0x00,0x01,0xd0,0x6c,0x08,0x00,0xec,0x4f,0x04,0x00,0x02,0x00,0x00,0x01,
	0xc4,0x6c,0x08,0x00,0xfc,0x4f,0x04,0x00,0x02,0x00,0x00,0x01,0xb8,0x6c,0x08,0x00,
	0x0c,0x50,0x04,0x00,0x02,0x00,0x00,0x01,0xac,0x6c,0x08,0x00,0x1c,0x50,0x04,0x00,
	0x00,0x00,0x00,0x01,0xa8,0x6c,0x08,0x00,0x30,0x50,0x04,0x00,0x04,0x00,0x00,0x01,
	0x94,0x6c,0x08,0x00,0x38,0x50,0x04,0x00,0x00,0x00,0x00,0x01,0x90,0x6c,0x08,0x00,
	0x5c,0x50,0x04,0x00,0x0a,0x00,0x00,0x01,0x64,0x6c,0x08,0x00,0x1c,0x52,0x04,0x00,
	0x00,0x00,0x00,0x01,0x60,0x6c,0x08,0x00,0x60,0x52,0x04,0x00,0x00,0x00,0x00,0x01,
	0x5c,0x6c,0x08,0x00,0x80,0x52,0x04,0x00,0x01,0x00,0x00,0x01,0x54,0x6c,0x08,0x00,
	0xa0,0x52,0x04,0x00,0x00,0x00,0x00,0x01,0x50,0x6c,0x08,0x00,0xb0,0x52,0x04,0x00,
	0x00,0x00,0x00,0x01,0x4c,0x6c,0x08,0x00,0xc0,0x52,0x04,0x00,0x00,0x00,0x00,0x01,
	0x48,0x6c,0x08,0x00,0x10,0x53,0x04,0x00,0x01,0x00,0x00,0x01,0x40,0x6c,0x08,0x00,
	0x18,0x54,0x04,0x00,0x00,0x00,0x00,0x01,0x3c,0x6c,0x08,0x00,0x30,0x54,0x04,0x00,
	0x00,0x00,0x00,0x01,0x38,0x6c,0x08,0x00,0x60,0x54,0x04,0x00,0x01,0x00,0x00,0x01,
	0x30,0x6c,0x08,0x00,0x70,0x54,0x04,0x00,0x00,0x00,0x00,0x01,0x2c,0x6c,0x08,0x00,
	0x10,0x55,0x04,0x00,0x00,0x00,0x00,0x01,0x28,0x6c,0x08,0x00,0x20,0x55,0x04,0x00,
	0x01,0x00,0x00,0x01,0x20,0x6c,0x08,0x00,0x50,0x55,0x04,0x00,0x00,0x00,0x00,0x01,
	0x1c,0x6c,0x08,0x00,0x5c,0x55,0x04,0x00,0x01,0x00,0x00,0x01,0x14,0x6c,0x08,0x00,
	0x88,0x55,0x04,0x00,0x01,0x00,0x00,0x01,0x0c,0x6c,0x08,0x00,0x94,0x55,0x04,0x00,
	0x01,0x00,0x00,0x01,0x04,0x6c,0x08,0x00,0xa0,0x56,0x04,0x00,0x00,0x00,0x00,0x01,
	0x00,0x6c,0x08,0x00,0x10,0x58,0x04,0x00,0x00,0x00,0x00,0x01,0xfc,0x6b,0x08,0x00,
	0x1c,0x58,0x04,0x00,0x00,0x00,0x00,0x01,0xf8,0x6b,0x08,0x00,0x08,0x60,0x04,0x00,
	0x00,0x00,0x00,0x01,0xf4,0x6b,0x08,0x00,0x20,0x60,0x04,0x00,0x07,0x00,0x00,0x01,
	0xd4,0x6b,0x08,0x00,0x34,0x60,0x04,0x00,0x05,0x00,0x00,0x01,0xbc,0x6b,0x08,0x00,
	0x0c,0x61,0x04,0x00,0x03,0x00,0x00,0x01,0xac,0x6b,0x08,0x00,0x40,0x61,0x04,0x00,
	0x00,0x00,0x00,0x01,0xa8,0x6b,0x08,0x00,0x08,0x64,0x04,0x00,0x02,0x00,0x00,0x01,
	0x9c,0x6b,0x08,0x00,0x30,0x64,0x04,0x00,0x00,0x00,0x00,0x01,0x98,0x6b,0x08,0x00,
	0x40,0x64,0x04,0x00,0x03,0x00,0x00,0x01,0x74,0x6b,0x08,0x00,0x28,0x65,0x04,0x00,
	0x03,0x00,0x00,0x01,0x88,0x6b,0x08,0x00,0x3c,0x65,0x04,0x00,0x03,0x00,0x00,0x01,
	0x5c,0x6b,0x08,0x00,0x54,0x65,0x04,0x00,0x01,0x00,0x00,0x01,0x54,0x6b,0x08,0x00,
	0x50,0x82,0x04,0x00,0x03,0x00,0x00,0x01,0x44,0x6b,0x08,0x00,0x00,0x84,0x04,0x00,
	0x00,0x00,0x00,0x01,0x40,0x6b,0x08,0x00,0x14,0x84,0x04,0x00,0x00,0x00,0x00,0x01,
	0x3c,0x6b,0x08,0x00,0x10,0xe0,0x04,0x00,0x04,0x00,0x00,0x01,0x28,0x6b,0x08,0x00,
	0x00,0x10,0x05,0x00,0x01,0x00,0x00,0x01,0x20,0x6b,0x08,0x00,0x80,0x10,0x05,0x00,
	0x02,0x00,0x00,0x01,0x14,0x6b,0x08,0x00,0x00,0x4c,0x06,0x00,0x04,0x00,0x00,0x01,
	0x00,0x6b,0x08,0x00,0x00,0x50,0x06,0x00,0x00,0x00,0x00,0x01,0xfc,0x6a,0x08,0x00,
	0x28,0x50,0x06,0x00,0x00,0x00,0x00,0x01,0xf8,0x6a,0x08,0x00,0x50,0x50,0x06,0x00,
	0x00,0x00,0x00,0x01,0xf4,0x6a,0x08,0x00,0x88,0x50,0x06,0x00,0x03,0x00,0x00,0x01,
	0xe4,0x6a,0x08,0x00,0xb4,0x50,0x06,0x00,0x00,0x00,0x00,0x01,0xe0,0x6a,0x08,0x00,
	0xd4,0x50,0x06,0x00,0x00,0x00,0x00,0x01,0xdc,0x6a,0x08,0x00,0xe0,0x50,0x06,0x00,
	0x04,0x00,0x00,0x01,0xc8,0x6a,0x08,0x00,0x00,0x51,0x06,0x00,0x00,0x00,0x00,0x01,
	0xc4,0x6a,0x08,0x00,0x28,0x51,0x06,0x00,0x00,0x00,0x00,0x01,0xc0,0x6a,0x08,0x00,
	0x50,0x51,0x06,0x00,0x02,0x00,0x00,0x01,0xb4,0x6a,0x08,0x00,0xb4,0x51,0x06,0x00,
	0x00,0x00,0x00,0x01,0xb0,0x6a,0x08,0x00,0xe0,0x51,0x06,0x00,0x04,0x00,0x00,0x01,
	0x9c,0x6a,0x08,0x00,0x00,0x52,0x06,0x00,0x00,0x00,0x00,0x01,0x98,0x6a,0x08,0x00,
	0x28,0x52,0x06,0x00,0x00,0x00,0x00,0x01,0x94,0x6a,0x08,0x00,0x50,0x52,0x06,0x00,
	0x02,0x00,0x00,0x01,0x88,0x6a,0x08,0x00,0xb4,0x52,0x06,0x00,0x00,0x00,0x00,0x01,
	0x84,0x6a,0x08,0x00,0xe0,0x52,0x06,0x00,0x04,0x00,0x00,0x01,0x70,0x6a,0x08,0x00,
	0x00,0x53,0x06,0x00,0x00,0x00,0x00,0x01,0x6c,0x6a,0x08,0x00,0x28,0x53,0x06,0x00,
	0x00,0x00,0x00,0x01,0x68,0x6a,0x08,0x00,0x50,0x53,0x06,0x00,0x02,0x00,0x00,0x01,
	0x5c,0x6a,0x08,0x00,0xb4,0x53,0x06,0x00,0x00,0x00,0x00,0x01,0x58,0x6a,0x08,0x00,
	0xe0,0x53,0x06,0x00,0x00,0x00,0x00,0x01,0x54,0x6a,0x08,0x00,0x00,0x59,0x06,0x00,
	0x05,0x00,0x00,0x01,0x3c,0x6a,0x08,0x00,0x00,0x5e,0x06,0x00,0x02,0x00,0x00,0x01,
	0x30,0x6a,0x08,0x00,0x20,0x5e,0x06,0x00,0x01,0x00,0x00,0x01,0x28,0x6a,0x08,0x00,
	0xa0,0x5e,0x06,0x00,0x01,0x00,0x00,0x01,0x20,0x6a,0x08,0x00,0xf0,0x5e,0x06,0x00,
	0x00,0x00,0x00,0x01,0x1c,0x6a,0x08,0x00,0x00,0x5f,0x06,0x00,0x01,0x00,0x00,0x01,
	0x10,0x6a,0x08,0x00,0x08,0x5f,0x06,0x00,0x00,0x00,0x00,0x01,0x18,0x6a,0x08,0x00,
	0x10,0x5f,0x06,0x00,0x00,0x00,0x00,0x01,0x0c,0x6a,0x08,0x00,0x1c,0x5f,0x06,0x00,
	0x00,0x00,0x00,0x01,0x08,0x6a,0x08,0x00,0x00,0x14,0x10,0x00,0x00,0x00,0x00,0x01,
	0x04,0x6a,0x08,0x00,0x08,0x14,0x10,0x00,0x06,0x00,0x00,0x01,0xe8,0x69,0x08,0x00,
	0x18,0x14,0x10,0x00,0x07,0x00,0x00,0x01,0xc8,0x69,0x08,0x00,0xa0,0x14,0x10,0x00,
	0x07,0x00,0x00,0x01,0xa8,0x69,0x08,0x00,0x04,0x15,0x10,0x00,0x04,0x00,0x01,0x04,
	0xfd,0xff,0xff,0xff,0x00,0xf2,0x08,0x00,0x00,0x00,0x00,0x00,0x04,0x00,0x01,0x04,
	0xf5,0xd7,0xff,0xff,0x00,0x54,0x04,0x00,0x04,0x00,0x01,0x04,0xf5,0xd7,0xff,0xff,
	0x04,0x54,0x04,0x00,0x04,0x00,0x01,0x04,0xf5,0xd7,0xff,0xff,0x0c,0x54,0x04,0x00,
	0x00,0x00,0x01,0x01,0x10,0x00,0x00,0x00,0x8c,0xf0,0x08,0x00,0x00,0x14,0x03,0x05,
	0x00,0x00,0x01,0x01,0x01,0x00,0x00,0x00,0x04,0x01,0x08,0x00,0x00,0x00,0x01,0x03,
	0x18,0x1d,0xd8,0x1d,0x00,0x00,0x01,0x01,0x05,0x00,0x00,0x00,0x00,0x55,0x04,0x00,
	0x00,0x00,0x00,0x01,0x04,0x55,0x04,0x00,0xb4,0x68,0x08,0x00,0x04,0x00,0x01,0x04,
	0x00,0x04,0x00,0x00,0xb4,0x68,0x08,0x00,0x00,0x00,0x01,0x04,0x00,0x04,0x00,0x00,
	0xb4,0x68,0x08,0x00,0x00,0x08,0x01,0x02,0xd8,0x1d,0x1c,0x1f,0x00,0x00,0x01,0x01,
	0xd8,0x1d,0x1c,0x1f,0xe4,0xf0,0x08,0x00,0x00,0x00,0x01,0x01,0x01,0x00,0x00,0x00,
	0xe0,0x00,0x08,0x00,0x05,0x00,0x01,0x04,0x00,0x00,0x00,0x80,0x60,0xf0,0x05,0x00,
	0x05,0x00,0x01,0x04,0x00,0x00,0x00,0x80,0x60,0xf4,0x05,0x00,0x05,0x00,0x01,0x04,
	0x00,0x00,0x00,0x80,0x60,0xf8,0x05,0x00,0x05,0x00,0x01,0x04,0x00,0x00,0x00,0x80,
	0x60,0xfc,0x05,0x00,0x00,0x00,0x00,0x01,0x44,0x44,0x04,0x00,0x78,0x69,0x08,0x00,
	0x00,0x00,0x00,0x01,0x4c,0x44,0x04,0x00,0x74,0x69,0x08,0x00,0x00,0x00,0x00,0x01,
	0x00,0x42,0x04,0x00,0x70,0x69,0x08,0x00,0x00,0x00,0x01,0x01,0x9c,0x22,0x70,0x23,
	0x10,0x55,0x04,0x00,0x00,0x00,0x01,0x01,0x68,0x1c,0x18,0x1d,0xe4,0xf0,0x08,0x00,
	0x00,0x00,0x00,0x01,0x04,0x55,0x04,0x00,0xb4,0x68,0x08,0x00,0x04,0x00,0x01,0x04,
	0x03,0x00,0x00,0x00,0xb4,0x68,0x08,0x00,0x00,0x00,0x01,0x04,0x03,0x00,0x00,0x00,
	0xb4,0x68,0x08,0x00,0x00,0x08,0x01,0x02,0xc0,0x49,0x88,0x4b,0x01,0x00,0x01,0x04,
	0x01,0x00,0x00,0x00,0xac,0x00,0x08,0x00,0x01,0x00,0x01,0x04,0x01,0x00,0x00,0x00,
	0x58,0xf0,0x08,0x00,0x00,0x00,0x00,0x01,0x58,0xf0,0x08,0x00,0x6c,0x69,0x08,0x00,
	0x00,0x00,0x00,0x01,0x70,0xf0,0x08,0x00,0x68,0x69,0x08,0x00,0x00,0x00,0x00,0x01,
	0x30,0xf1,0x05,0x00,0x64,0x69,0x08,0x00,0x00,0x00,0x00,0x01,0x28,0xf1,0x05,0x00,
	0x60,0x69,0x08,0x00,0x00,0x00,0x00,0x01,0x2c,0xf1,0x05,0x00,0x5c,0x69,0x08,0x00,
	0x00,0x00,0x00,0x01,0x30,0xf5,0x05,0x00,0x58,0x69,0x08,0x00,0x00,0x00,0x00,0x01,
	0x28,0xf5,0x05,0x00,0x54,0x69,0x08,0x00,0x00,0x00,0x00,0x01,0x2c,0xf5,0x05,0x00,
	0x50,0x69,0x08,0x00,0x00,0x00,0x00,0x01,0x78,0xf0,0x05,0x00,0x4c,0x69,0x08,0x00,
	0x00,0x00,0x00,0x01,0x78,0xf4,0x05,0x00,0x48,0x69,0x08,0x00,0x00,0x00,0x00,0x01,
	0x44,0x44,0x04,0x00,0x78,0x69,0x08,0x00,0x00,0x00,0x00,0x01,0x4c,0x44,0x04,0x00,
	0x74,0x69,0x08,0x00,0x00,0x00,0x00,0x01,0x00,0x42,0x04,0x00,0x70,0x69,0x08,0x00,
	0x00,0x00,0x00,0x01,0x60,0xf0,0x05,0x00,0x28,0x68,0x08,0x00,0x04,0x00,0x01,0x04,
	0x00,0x00,0x00,0x80,0x28,0x68,0x08,0x00,0x05,0x00,0x01,0x04,0x06,0x00,0x00,0x00,
	0x28,0x68,0x08,0x00,0x00,0x00,0x00,0x01,0x28,0x68,0x08,0x00,0x60,0xf0,0x05,0x00,
	0x00,0x00,0x00,0x01,0x60,0xf4,0x05,0x00,0x28,0x68,0x08,0x00,0x04,0x00,0x01,0x04,
	0x00,0x00,0x00,0x80,0x28,0x68,0x08,0x00,0x05,0x00,0x01,0x04,0x06,0x00,0x00,0x00,
	0x28,0x68,0x08,0x00,0x00,0x00,0x00,0x01,0x28,0x68,0x08,0x00,0x60,0xf4,0x05,0x00,
	0x00,0x00,0x00,0x01,0x60,0xf8,0x05,0x00,0x28,0x68,0x08,0x00,0x04,0x00,0x01,0x04,
	0x00,0x00,0x00,0x80,0x28,0x68,0x08,0x00,0x05,0x00,0x01,0x04,0x06,0x00,0x00,0x00,
	0x28,0x68,0x08,0x00,0x00,0x00,0x00,0x01,0x28,0x68,0x08,0x00,0x60,0xf8,0x05,0x00,
	0x00,0x00,0x00,0x01,0x60,0xfc,0x05,0x00,0x28,0x68,0x08,0x00,0x04,0x00,0x01,0x04,
	0x00,0x00,0x00,0x80,0x28,0x68,0x08,0x00,0x05,0x00,0x01,0x04,0x06,0x00,0x00,0x00,
	0x28,0x68,0x08,0x00,0x00,0x00,0x00,0x01,0x28,0x68,0x08,0x00,0x60,0xfc,0x05,0x00,
	0x00,0x00,0x00,0x01,0x60,0xf0,0x05,0x00,0x44,0x69,0x08,0x00,0x00,0x00,0x00,0x01,
	0x60,0xf4,0x05,0x00,0x40,0x69,0x08,0x00,0x00,0x00,0x00,0x01,0x60,0xf8,0x05,0x00,
	0x3c,0x69,0x08,0x00,0x00,0x00,0x00,0x01,0x60,0xfc,0x05,0x00,0x38,0x69,0x08,0x00,
	0x05,0x00,0x01,0x04,0x10,0x00,0x00,0x00,0x04,0x55,0x04,0x00,0x00,0x00,0x01,0x01,
	0x06,0x00,0x00,0x00,0x00,0x55,0x04,0x00,0x04,0x00,0x01,0x04,0xef,0xff,0xff,0xff,
	0x04,0x55,0x04,0x00,0x01,0x00,0x01,0x04,0x01,0x00,0x00,0x00,0xa8,0x00,0x08,0x00,
	0x01,0x00,0x01,0x04,0x01,0x00,0x00,0x00,0x70,0xf0,0x08,0x00,0x00,0x00,0x00,0x01,
	0x58,0xf0,0x08,0x00,0x6c,0x69,0x08,0x00,0x00,0x00,0x00,0x01,0x70,0xf0,0x08,0x00,
	0x68,0x69,0x08,0x00,0x00,0x00,0x00,0x01,0x30,0xf1,0x05,0x00,0x64,0x69,0x08,0x00,
	0x00,0x00,0x00,0x01,0x28,0xf1,0x05,0x00,0x60,0x69,0x08,0x00,0x00,0x00,0x00,0x01,
	0x2c,0xf1,0x05,0x00,0x5c,0x69,0x08,0x00,0x00,0x00,0x00,0x01,0x30,0xf5,0x05,0x00,
	0x58,0x69,0x08,0x00,0x00,0x00,0x00,0x01,0x28,0xf5,0x05,0x00,0x54,0x69,0x08,0x00,
	0x00,0x00,0x00,0x01,0x2c,0xf5,0x05,0x00,0x50,0x69,0x08,0x00,0x00,0x00,0x00,0x01,
	0x78,0xf0,0x05,0x00,0x4c,0x69,0x08,0x00,0x00,0x00,0x00,0x01,0x78,0xf4,0x05,0x00,
	0x48,0x69,0x08,0x00,0x00,0x00,0x00,0x01,0x44,0x44,0x04,0x00,0x78,0x69,0x08,0x00,
	0x00,0x00,0x00,0x01,0x4c,0x44,0x04,0x00,0x74,0x69,0x08,0x00,0x00,0x00,0x00,0x01,
	0x00,0x42,0x04,0x00,0x70,0x69,0x08,0x00,0x00,0x00,0x00,0x01,0x60,0xf0,0x05,0x00,
	0x28,0x68,0x08,0x00,0x04,0x00,0x01,0x04,0x00,0x00,0x00,0x80,0x28,0x68,0x08,0x00,
	0x05,0x00,0x01,0x04,0x08,0x00,0x00,0x00,0x28,0x68,0x08,0x00,0x00,0x00,0x00,0x01,
	0x28,0x68,0x08,0x00,0x60,0xf0,0x05,0x00,0x00,0x00,0x00,0x01,0x60,0xf4,0x05,0x00,
	0x28,0x68,0x08,0x00,0x04,0x00,0x01,0x04,0x00,0x00,0x00,0x80,0x28,0x68,0x08,0x00,
	0x05,0x00,0x01,0x04,0x08,0x00,0x00,0x00,0x28,0x68,0x08,0x00,0x00,0x00,0x00,0x01,
	0x28,0x68,0x08,0x00,0x60,0xf4,0x05,0x00,0x00,0x00,0x00,0x01,0x60,0xf8,0x05,0x00,
	0x28,0x68,0x08,0x00,0x04,0x00,0x01,0x04,0x00,0x00,0x00,0x80,0x28,0x68,0x08,0x00,
	0x05,0x00,0x01,0x04,0x08,0x00,0x00,0x00,0x28,0x68,0x08,0x00,0x00,0x00,0x00,0x01,
	0x28,0x68,0x08,0x00,0x60,0xf8,0x05,0x00,0x00,0x00,0x00,0x01,0x60,0xfc,0x05,0x00,
	0x28,0x68,0x08,0x00,0x04,0x00,0x01,0x04,0x00,0x00,0x00,0x80,0x28,0x68,0x08,0x00,
	0x05,0x00,0x01,0x04,0x08,0x00,0x00,0x00,0x28,0x68,0x08,0x00,0x00,0x00,0x00,0x01,
	0x28,0x68,0x08,0x00,0x60,0xfc,0x05,0x00,0x00,0x00,0x00,0x01,0x60,0xf0,0x05,0x00,
	0x44,0x69,0x08,0x00,0x00,0x00,0x00,0x01,0x60,0xf4,0x05,0x00,0x40,0x69,0x08,0x00,
	0x00,0x00,0x00,0x01,0x60,0xf8,0x05,0x00,0x3c,0x69,0x08,0x00,0x00,0x00,0x00,0x01,
	0x60,0xfc,0x05,0x00,0x38,0x69,0x08,0x00,0x05,0x00,0x01,0x04,0x10,0x00,0x00,0x00,
	0x04,0x55,0x04,0x00,0x00,0x00,0x01,0x01,0x08,0x00,0x00,0x00,0x00,0x55,0x04,0x00,
	0x04,0x00,0x01,0x04,0xef,0xff,0xff,0xff,0x04,0x55,0x04,0x00,0x05,0x00,0x01,0x04,
	0x01,0x00,0x00,0x00,0x00,0xf2,0x08,0x00,0x00,0x00,0x00,0x01,0x8c,0x69,0x08,0x00,
	0x80,0xf0,0x08,0x00,0x00,0x00,0x00,0x01,0xa4,0x69,0x08,0x00,0x04,0xf0,0x08,0x00,
	0x00,0x00,0x00,0x01,0x9c,0x69,0x08,0x00,0x08,0xf0,0x08,0x00,0x00,0x00,0x00,0x01,
	0x94,0x69,0x08,0x00,0x0c,0xf0,0x08,0x00,0x00,0x00,0x00,0x01,0xa0,0x69,0x08,0x00,
	0x34,0xf0,0x08,0x00,0x00,0x00,0x00,0x01,0x98,0x69,0x08,0x00,0x38,0xf0,0x08,0x00,
	0x00,0x00,0x00,0x01,0x90,0x69,0x08,0x00,0x3c,0xf0,0x08,0x00,0x00,0x00,0x00,0x01,
	0x88,0x69,0x08,0x00,0x54,0xf0,0x08,0x00,0x00,0x00,0x00,0x01,0x6c,0x69,0x08,0x00,
	0x58,0xf0,0x08,0x00,0x00,0x00,0x00,0x01,0x84,0x69,0x08,0x00,0x5c,0xf0,0x08,0x00,
	0x00,0x00,0x00,0x01,0x80,0x69,0x08,0x00,0x68,0xf0,0x08,0x00,0x00,0x00,0x00,0x01,
	0x68,0x69,0x08,0x00,0x70,0xf0,0x08,0x00,0x00,0x00,0x00,0x01,0x7c,0x69,0x08,0x00,
	0x64,0xf0,0x08,0x00,0x00,0x00,0x00,0x01,0x64,0x69,0x08,0x00,0x30,0xf1,0x05,0x00,
	0x00,0x00,0x00,0x01,0x60,0x69,0x08,0x00,0x28,0xf1,0x05,0x00,0x00,0x00,0x00,0x01,
	0x5c,0x69,0x08,0x00,0x2c,0xf1,0x05,0x00,0x00,0x00,0x00,0x01,0x58,0x69,0x08,0x00,
	0x30,0xf5,0x05,0x00,0x00,0x00,0x00,0x01,0x54,0x69,0x08,0x00,0x28,0xf5,0x05,0x00,
	0x00,0x00,0x00,0x01,0x50,0x69,0x08,0x00,0x2c,0xf5,0x05,0x00,0x00,0x00,0x00,0x01,
	0x4c,0x69,0x08,0x00,0x78,0xf0,0x05,0x00,0x00,0x00,0x00,0x01,0x48,0x69,0x08,0x00,
	0x78,0xf4,0x05,0x00,0x00,0x00,0x00,0x01,0x70,0x69,0x08,0x00,0x00,0x42,0x04,0x00,
	0x00,0x00,0x00,0x01,0x58,0x6d,0x08,0x00,0x30,0x40,0x04,0x00,0x00,0x00,0x00,0x01,
	0x54,0x6d,0x08,0x00,0x38,0x40,0x04,0x00,0x00,0x00,0x00,0x01,0xf0,0x6c,0x08,0x00,
	0x74,0x44,0x04,0x00,0x00,0x00,0x00,0x01,0xec,0x6c,0x08,0x00,0x7c,0x44,0x04,0x00,
	0x00,0x00,0x00,0x01,0x78,0x69,0x08,0x00,0x44,0x44,0x04,0x00,0x00,0x00,0x00,0x01,
	0x74,0x69,0x08,0x00,0x4c,0x44,0x04,0x00,0x04,0x00,0x01,0x04,0xfe,0xff,0xff,0xff,
	0x84,0x20,0x04,0x00,0x04,0x00,0x01,0x04,0xfe,0xff,0xff,0xff,0x80,0xf0,0x08,0x00,
	0x04,0x00,0x01,0x04,0xff,0xff,0xff,0x7f,0xe0,0xf0,0x08,0x00,0x04,0x00,0x01,0x04,
	0xff,0xff,0xff,0x7f,0x60,0xf0,0x05,0x00,0x04,0x00,0x01,0x04,0xff,0xff,0xff,0x7f,
	0x60,0xf4,0x05,0x00,0x04,0x00,0x01,0x04,0xff,0xff,0xff,0x7f,0x60,0xf8,0x05,0x00,
	0x04,0x00,0x01,0x04,0xff,0xff,0xff,0x7f,0x60,0xfc,0x05,0x00,0x05,0x00,0x01,0x04,
	0x01,0x00,0x00,0x00,0x64,0xf0,0x08,0x00,0x00,0x00,0x01,0x02,0x2c,0x30,0x3c,0x30,
	0x01,0x00,0x00,0x06,0x00,0x00,0x01,0x03,0xa8,0x4e,0x38,0x4f,0x02,0x00,0x00,0x06,
	0x00,0x00,0x01,0x03,0xa8,0x4e,0x38,0x4f,0x03,0x00,0x00,0x06,0x05,0x00,0x01,0x04,
	0x02,0x00,0x00,0x00,0x88,0x20,0x04,0x00,0x00,0x00,0x01,0x02,0xc8,0x46,0x54,0x47,
	0x04,0x00,0x00,0x06,0x05,0x00,0x01,0x04,0x10,0x00,0x00,0x00,0x88,0x20,0x04,0x00,
	0x05,0x00,0x00,0x06,0x00,0x00,0x01,0x03,0xa8,0x4e,0x38,0x4f,0x06,0x00,0x00,0x06,
	0x00,0x00,0x01,0x03,0xa8,0x4e,0x38,0x4f,0x07,0x00,0x00,0x06,0x04,0x00,0x01,0x04,
	0xfe,0xff,0xff,0xff,0x84,0x20,0x04,0x00,0x04,0x00,0x01,0x04,0xfe,0xff,0xff,0xff,
	0x80,0xf0,0x08,0x00,0x04,0x00,0x01,0x04,0xff,0xff,0xff,0x7f,0xe0,0xf0,0x08,0x00,
	0x05,0x00,0x01,0x04,0x01,0x00,0x00,0x00,0x64,0xf0,0x08,0x00,0x04,0x00,0x01,0x04,
	0xfe,0xff,0xff,0xff,0x90,0x20,0x04,0x00,0x08,0x00,0x00,0x06,0x05,0x00,0x01,0x04,
	0x01,0x00,0x00,0x00,0x88,0x20,0x04,0x00,0x00,0x00,0x01,0x02,0x80,0x26,0x10,0x27,
	0x09,0x00,0x00,0x06,0x00,0x00,0x01,0x03,0xa8,0x4e,0x38,0x4f,0x0a,0x00,0x00,0x06,
	0x05,0x00,0x01,0x04,0x04,0x00,0x00,0x00,0x88,0x20,0x04,0x00,0x00,0x00,0x01,0x02,
	0xb0,0x27,0x40,0x28,0x0b,0x00,0x00,0x06,0x05,0x00,0x01,0x04,0x08,0x00,0x00,0x00,
	0x88,0x20,0x04,0x00,0x00,0x00,0x01,0x02,0xe0,0x28,0x88,0x29,0x0d,0x00,0x00,0x06,
	0x05,0x00,0x01,0x04,0x10,0x00,0x00,0x00,0x88,0x20,0x04,0x00,0x00,0x00,0x01,0x02,
	0x00,0x3f,0xc0,0x3f,0x0e,0x00,0x00,0x06,0x05,0x00,0x01,0x04,0x20,0x00,0x00,0x00,
	0x88,0x20,0x04,0x00,0x00,0x00,0x01,0x02,0xe0,0x28,0x88,0x29,0x0c,0x00,0x00,0x06,
	0x04,0x00,0x01,0x04,0xfe,0xff,0xff,0xff,0x84,0x20,0x04,0x00,0x04,0x00,0x01,0x04,
	0xfe,0xff,0xff,0xff,0x80,0xf0,0x08,0x00,0x04,0x00,0x01,0x04,0xff,0xff,0xff,0x7f,
	0xe0,0xf0,0x08,0x00,0x05,0x00,0x01,0x04,0x01,0x00,0x00,0x00,0x64,0xf0,0x08,0x00,
	0x04,0x00,0x01,0x04,0xfe,0xff,0xff,0xff,0x90,0x20,0x04,0x00,0x04,0x00,0x01,0x04,
	0xff,0xff,0x7f,0xff,0x3c,0x0b,0x07,0x00,0x04,0x00,0x01,0x04,0xff,0xff,0x7f,0xff,
	0x3c,0x1b,0x07,0x00,0x04,0x00,0x01,0x04,0xfe,0xff,0xff,0xff,0x84,0x20,0x04,0x00,
	0x04,0x00,0x01,0x04,0xfe,0xff,0xff,0xff,0x80,0xf0,0x08,0x00,0x04,0x00,0x01,0x04,
	0xff,0xff,0xff,0x7f,0xe0,0xf0,0x08,0x00,0x04,0x00,0x01,0x04,0xff,0xff,0xff,0x7f,
	0x60,0xf0,0x05,0x00,0x04,0x00,0x01,0x04,0xff,0xff,0xff,0x7f,0x60,0xf4,0x05,0x00,
	0x04,0x00,0x01,0x04,0xff,0xff,0xff,0x7f,0x60,0xf8,0x05,0x00,0x04,0x00,0x01,0x04,
	0xff,0xff,0xff,0x7f,0x60,0xfc,0x05,0x00,0x05,0x00,0x01,0x04,0x01,0x00,0x00,0x00,
	0x64,0xf0,0x08,0x00,0x04,0x00,0x01,0x04,0x7f,0xff,0xff,0xff,0x80,0xf0,0x08,0x00,
	0x04,0x00,0x01,0x04,0xfe,0xff,0xff,0xff,0x90,0x20,0x04,0x00,0x04,0x00,0x01,0x04,
	0x7f,0xff,0xff,0xff,0x80,0xf0,0x08,0x00,0x00,0x00,0x00,0x00,0x00,0x00,0x00,0x00,
	0x00,0x00,0x00,0x00,0x00,0x00,0x00,0x00,0x00,0x00,0x00,0x00,0x00,0x00,0x00,0x00,
	0x00,0x00,0x00,0x00,0x00,0x00,0x00,0x00,0x00,0x00,0x00,0x00,0x00,0x00,0x00,0x00,
	0x00,0x00,0x00,0x00,0x00,0x00,0x00,0x00,0x00,0x00,0x00,0x00,0x00,0x00,0x00,0x00,
	0x00,0x00,0x00,0x00,0x00,0x00,0x00,0x00,0x00,0x00,0x00,0x00,0x00,0x00,0x00,0x00,
	0x00,0x00,0x00,0x00,0x00,0x00,0x00,0x00,0x00,0x00,0x00,0x00,0x00,0x00,0x00,0x00,
	0x00,0x00,0x00,0x00,0x00,0x00,0x00,0x00,0x00,0x00,0x00,0x00,0x00,0x00,0x00,0x00,
	0x00,0x00,0x00,0x00,0x00,0x00,0x00,0x00,0x00,0x00,0x00,0x00,0x00,0x00,0x00,0x00,
	0x00,0x00,0x00,0x00,0x00,0x00,0x00,0x00,0x00,0x00,0x00,0x00,0x00,0x00,0x00,0x00,
	0x00,0x00,0x00,0x00,0x00,0x00,0x00,0x00,0x00,0x00,0x00,0x00,0x00,0x00,0x00,0x00,
	0x00,0x00,0x00,0x00,0x00,0x00,0x00,0x00,0x00,0x00,0x00,0x00,0x00,0x00,0x00,0x00,
	0x00,0x00,0x00,0x00,0x00,0x00,0x00,0x00,0x00,0x00,0x00,0x00,0x00,0x00,0x00,0x00,
	0x00,0x00,0x00,0x00,0x00,0x00,0x00,0x00,0x00,0x00,0x00,0x00,0x00,0x00,0x00,0x00,
	0x00,0x00,0x00,0x00,0x00,0x00,0x00,0x00,0x00,0x00,0x00,0x00,0x00,0x00,0x00,0x00,
	0x00,0x00,0x00,0x00,0x00,0x00,0x00,0x00,0x00,0x00,0x00,0x00,0x00,0x00,0x00,0x00,
	0x00,0x00,0x00,0x00,0x00,0x00,0x00,0x00,0x00,0x00,0x00,0x00,0x00,0x00,0x00,0x00,
	0x00,0x00,0x00,0x00,0x00,0x00,0x00,0x00,0x00,0x00,0x00,0x00,0x00,0x00,0x00,0x00,
	0x00,0x00,0x00,0x00,0x00,0x00,0x00,0x00,0x00,0x00,0x00,0x00,0x00,0x00,0x00,0x00,
	0x00,0x00,0x00,0x00,0x00,0x00,0x00,0x00,0x00,0x00,0x00,0x00,0x00,0x00,0x00,0x00,
	0x00,0x00,0x00,0x00,0x00,0x00,0x00,0x00,0x00,0x00,0x00,0x00,0x00,0x00,0x00,0x00,
	0x00,0x00,0x00,0x00,0x00,0x00,0x00,0x00,0x00,0x00,0x00,0x00,0x00,0x00,0x00,0x00,
	0x00,0x00,0x00,0x00,0x00,0x00,0x00,0x00,0x00,0x00,0x00,0x00,0x00,0x00,0x00,0x00,
	0x00,0x00,0x00,0x00,0x00,0x00,0x00,0x00,0x00,0x00,0x00,0x00,0x00,0x00,0x00,0x00,
	0x00,0x00,0x00,0x00,0x00,0x00,0x00,0x00,0x00,0x00,0x00,0x00,0x00,0x00,0x00,0x00,
	0x00,0x00,0x00,0x00,0x00,0x00,0x00,0x00,0x00,0x00,0x00,0x00,0x00,0x00,0x00,0x00,
	0x00,0x00,0x00,0x00,0x00,0x00,0x00,0x00,0x00,0x00,0x01,0x01,0x00,0x00,0x00,0x00,
	0x10,0x68,0x08,0x00,0x00,0x00,0x01,0x01,0x00,0x00,0x00,0x00,0x0c,0x68,0x08,0x00,
	0x00,0x00,0x00,0x01,0x08,0x00,0x07,0x00,0x24,0x68,0x08,0x00,0x04,0x00,0x01,0x04,
	0x00,0x00,0x00,0x80,0x24,0x68,0x08,0x00,0x00,0x00,0x01,0x04,0x00,0x00,0x00,0x80,
	0x24,0x68,0x08,0x00,0x00,0x08,0x01,0x02,0x20,0x51,0x60,0x51,0x00,0x00,0x01,0x02,
	0x60,0x51,0x94,0x51,0x00,0x00,0x01,0x01,0x01,0x00,0x00,0x00,0x10,0x68,0x08,0x00,
	0x00,0x00,0x00,0x01,0x40,0x09,0x06,0x00,0x24,0x68,0x08,0x00,0x04,0x00,0x01,0x04,
	0x00,0x00,0x00,0xf0,0x24,0x68,0x08,0x00,0x00,0x00,0x01,0x04,0x00,0x00,0x00,0x30,
	0x24,0x68,0x08,0x00,0x00,0x08,0x00,0x02,0xc4,0x46,0xc8,0x46,0x00,0x00,0x01,0x02,
	0x60,0x51,0x94,0x51,0x00,0x00,0x00,0x01,0x08,0x10,0x07,0x00,0x24,0x68,0x08,0x00,
	0x04,0x00,0x01,0x04,0x00,0x00,0x00,0x80,0x24,0x68,0x08,0x00,0x00,0x00,0x01,0x04,
	0x00,0x00,0x00,0x80,0x24,0x68,0x08,0x00,0x00,0x08,0x01,0x02,0x94,0x51,0xd4,0x51,
	0x00,0x00,0x01,0x02,0xd4,0x51,0xa4,0x53,0x00,0x00,0x01,0x01,0x01,0x00,0x00,0x00,
	0x0c,0x68,0x08,0x00,0x00,0x00,0x00,0x01,0x40,0x19,0x06,0x00,0x24,0x68,0x08,0x00,
	0x04,0x00,0x01,0x04,0x00,0x00,0x00,0xf0,0x24,0x68,0x08,0x00,0x00,0x00,0x01,0x04,
	0x00,0x00,0x00,0x30,0x24,0x68,0x08,0x00,0x00,0x08,0x00,0x02,0xc4,0x46,0xc8,0x46,
	0x00,0x00,0x01,0x02,0xd4,0x51,0xa4,0x53,0x00,0x00,0x01,0x01,0x00,0x00,0x00,0x00,
	0xdc,0x00,0x08,0x00,0x00,0x00,0x01,0x01,0x00,0x00,0x00,0x00,0xd8,0x00,0x08,0x00,
	0x00,0x00,0x01,0x01,0x00,0x00,0x00,0x00,0xd4,0x00,0x08,0x00,0x00,0x00,0x00,0x01,
	0x38,0x00,0x07,0x00,0x34,0x69,0x08,0x00,0x00,0x00,0x00,0x01,0x38,0x10,0x07,0x00,
	0x30,0x69,0x08,0x00,0x05,0x00,0x01,0x04,0x00,0x00,0x40,0x00,0x38,0x00,0x07,0x00,
	0x05,0x00,0x01,0x04,0x00,0x00,0x40,0x00,0x38,0x10,0x07,0x00,0x00,0x00,0x00,0x01,
	0x08,0x50,0x04,0x00,0x18,0x6e,0x08,0x00,0x00,0x00,0x00,0x01,0xe8,0x4f,0x04,0x00,
	0x14,0x6e,0x08,0x00,0x00,0x00,0x00,0x01,0x00,0x43,0x04,0x00,0x10,0x6e,0x08,0x00,
	0x00,0x00,0x00,0x01,0x04,0x43,0x04,0x00,0x0c,0x6e,0x08,0x00,0x04,0x00,0x01,0x04,
	0xff,0xff,0xff,0x7f,0x08,0x50,0x04,0x00,0x04,0x00,0x01,0x04,0xff,0xff,0xff,0x7f,
	0xe8,0x4f,0x04,0x00,0x04,0x00,0x01,0x04,0xff,0xff,0xff,0x7f,0x00,0x43,0x04,0x00,
	0x04,0x00,0x01,0x04,0xff,0xff,0xff,0x7f,0x04,0x43,0x04,0x00,0x00,0x00,0x01,0x01,
	0x0a,0x00,0x00,0x00,0x8c,0xf0,0x08,0x00,0x00,0x14,0x03,0x05,0x00,0x00,0x00,0x01,
	0x08,0x50,0x04,0x00,0x24,0x68,0x08,0x00,0x04,0x00,0x01,0x04,0x00,0x00,0x00,0x40,
	0x24,0x68,0x08,0x00,0x00,0x00,0x01,0x04,0x00,0x00,0x00,0x40,0x24,0x68,0x08,0x00,
	0x00,0x08,0x01,0x02,0x1c,0x57,0x68,0x57,0x00,0x00,0x00,0x01,0xe8,0x4f,0x04,0x00,
	0x24,0x68,0x08,0x00,0x04,0x00,0x01,0x04,0x00,0x00,0x00,0x40,0x24,0x68,0x08,0x00,
	0x00,0x00,0x01,0x04,0x00,0x00,0x00,0x40,0x24,0x68,0x08,0x00,0x00,0x08,0x01,0x02,
	0x1c,0x57,0x68,0x57,0x00,0x00,0x00,0x01,0x00,0x43,0x04,0x00,0x24,0x68,0x08,0x00,
	0x04,0x00,0x01,0x04,0x00,0x00,0x00,0x40,0x24,0x68,0x08,0x00,0x00,0x00,0x01,0x04,
	0x00,0x00,0x00,0x40,0x24,0x68,0x08,0x00,0x00,0x08,0x01,0x02,0x1c,0x57,0x68,0x57,
	0x00,0x00,0x00,0x01,0x04,0x43,0x04,0x00,0x24,0x68,0x08,0x00,0x04,0x00,0x01,0x04,
	0x00,0x00,0x00,0x40,0x24,0x68,0x08,0x00,0x00,0x00,0x01,0x04,0x00,0x00,0x00,0x40,
	0x24,0x68,0x08,0x00,0x00,0x08,0x01,0x02,0x1c,0x57,0x68,0x57,0x00,0x00,0x00,0x01,
	0x70,0x60,0x04,0x00,0xf4,0x6d,0x08,0x00,0x04,0x00,0x01,0x04,0xff,0xff,0xff,0x7f,
	0x70,0x60,0x04,0x00,0x00,0x00,0x01,0x01,0x14,0x00,0x00,0x00,0x8c,0xf0,0x08,0x00,
	0x00,0x14,0x03,0x05,0x00,0x00,0x00,0x01,0x70,0x60,0x04,0x00,0x24,0x68,0x08,0x00,
	0x04,0x00,0x01,0x04,0x00,0x00,0x00,0x40,0x24,0x68,0x08,0x00,0x00,0x00,0x01,0x04,
	0x00,0x00,0x00,0x40,0x24,0x68,0x08,0x00,0x00,0x08,0x01,0x02,0x68,0x57,0x74,0x57,
	0x00,0x00,0x01,0x02,0xa4,0x53,0xc4,0x53,0x01,0x00,0x01,0x04,0x01,0x00,0x00,0x00,
	0x5c,0xf0,0x08,0x00,0x01,0x00,0x01,0x04,0x01,0x00,0x00,0x00,0x88,0x00,0x08,0x00,
	0x00,0x00,0x01,0x02,0xc4,0x53,0x1c,0x54,0x00,0x00,0x01,0x01,0x05,0x00,0x00,0x00,
	0x8c,0xf0,0x08,0x00,0x00,0x14,0x03,0x05,0x00,0x00,0x00,0x01,0x04,0x55,0x04,0x00,
	0x24,0x68,0x08,0x00,0x04,0x00,0x01,0x04,0x00,0x00,0x00,0x40,0x24,0x68,0x08,0x00,
	0x00,0x00,0x01,0x04,0x00,0x00,0x00,0x00,0x24,0x68,0x08,0x00,0x00,0x08,0x01,0x02,
	0xa0,0x54,0xb4,0x54,0x00,0x00,0x01,0x04,0x01,0x00,0x00,0x00,0x10,0x68,0x08,0x00,
	0x00,0x08,0x01,0x02,0x38,0x54,0x6c,0x54,0x00,0x00,0x01,0x02,0x1c,0x54,0x38,0x54,
	0x00,0x00,0x01,0x04,0x01,0x00,0x00,0x00,0x0c,0x68,0x08,0x00,0x00,0x08,0x01,0x02,
	0x6c,0x54,0xa0,0x54,0x00,0x00,0x01,0x02,0xc4,0x53,0x1c,0x54,0x00,0x00,0x00,0x01,
	0x40,0x09,0x06,0x00,0x24,0x68,0x08,0x00,0x04,0x00,0x01,0x04,0x00,0x02,0x00,0x00,
	0x24,0x68,0x08,0x00,0x00,0x00,0x01,0x04,0x00,0x00,0x00,0x00,0x24,0x68,0x08,0x00,
	0x00,0x08,0x01,0x02,0xa0,0x54,0xb4,0x54,0x00,0x00,0x01,0x02,0x1c,0x54,0x38,0x54,
	0x00,0x00,0x00,0x01,0x40,0x19,0x06,0x00,0x24,0x68,0x08,0x00,0x04,0x00,0x01,0x04,
	0x00,0x02,0x00,0x00,0x24,0x68,0x08,0x00,0x00,0x00,0x01,0x04,0x00,0x00,0x00,0x00,
	0x24,0x68,0x08,0x00,0x00,0x08,0x01,0x02,0xa0,0x54,0xb4,0x54,0x00,0x00,0x01,0x02,
	0xc4,0x53,0x1c,0x54,0x00,0x00,0x00,0x01,0xf4,0x6d,0x08,0x00,0x70,0x60,0x04,0x00,
	0x00,0x00,0x01,0x02,0xb4,0x54,0x18,0x55,0x01,0x00,0x01,0x04,0x01,0x00,0x00,0x00,
	0xdc,0x00,0x08,0x00,0x00,0x00,0x01,0x01,0x08,0x00,0x00,0x00,0x8c,0xf0,0x08,0x00,
	0x00,0x14,0x03,0x05,0x00,0x00,0x00,0x01,0x70,0x60,0x04,0x00,0x24,0x68,0x08,0x00,
	0x04,0x00,0x01,0x04,0x00,0x00,0x00,0x40,0x24,0x68,0x08,0x00,0x00,0x00,0x01,0x04,
	0x00,0x00,0x00,0x40,0x24,0x68,0x08,0x00,0x00,0x08,0x01,0x02,0x18,0x55,0xa4,0x55,
	0x00,0x00,0x01,0x04,0x19,0x00,0x00,0x00,0xdc,0x00,0x08,0x00,0x00,0x08,0x01,0x02,
	0x74,0x57,0x88,0x57,0x00,0x00,0x01,0x02,0xb4,0x54,0x18,0x55,0x00,0x00,0x00,0x01,
	0x34,0x69,0x08,0x00,0x38,0x00,0x07,0x00,0x00,0x00,0x00,0x01,0x30,0x69,0x08,0x00,
	0x38,0x10,0x07,0x00,0x00,0x00,0x00,0x01,0x18,0x6e,0x08,0x00,0x08,0x50,0x04,0x00,
	0x00,0x00,0x00,0x01,0x14,0x6e,0x08,0x00,0xe8,0x4f,0x04,0x00,0x00,0x00,0x00,0x01,
	0x10,0x6e,0x08,0x00,0x00,0x43,0x04,0x00,0x00,0x00,0x00,0x01,0x0c,0x6e,0x08,0x00,
	0x04,0x43,0x04,0x00,0x00,0x00,0x01,0x01,0x0a,0x00,0x00,0x00,0x90,0xf0,0x08,0x00,
	0x00,0x15,0x03,0x05,0x00,0x00,0x00,0x01,0x08,0x50,0x04,0x00,0x14,0x68,0x08,0x00,
	0x04,0x00,0x01,0x04,0x00,0x00,0x00,0x80,0x14,0x68,0x08,0x00,0x00,0x00,0x01,0x04,
	0x00,0x00,0x00,0x80,0x14,0x68,0x08,0x00,0x00,0x08,0x01,0x02,0x40,0x56,0x74,0x56,
	0x00,0x00,0x01,0x02,0xa4,0x55,0xd8,0x55,0x00,0x00,0x00,0x01,0xe8,0x4f,0x04,0x00,
	0x14,0x68,0x08,0x00,0x04,0x00,0x01,0x04,0x00,0x00,0x00,0x80,0x14,0x68,0x08,0x00,
	0x00,0x00,0x01,0x04,0x00,0x00,0x00,0x80,0x14,0x68,0x08,0x00,0x00,0x08,0x01,0x02,
	0x74,0x56,0xa8,0x56,0x00,0x00,0x01,0x02,0xd8,0x55,0x0c,0x56,0x00,0x00,0x00,0x01,
	0x00,0x43,0x04,0x00,0x14,0x68,0x08,0x00,0x04,0x00,0x01,0x04,0x00,0x00,0x00,0x80,
	0x14,0x68,0x08,0x00,0x00,0x00,0x01,0x04,0x00,0x00,0x00,0x80,0x14,0x68,0x08,0x00,
	0x00,0x08,0x01,0x02,0xa8,0x56,0xdc,0x56,0x00,0x00,0x01,0x02,0x0c,0x56,0x40,0x56,
	0x00,0x00,0x00,0x01,0x04,0x43,0x04,0x00,0x14,0x68,0x08,0x00,0x04,0x00,0x01,0x04,
	0x00,0x00,0x00,0x80,0x14,0x68,0x08,0x00,0x00,0x00,0x01,0x04,0x00,0x00,0x00,0x80,
	0x14,0x68,0x08,0x00,0x00,0x08,0x01,0x02,0xdc,0x56,0x10,0x57,0x00,0x00,0x01,0x02,
	0x10,0x57,0x1c,0x57,0x00,0x00,0x00,0x01,0x08,0x50,0x04,0x00,0x24,0x68,0x08,0x00,
	0x04,0x00,0x01,0x04,0x00,0x00,0x00,0x40,0x24,0x68,0x08,0x00,0x00,0x00,0x01,0x04,
	0x00,0x00,0x00,0x00,0x24,0x68,0x08,0x00,0x00,0x08,0x01,0x02,0x88,0x57,0x9c,0x57,
	0x00,0x00,0x01,0x02,0xa4,0x55,0xd8,0x55,0x00,0x00,0x00,0x01,0xe8,0x4f,0x04,0x00,
	0x24,0x68,0x08,0x00,0x04,0x00,0x01,0x04,0x00,0x00,0x00,0x40,0x24,0x68,0x08,0x00,
	0x00,0x00,0x01,0x04,0x00,0x00,0x00,0x00,0x24,0x68,0x08,0x00,0x00,0x08,0x01,0x02,
	0x9c,0x57,0xb0,0x57,0x00,0x00,0x01,0x02,0xd8,0x55,0x0c,0x56,0x00,0x00,0x00,0x01,
	0x00,0x43,0x04,0x00,0x24,0x68,0x08,0x00,0x04,0x00,0x01,0x04,0x00,0x00,0x00,0x40,
	0x24,0x68,0x08,0x00,0x00,0x00,0x01,0x04,0x00,0x00,0x00,0x00,0x24,0x68,0x08,0x00,
	0x00,0x08,0x01,0x02,0xb0,0x57,0xc4,0x57,0x00,0x00,0x01,0x02,0x0c,0x56,0x40,0x56,
	0x00,0x00,0x00,0x01,0x04,0x43,0x04,0x00,0x24,0x68,0x08,0x00,0x04,0x00,0x01,0x04,
	0x00,0x00,0x00,0x40,0x24,0x68,0x08,0x00,0x00,0x00,0x01,0x04,0x00,0x00,0x00,0x00,
	0x24,0x68,0x08,0x00,0x00,0x08,0x01,0x02,0xc4,0x57,0xd8,0x57,0x00,0x00,0x01,0x02,
	0x10,0x57,0x1c,0x57,0x05,0x00,0x01,0x04,0x00,0x00,0x00,0x20,0x04,0x55,0x04,0x00,
	0x01,0x00,0x00,0x06,0x00,0x00,0x00,0x01,0x18,0x6e,0x08,0x00,0x08,0x50,0x04,0x00,
	0x00,0x00,0x00,0x01,0x14,0x6e,0x08,0x00,0xe8,0x4f,0x04,0x00,0x00,0x00,0x00,0x01,
	0x10,0x6e,0x08,0x00,0x00,0x43,0x04,0x00,0x00,0x00,0x00,0x01,0x0c,0x6e,0x08,0x00,
	0x04,0x43,0x04,0x00,0x00,0x00,0x00,0x01,0x34,0x69,0x08,0x00,0x38,0x00,0x07,0x00,
	0x00,0x00,0x00,0x01,0x30,0x69,0x08,0x00,0x38,0x10,0x07,0x00,0x02,0x00,0x00,0x06,
	0x00,0x00,0x01,0x03,0x28,0x2d,0x98,0x2d,0x03,0x00,0x00,0x06,0x00,0x00,0x01,0x03,
	0xd8,0x57,0xfc,0x57,0x00,0x00,0x01,0x02,0x18,0x55,0xa4,0x55,0x04,0x00,0x00,0x06,
	0x00,0x00,0x01,0x03,0xd8,0x57,0xfc,0x57,0x00,0x00,0x01,0x02,0xa4,0x55,0xd8,0x55,
	0x05,0x00,0x00,0x06,0x00,0x00,0x01,0x03,0xd8,0x57,0xfc,0x57,0x00,0x00,0x01,0x02,
	0xd8,0x55,0x0c,0x56,0x06,0x00,0x00,0x06,0x00,0x00,0x01,0x03,0xd8,0x57,0xfc,0x57,
	0x00,0x00,0x01,0x02,0x0c,0x56,0x40,0x56,0x07,0x00,0x00,0x06,0x00,0x00,0x01,0x03,
	0xd8,0x57,0xfc,0x57,0x00,0x00,0x01,0x02,0x10,0x57,0x1c,0x57,0x04,0x00,0x01,0x04,
	0xff,0xff,0xff,0xbf,0x04,0x55,0x04,0x00,0x00,0x00,0x01,0x01,0x00,0x00,0x00,0x00,
	0x38,0xf0,0x08,0x00,0x00,0x00,0x01,0x01,0x00,0x00,0x00,0x00,0x08,0xf0,0x08,0x00,
	0x05,0x00,0x01,0x04,0x01,0x00,0x00,0x00,0x38,0xb0,0x06,0x00,0x00,0x00,0x01,0x01,
	0x05,0x00,0x00,0x00,0x8c,0xf0,0x08,0x00,0x00,0x14,0x03,0x05,0x00,0x00,0x00,0x01,
	0x38,0xb0,0x06,0x00,0xf0,0x68,0x08,0x00,0x04,0x00,0x01,0x04,0x02,0x00,0x00,0x00,
	0xf0,0x68,0x08,0x00,0x00,0x00,0x01,0x04,0x02,0x00,0x00,0x00,0xf0,0x68,0x08,0x00,
	0x00,0x08,0x01,0x02,0x4c,0x58,0x80,0x5b,0x00,0x00,0x01,0x02,0xb8,0x60,0xc4,0x60,
	0x00,0x00,0x01,0x01,0x00,0x00,0x00,0x00,0x08,0x68,0x08,0x00,0x00,0x00,0x01,0x01,
	0x00,0x00,0x00,0x00,0x04,0x68,0x08,0x00,0x00,0x00,0x01,0x01,0x00,0x00,0x00,0x00,
	0x00,0x68,0x08,0x00,0x00,0x00,0x00,0x01,0x48,0x65,0x04,0x00,0x94,0x6b,0x08,0x00,
	0x05,0x00,0x01,0x04,0x00,0x00,0x00,0xaa,0x48,0x65,0x04,0x00,0x00,0x00,0x00,0x01,
	0x08,0xb0,0x07,0x00,0x84,0x6f,0x08,0x00,0x00,0x00,0x00,0x01,0x08,0xb8,0x07,0x00,
	0x80,0x6f,0x08,0x00,0x04,0x00,0x01,0x04,0xff,0xff,0xff,0x7f,0x08,0xb0,0x07,0x00,
	0x04,0x00,0x01,0x04,0xff,0xff,0xff,0x7f,0x08,0xb8,0x07,0x00,0x00,0x00,0x00,0x01,
	0x60,0x81,0x06,0x00,0x2c,0x69,0x08,0x00,0x00,0x00,0x00,0x01,0x60,0x82,0x06,0x00,
	0x28,0x69,0x08,0x00,0x00,0x00,0x00,0x01,0x60,0x89,0x06,0x00,0x24,0x69,0x08,0x00,
	0x00,0x00,0x00,0x01,0x60,0x8a,0x06,0x00,0x20,0x69,0x08,0x00,0x00,0x00,0x00,0x01,
	0x60,0x91,0x06,0x00,0x1c,0x69,0x08,0x00,0x00,0x00,0x00,0x01,0x60,0x92,0x06,0x00,
	0x18,0x69,0x08,0x00,0x00,0x00,0x00,0x01,0x60,0x99,0x06,0x00,0x14,0x69,0x08,0x00,
	0x00,0x00,0x00,0x01,0x60,0x9a,0x06,0x00,0x10,0x69,0x08,0x00,0x05,0x00,0x01,0x04,
	0x00,0x00,0x00,0x40,0x60,0x81,0x06,0x00,0x05,0x00,0x01,0x04,0x00,0x00,0x00,0x40,
	0x60,0x82,0x06,0x00,0x05,0x00,0x01,0x04,0x00,0x00,0x00,0x40,0x60,0x89,0x06,0x00,
	0x05,0x00,0x01,0x04,0x00,0x00,0x00,0x40,0x60,0x8a,0x06,0x00,0x05,0x00,0x01,0x04,
	0x00,0x00,0x00,0x40,0x60,0x91,0x06,0x00,0x05,0x00,0x01,0x04,0x00,0x00,0x00,0x40,
	0x60,0x92,0x06,0x00,0x05,0x00,0x01,0x04,0x00,0x00,0x00,0x40,0x60,0x99,0x06,0x00,
	0x05,0x00,0x01,0x04,0x00,0x00,0x00,0x40,0x60,0x9a,0x06,0x00,0x05,0x00,0x01,0x04,
	0x00,0x00,0x00,0x00,0x80,0x81,0x06,0x00,0x05,0x00,0x01,0x04,0x00,0x00,0x00,0x00,
	0x80,0x82,0x06,0x00,0x05,0x00,0x01,0x04,0x00,0x00,0x00,0x00,0x80,0x89,0x06,0x00,
	0x05,0x00,0x01,0x04,0x00,0x00,0x00,0x00,0x80,0x8a,0x06,0x00,0x05,0x00,0x01,0x04,
	0x00,0x00,0x00,0x00,0x80,0x91,0x06,0x00,0x05,0x00,0x01,0x04,0x00,0x00,0x00,0x00,
	0x80,0x92,0x06,0x00,0x05,0x00,0x01,0x04,0x00,0x00,0x00,0x00,0x80,0x99,0x06,0x00,
	0x05,0x00,0x01,0x04,0x00,0x00,0x00,0x00,0x80,0x9a,0x06,0x00,0x00,0x00,0x00,0x01,
	0x94,0x6b,0x08,0x00,0x48,0x65,0x04,0x00,0x00,0x00,0x00,0x01,0x84,0x6f,0x08,0x00,
	0x08,0xb0,0x07,0x00,0x00,0x00,0x00,0x01,0x80,0x6f,0x08,0x00,0x08,0xb8,0x07,0x00,
	0x00,0x00,0x00,0x01,0x08,0x50,0x04,0x00,0x18,0x6e,0x08,0x00,0x00,0x00,0x00,0x01,
	0xe8,0x4f,0x04,0x00,0x14,0x6e,0x08,0x00,0x00,0x00,0x00,0x01,0x00,0x43,0x04,0x00,
	0x10,0x6e,0x08,0x00,0x00,0x00,0x00,0x01,0x04,0x43,0x04,0x00,0x0c,0x6e,0x08,0x00,
	0x04,0x00,0x01,0x04,0xff,0xff,0xff,0x7f,0x08,0x50,0x04,0x00,0x04,0x00,0x01,0x04,
	0xff,0xff,0xff,0x7f,0xe8,0x4f,0x04,0x00,0x04,0x00,0x01,0x04,0xff,0xff,0xff,0x7f,
	0x00,0x43,0x04,0x00,0x04,0x00,0x01,0x04,0xff,0xff,0xff,0x7f,0x04,0x43,0x04,0x00,
	0x00,0x00,0x01,0x01,0x0a,0x00,0x00,0x00,0x8c,0xf0,0x08,0x00,0x00,0x14,0x03,0x05,
	0x00,0x00,0x00,0x01,0x08,0x50,0x04,0x00,0xec,0x68,0x08,0x00,0x04,0x00,0x01,0x04,
	0x00,0x00,0x00,0x40,0xec,0x68,0x08,0x00,0x00,0x00,0x01,0x04,0x00,0x00,0x00,0x40,
	0xec,0x68,0x08,0x00,0x00,0x08,0x01,0x02,0xc4,0x60,0x4c,0x61,0x00,0x00,0x00,0x01,
	0xe8,0x4f,0x04,0x00,0xec,0x68,0x08,0x00,0x04,0x00,0x01,0x04,0x00,0x00,0x00,0x40,
	0xec,0x68,0x08,0x00,0x00,0x00,0x01,0x04,0x00,0x00,0x00,0x40,0xec,0x68,0x08,0x00,
	0x00,0x08,0x01,0x02,0xc4,0x60,0x4c,0x61,0x00,0x00,0x00,0x01,0x00,0x43,0x04,0x00,
	0xec,0x68,0x08,0x00,0x04,0x00,0x01,0x04,0x00,0x00,0x00,0x40,0xec,0x68,0x08,0x00,
	0x00,0x00,0x01,0x04,0x00,0x00,0x00,0x40,0xec,0x68,0x08,0x00,0x00,0x08,0x01,0x02,
	0xc4,0x60,0x4c,0x61,0x00,0x00,0x00,0x01,0x04,0x43,0x04,0x00,0xec,0x68,0x08,0x00,
	0x04,0x00,0x01,0x04,0x00,0x00,0x00,0x40,0xec,0x68,0x08,0x00,0x00,0x00,0x01,0x04,
	0x00,0x00,0x00,0x40,0xec,0x68,0x08,0x00,0x00,0x08,0x01,0x02,0xc4,0x60,0x4c,0x61,
	0x00,0x00,0x00,0x01,0x10,0x60,0x04,0x00,0xf0,0x6d,0x08,0x00,0x00,0x00,0x00,0x01,
	0x14,0x60,0x04,0x00,0xec,0x6d,0x08,0x00,0x00,0x00,0x00,0x01,0x04,0x55,0x04,0x00,
	0xc8,0x00,0x08,0x00,0x04,0x00,0x01,0x04,0x00,0x00,0x00,0x10,0xc8,0x00,0x08,0x00,
	0x00,0x00,0x01,0x04,0x00,0x00,0x00,0x10,0xc8,0x00,0x08,0x00,0x00,0x08,0x01,0x02,
	0x80,0x5b,0xdc,0x5b,0x04,0x00,0x01,0x04,0xff,0xff,0xff,0x7f,0x10,0x60,0x04,0x00,
	0x04,0x00,0x01,0x04,0xff,0xff,0xff,0x7f,0x14,0x60,0x04,0x00,0x00,0x00,0x01,0x02,
	0x80,0x5b,0xdc,0x5b,0x00,0x00,0x00,0x01,0x70,0x60,0x04,0x00,0xf4,0x6d,0x08,0x00,
	0x04,0x00,0x01,0x04,0xff,0xff,0xff,0x7f,0x70,0x60,0x04,0x00,0x00,0x00,0x01,0x01,
	0x14,0x00,0x00,0x00,0x8c,0xf0,0x08,0x00,0x00,0x14,0x03,0x05,0x00,0x00,0x00,0x01,
	0x70,0x60,0x04,0x00,0xe4,0x68,0x08,0x00,0x04,0x00,0x01,0x04,0x00,0x00,0x00,0x40,
	0xe4,0x68,0x08,0x00,0x00,0x00,0x01,0x04,0x00,0x00,0x00,0x00,0xe4,0x68,0x08,0x00,
	0x00,0x08,0x01,0x02,0xdc,0x5b,0xfc,0x5b,0x00,0x00,0x01,0x02,0x4c,0x61,0x58,0x61,
	0x01,0x00,0x01,0x04,0x01,0x00,0x00,0x00,0x68,0xf0,0x08,0x00,0x01,0x00,0x01,0x04,
	0x01,0x00,0x00,0x00,0x88,0x00,0x08,0x00,0x00,0x00,0x01,0x02,0xfc,0x5b,0x40,0x5c,
	0x00,0x00,0x01,0x01,0x05,0x00,0x00,0x00,0x8c,0xf0,0x08,0x00,0x00,0x14,0x03,0x05,
	0x00,0x00,0x00,0x01,0x38,0xb0,0x06,0x00,0xc4,0x00,0x08,0x00,0x04,0x00,0x01,0x04,
	0x02,0x00,0x00,0x00,0xc4,0x00,0x08,0x00,0x00,0x00,0x01,0x04,0x00,0x00,0x00,0x00,
	0xc4,0x00,0x08,0x00,0x00,0x08,0x01,0x02,0x40,0x5c,0x54,0x5c,0x00,0x00,0x01,0x02,
	0xfc,0x5b,0x40,0x5c,0x00,0x00,0x00,0x01,0xf4,0x6d,0x08,0x00,0x70,0x60,0x04,0x00,
	0x00,0x00,0x01,0x02,0x54,0x5c,0xb8,0x5c,0x01,0x00,0x01,0x04,0x01,0x00,0x00,0x00,
	0x08,0x68,0x08,0x00,0x00,0x00,0x01,0x01,0x08,0x00,0x00,0x00,0x8c,0xf0,0x08,0x00,
	0x00,0x14,0x03,0x05,0x00,0x00,0x00,0x01,0x70,0x60,0x04,0x00,0xe8,0x68,0x08,0x00,
	0x04,0x00,0x01,0x04,0x00,0x00,0x00,0x40,0xe8,0x68,0x08,0x00,0x00,0x00,0x01,0x04,
	0x00,0x00,0x00,0x40,0xe8,0x68,0x08,0x00,0x00,0x08,0x01,0x02,0xb8,0x5c,0x04,0x5d,
	0x00,0x00,0x01,0x04,0x19,0x00,0x00,0x00,0x08,0x68,0x08,0x00,0x00,0x08,0x01,0x02,
	0x58,0x61,0x6c,0x61,0x00,0x00,0x01,0x02,0x54,0x5c,0xb8,0x5c,0x00,0x00,0x00,0x01,
	0xf0,0x6d,0x08,0x00,0x10,0x60,0x04,0x00,0x00,0x00,0x00,0x01,0xec,0x6d,0x08,0x00,
	0x14,0x60,0x04,0x00,0x00,0x00,0x00,0x01,0xf0,0x6d,0x08,0x00,0xc8,0x68,0x08,0x00,
	0x04,0x00,0x01,0x04,0x00,0x00,0x00,0x80,0xc8,0x68,0x08,0x00,0x00,0x00,0x01,0x04,
	0x00,0x00,0x00,0x80,0xc8,0x68,0x08,0x00,0x00,0x08,0x01,0x02,0x04,0x5d,0x68,0x5d,
	0x00,0x00,0x01,0x02,0x68,0x5d,0x9c,0x5d,0x01,0x00,0x01,0x04,0x01,0x00,0x00,0x00,
	0x04,0x68,0x08,0x00,0x00,0x00,0x01,0x01,0x08,0x00,0x00,0x00,0x90,0xf0,0x08,0x00,
	0x00,0x15,0x03,0x05,0x00,0x00,0x00,0x01,0x10,0x60,0x04,0x00,0xec,0x68,0x08,0x00,
	0x04,0x00,0x01,0x04,0x00,0x00,0x00,0xc0,0xec,0x68,0x08,0x00,0x00,0x00,0x01,0x04,
	0x00,0x00,0x00,0xc0,0xec,0x68,0x08,0x00,0x00,0x08,0x01,0x02,0x68,0x5d,0x9c,0x5d,
	0x00,0x00,0x01,0x04,0x19,0x00,0x00,0x00,0x04,0x68,0x08,0x00,0x00,0x08,0x01,0x02,
	0x6c,0x61,0x80,0x61,0x00,0x00,0x01,0x02,0x04,0x5d,0x68,0x5d,0x00,0x00,0x00,0x01,
	0xec,0x6d,0x08,0x00,0xc8,0x68,0x08,0x00,0x04,0x00,0x01,0x04,0x00,0x00,0x00,0x80,
	0xc8,0x68,0x08,0x00,0x00,0x00,0x01,0x04,0x00,0x00,0x00,0x80,0xc8,0x68,0x08,0x00,
	0x00,0x08,0x01,0x02,0x9c,0x5d,0x00,0x5e,0x00,0x00,0x01,0x02,0x00,0x5e,0x34,0x5f,
	0x01,0x00,0x01,0x04,0x01,0x00,0x00,0x00,0x00,0x68,0x08,0x00,0x00,0x00,0x01,0x01,
	0x08,0x00,0x00,0x00,0x90,0xf0,0x08,0x00,0x00,0x15,0x03,0x05,0x00,0x00,0x00,0x01,
	0x14,0x60,0x04,0x00,0xe0,0x68,0x08,0x00,0x04,0x00,0x01,0x04,0x00,0x00,0x00,0xc0,
	0xe0,0x68,0x08,0x00,0x00,0x00,0x01,0x04,0x00,0x00,0x00,0xc0,0xe0,0x68,0x08,0x00,
	0x00,0x08,0x01,0x02,0x00,0x5e,0x34,0x5f,0x00,0x00,0x01,0x04,0x19,0x00,0x00,0x00,
	0x00,0x68,0x08,0x00,0x00,0x08,0x01,0x02,0x80,0x61,0x94,0x61,0x00,0x00,0x01,0x02,
	0x9c,0x5d,0x00,0x5e,0x00,0x00,0x00,0x01,0x2c,0x69,0x08,0x00,0x60,0x81,0x06,0x00,
	0x00,0x00,0x00,0x01,0x28,0x69,0x08,0x00,0x60,0x82,0x06,0x00,0x00,0x00,0x00,0x01,
	0x24,0x69,0x08,0x00,0x60,0x89,0x06,0x00,0x00,0x00,0x00,0x01,0x20,0x69,0x08,0x00,
	0x60,0x8a,0x06,0x00,0x00,0x00,0x00,0x01,0x1c,0x69,0x08,0x00,0x60,0x91,0x06,0x00,
	0x00,0x00,0x00,0x01,0x18,0x69,0x08,0x00,0x60,0x92,0x06,0x00,0x00,0x00,0x00,0x01,
	0x14,0x69,0x08,0x00,0x60,0x99,0x06,0x00,0x00,0x00,0x00,0x01,0x10,0x69,0x08,0x00,
	0x60,0x9a,0x06,0x00,0x05,0x00,0x01,0x04,0x00,0x00,0x00,0x00,0x74,0x81,0x06,0x00,
	0x05,0x00,0x01,0x04,0x00,0x00,0x00,0x00,0x74,0x82,0x06,0x00,0x05,0x00,0x01,0x04,
	0x00,0x00,0x00,0x00,0x74,0x89,0x06,0x00,0x05,0x00,0x01,0x04,0x00,0x00,0x00,0x00,
	0x74,0x8a,0x06,0x00,0x05,0x00,0x01,0x04,0x00,0x00,0x00,0x00,0x74,0x91,0x06,0x00,
	0x05,0x00,0x01,0x04,0x00,0x00,0x00,0x00,0x74,0x92,0x06,0x00,0x05,0x00,0x01,0x04,
	0x00,0x00,0x00,0x00,0x74,0x99,0x06,0x00,0x05,0x00,0x01,0x04,0x00,0x00,0x00,0x00,
	0x74,0x9a,0x06,0x00,0x00,0x00,0x00,0x01,0x18,0x6e,0x08,0x00,0x08,0x50,0x04,0x00,
	0x00,0x00,0x00,0x01,0x14,0x6e,0x08,0x00,0xe8,0x4f,0x04,0x00,0x00,0x00,0x00,0x01,
	0x10,0x6e,0x08,0x00,0x00,0x43,0x04,0x00,0x00,0x00,0x00,0x01,0x0c,0x6e,0x08,0x00,
	0x04,0x43,0x04,0x00,0x00,0x00,0x01,0x01,0x0a,0x00,0x00,0x00,0x90,0xf0,0x08,0x00,
	0x00,0x15,0x03,0x05,0x00,0x00,0x00,0x01,0x08,0x50,0x04,0x00,0xfc,0x67,0x08,0x00,
	0x04,0x00,0x01,0x04,0x00,0x00,0x00,0x80,0xfc,0x67,0x08,0x00,0x00,0x00,0x01,0x04,
	0x00,0x00,0x00,0x80,0xfc,0x67,0x08,0x00,0x00,0x08,0x01,0x02,0xd0,0x5f,0x04,0x60,
	0x00,0x00,0x01,0x02,0x34,0x5f,0x68,0x5f,0x00,0x00,0x00,0x01,0xe8,0x4f,0x04,0x00,
	0xfc,0x67,0x08,0x00,0x04,0x00,0x01,0x04,0x00,0x00,0x00,0x80,0xfc,0x67,0x08,0x00,
	0x00,0x00,0x01,0x04,0x00,0x00,0x00,0x80,0xfc,0x67,0x08,0x00,0x00,0x08,0x01,0x02,
	0x04,0x60,0x38,0x60,0x00,0x00,0x01,0x02,0x68,0x5f,0x9c,0x5f,0x00,0x00,0x00,0x01,
	0x00,0x43,0x04,0x00,0xfc,0x67,0x08,0x00,0x04,0x00,0x01,0x04,0x00,0x00,0x00,0x80,
	0xfc,0x67,0x08,0x00,0x00,0x00,0x01,0x04,0x00,0x00,0x00,0x80,0xfc,0x67,0x08,0x00,
	0x00,0x08,0x01,0x02,0x38,0x60,0x6c,0x60,0x00,0x00,0x01,0x02,0x9c,0x5f,0xd0,0x5f,
	0x00,0x00,0x00,0x01,0x04,0x43,0x04,0x00,0xfc,0x67,0x08,0x00,0x04,0x00,0x01,0x04,
	0x00,0x00,0x00,0x80,0xfc,0x67,0x08,0x00,0x00,0x00,0x01,0x04,0x00,0x00,0x00,0x80,
	0xfc,0x67,0x08,0x00,0x00,0x08,0x01,0x02,0x6c,0x60,0xa0,0x60,0x00,0x00,0x01,0x02,
	0xa0,0x60,0xb8,0x60,0x00,0x00,0x00,0x01,0x08,0x50,0x04,0x00,0xfc,0x67,0x08,0x00,
	0x04,0x00,0x01,0x04,0x00,0x00,0x00,0x40,0xfc,0x67,0x08,0x00,0x00,0x00,0x01,0x04,
	0x00,0x00,0x00,0x00,0xfc,0x67,0x08,0x00,0x00,0x08,0x01,0x02,0x94,0x61,0xa8,0x61,
	0x00,0x00,0x01,0x02,0x34,0x5f,0x68,0x5f,0x00,0x00,0x00,0x01,0xe8,0x4f,0x04,0x00,
	0xfc,0x67,0x08,0x00,0x04,0x00,0x01,0x04,0x00,0x00,0x00,0x40,0xfc,0x67,0x08,0x00,
	0x00,0x00,0x01,0x04,0x00,0x00,0x00,0x00,0xfc,0x67,0x08,0x00,0x00,0x08,0x01,0x02,
	0xa8,0x61,0xbc,0x61,0x00,0x00,0x01,0x02,0x68,0x5f,0x9c,0x5f,0x00,0x00,0x00,0x01,
	0x00,0x43,0x04,0x00,0xfc,0x67,0x08,0x00,0x04,0x00,0x01,0x04,0x00,0x00,0x00,0x40,
	0xfc,0x67,0x08,0x00,0x00,0x00,0x01,0x04,0x00,0x00,0x00,0x00,0xfc,0x67,0x08,0x00,
	0x00,0x08,0x01,0x02,0xbc,0x61,0xd0,0x61,0x00,0x00,0x01,0x02,0x9c,0x5f,0xd0,0x5f,
	0x00,0x00,0x00,0x01,0x04,0x43,0x04,0x00,0xfc,0x67,0x08,0x00,0x04,0x00,0x01,0x04,
	0x00,0x00,0x00,0x40,0xfc,0x67,0x08,0x00,0x00,0x00,0x01,0x04,0x00,0x00,0x00,0x00,
	0xfc,0x67,0x08,0x00,0x00,0x08,0x01,0x02,0xd0,0x61,0xe4,0x61,0x00,0x00,0x01,0x02,
	0xa0,0x60,0xb8,0x60,0x04,0x00,0x01,0x04,0xfe,0xff,0xff,0xff,0x38,0xb0,0x06,0x00,
	0x05,0x00,0x01,0x04,0x00,0x00,0x00,0x04,0x04,0x55,0x04,0x00,0x04,0x00,0x01,0x04,
	0xfe,0xff,0xff,0xff,0x38,0xb0,0x06,0x00,0x01,0x00,0x00,0x06,0x00,0x00,0x00,0x01,
	0x14,0x6e,0x08,0x00,0xe8,0x4f,0x04,0x00,0x00,0x00,0x00,0x01,0x10,0x6e,0x08,0x00,
	0x00,0x43,0x04,0x00,0x00,0x00,0x00,0x01,0x2c,0x69,0x08,0x00,0x60,0x81,0x06,0x00,
	0x00,0x00,0x00,0x01,0x28,0x69,0x08,0x00,0x60,0x82,0x06,0x00,0x00,0x00,0x00,0x01,
	0x24,0x69,0x08,0x00,0x60,0x89,0x06,0x00,0x00,0x00,0x00,0x01,0x20,0x69,0x08,0x00,
	0x60,0x8a,0x06,0x00,0x00,0x00,0x00,0x01,0x1c,0x69,0x08,0x00,0x60,0x91,0x06,0x00,
	0x00,0x00,0x00,0x01,0x18,0x69,0x08,0x00,0x60,0x92,0x06,0x00,0x00,0x00,0x00,0x01,
	0x14,0x69,0x08,0x00,0x60,0x99,0x06,0x00,0x00,0x00,0x00,0x01,0x10,0x69,0x08,0x00,
	0x60,0x9a,0x06,0x00,0x04,0x00,0x01,0x04,0xfe,0xff,0xff,0xff,0x38,0xb0,0x06,0x00,
	0x02,0x00,0x00,0x06,0x00,0x00,0x01,0x02,0xe4,0x61,0x08,0x62,0x03,0x00,0x00,0x06,
	0x00,0x00,0x01,0x03,0xe4,0x61,0x08,0x62,0x00,0x00,0x01,0x02,0x54,0x5c,0xb8,0x5c,
	0x04,0x00,0x00,0x06,0x00,0x00,0x01,0x03,0xe4,0x61,0x08,0x62,0x00,0x00,0x01,0x02,
	0x68,0x5d,0x9c,0x5d,0x05,0x00,0x00,0x06,0x00,0x00,0x01,0x03,0xe4,0x61,0x08,0x62,
	0x00,0x00,0x01,0x02,0x00,0x5e,0x34,0x5f,0x06,0x00,0x00,0x06,0x00,0x00,0x01,0x03,
	0xe4,0x61,0x08,0x62,0x00,0x00,0x01,0x02,0x34,0x5f,0x68,0x5f,0x07,0x00,0x00,0x06,
	0x00,0x00,0x01,0x03,0xe4,0x61,0x08,0x62,0x00,0x00,0x01,0x02,0x68,0x5f,0x9c,0x5f,
	0x08,0x00,0x00,0x06,0x00,0x00,0x01,0x03,0xe4,0x61,0x08,0x62,0x00,0x00,0x01,0x02,
	0x9c,0x5f,0xd0,0x5f,0x09,0x00,0x00,0x06,0x00,0x00,0x01,0x03,0xe4,0x61,0x08,0x62,
	0x00,0x00,0x01,0x02,0xa0,0x60,0xb8,0x60,0x04,0x00,0x01,0x04,0xff,0xff,0xff,0xbf,
	0x04,0x55,0x04,0x00,0x00,0x00,0x01,0x01,0x00,0x00,0x00,0x00,0x3c,0xf0,0x08,0x00,
	0x00,0x00,0x01,0x01,0x00,0x00,0x00,0x00,0x0c,0xf0,0x08,0x00,0x3e,0x3e,0x40,0x40,
	0x40,0x03,0x04,0x0c,0x0a,0x0c,0x00,0x00,0xf3,0x09,0x00,0x00,0x05,0x00,0x01,0x00,
	0x00,0x00,0x09,0x00,0x00,0x00,0x00,0x00,0x00,0x00,0x00,0x00,0x00,0x00,0x00,0x00,
	0x00,0x00,0x00,0x00,0x00,0x00,0x00,0x00,0x00,0x00,0x00,0x00,0x00,0x00,0x00,0x00,
	0x00,0x00,0x00,0x00,0x00,0x00,0x00,0x00,0x34,0x01,0x03,0x31,0x34,0x3c,0x40,0x2f,
	0x36,0x47,0x2f,0x40,0x39,0x40,0x35,0x11,0x2f,0x01,0xfe,0x05,0xfe,0x34,0xd0,0xfd,
	0x34,0x35,0x46,0x39,0x33,0x35,0xd0,0x14,0x09,0x00,0x00,0x00,0x74,0xf0,0x05,0x00,
	0x34,0xf0,0x05,0x00,0x04,0xf0,0x05,0x00,0x38,0xf0,0x05,0x00,0x08,0xf0,0x05,0x00,
	0x3c,0xf0,0x05,0x00,0x0c,0xf0,0x05,0x00,0x40,0xf0,0x05,0x00,0x10,0xf0,0x05,0x00,
	0x00,0x00,0x00,0x00,0x00,0x00,0x00,0x00,0x00,0x00,0x00,0x00,0x00,0x00,0x00,0x00,
	0x00,0x00,0x00,0x00,0x00,0x00,0x00,0x00,0x00,0x00,0x00,0x00,0x00,0x00,0x00,0x00,
	0x00,0x00,0x00,0x00,0x00,0x00,0x00,0x00,0x00,0x00,0x00,0x00,0xc0,0x6f,0x09,0x00,
	0x00,0xdf,0x03,0xc0,0x14,0x21,0x4c,0x21,0x00,0xe0,0x03,0xc0,0x08,0x22,0x40,0x22,
	0x00,0x2c,0x03,0xc0,0xfc,0x22,0x14,0x24,0x00,0x31,0x03,0xc0,0xcc,0x26,0xf8,0x26,
	0x00,0x00,0x00,0x00,0x00,0x00,0x00,0x00,0x00,0x00,0x00,0x00,0x00,0x00,0x00,0x00,
	0x00,0x00,0x00,0x00,0x00,0x00,0x00,0x00,0x00,0x00,0x00,0x00,0x00,0x00,0x00,0x00,
	0x00,0x00,0x00,0x00,0x00,0x00,0x00,0x00,0x00,0x00,0x00,0x00,0x40,0x40,0x0a,0x0c,
	0x05,0x00,0x01,0x00,0x00,0x00,0x00,0x00,0x00,0x00,0x00,0x00,0x00,0x00,0x00,0x00,
	0x00,0x00,0x00,0x00,0x00,0x00,0x00,0x00,0x00,0x00,0x00,0x00,0x00,0x00,0x00,0x00,
	0x00,0x00,0x00,0x00,0x00,0x00,0x00,0x00,0x00,0x00,0x00,0x00,0x00,0x00,0x00,0x00,
	0x00,0x00,0x00,0x00,0x00,0x00,0x00,0x00,0x00,0x00,0x00,0x00,0x00,0x00,0x00,0x00,
	0x00,0x00,0x00,0x00,0x00,0x00,0x00,0x00,0x00,0x00,0x00,0x00,0x00,0x00,0x00,0x00,
	0x00,0x00,0x00,0x00,0x00,0x00,0x00,0x00,0x00,0x00,0x00,0x00,0x00,0x00,0x00,0x00,
	0x00,0x00,0x00,0x00,0x00,0x00,0x00,0x00,0x00,0x00,0x00,0x00,0x00,0x00,0x00,0x00,
	0x00,0x00,0x00,0x00,0x00,0x00,0x00,0x00,0x00,0x00,0x00,0x00,0x00,0x00,0x00,0x00,
	0x00,0x00,0x00,0x00,0x00,0x00,0x00,0x00,0x00,0x00,0x00,0x00,0x00,0x00,0x00,0x00,
	0x00,0x00,0x00,0x00,0x00,0x00,0x00,0x00,0x00,0x00,0x00,0x00,0x00,0x00,0x00,0x00,
	0x00,0x00,0x00,0x00,0x00,0x00,0x00,0x00,0x00,0x00,0x00,0x00,0x00,0x00,0x00,0x00,
	0x00,0x00,0x00,0x00,0x00,0x00,0x00,0x00,0x00,0x00,0x00,0x00,0x00,0x00,0x00,0x00,
	0x00,0x00,0x00,0x00,0x00,0x00,0x00,0x00,0x00,0x00,0x00,0x00,0x00,0x00,0x00,0x00,
	0x00,0x00,0x00,0x00,0x00,0x00,0x00,0x00,0x00,0x00,0x00,0x00,0x00,0x00,0x00,0x00,
	0x00,0x00,0x00,0x00,0x00,0x00,0x00,0x00,0x00,0x00,0x00,0x00,0x00,0x00,0x00,0x00,
	0x00,0x00,0x00,0x00,0x00,0x00,0x00,0x00,0x00,0x00,0x00,0x00,0x00,0x00,0x00,0x00,
	0x00,0x00,0x00,0x00,0x00,0x00,0x00,0x00,0x00,0x00,0x00,0x00,0x00,0x00,0x00,0x00,
	0x00,0x00,0x00,0x00,0x00,0x00,0x00,0x00,0x00,0x00,0x00,0x00,0x00,0x00,0x00,0x00,
	0x00,0x00,0x00,0x00,0x00,0x00,0x00,0x00,0x00,0x00,0x00,0x00,0x00,0x00,0x00,0x00,
	0x00,0x00,0x00,0x00,0x00,0x00,0x00,0x00,0x00,0x00,0x00,0x00,0x00,0x00,0x00,0x00,
	0x00,0x00,0x00,0x00,0x00,0x00,0x00,0x00,0x00,0x00,0x00,0x00,0x00,0x00,0x00,0x00,
	0x00,0x00,0x00,0x00,0x00,0x00,0x00,0x00,0x00,0x00,0x00,0x00,0x00,0x00,0x00,0x00,
	0x00,0x00,0x00,0x00,0x00,0x00,0x00,0x00,0x00,0x00,0x00,0x00,0x00,0x00,0x00,0x00,
	0x00,0x00,0x00,0x00,0x00,0x00,0x00,0x00,0x00,0x00,0x00,0x00,0x00,0x00,0x00,0x00,
	0x00,0x00,0x00,0x00,0x00,0x00,0x00,0x00,0x00,0x00,0x00,0x00,0x00,0x00,0x00,0x00,
	0x00,0x00,0x00,0x00,0x00,0x00,0x00,0x00,0x00,0x00,0x00,0x00,0x00,0x00,0x00,0x00,
	0x00,0x00,0x00,0x00,0x00,0x00,0x00,0x00,0x00,0x00,0x00,0x00,0x00,0x00,0x00,0x00,
	0x00,0x00,0x00,0x00,0x00,0x00,0x00,0x00,0x00,0x00,0x00,0x00,0x00,0x00,0x00,0x00,
	0x00,0x00,0x00,0x00,0x00,0x00,0x00,0x00,0x00,0x00,0x00,0x00,0x00,0x00,0x00,0x00,
	0x00,0x00,0x00,0x00,0x00,0x00,0x00,0x00,0x00,0x00,0x00,0x00,0x00,0x00,0x00,0x00,
	0x00,0x00,0x00,0x00,0x00,0x00,0x00,0x00,0x00,0x00,0x00,0x00,0x00,0x00,0x00,0x00,
	0x00,0x00,0x00,0x00,0x00,0x00,0x00,0x00,0x00,0x00,0x00,0x00,0x00,0x00,0x00,0x00,
	0x00,0x00,0x00,0x00,0x00,0x00,0x00,0x00,0x00,0x00,0x00,0x00,0x00,0x00,0x00,0x00,
	0x00,0x00,0x00,0x00,0x00,0x00,0x00,0x00,0x00,0x00,0x00,0x00,0x00,0x00,0x00,0x00,
	0x00,0x00,0x00,0x00,0x00,0x00,0x00,0x00,0x00,0x00,0x00,0x00,0x00,0x00,0x00,0x00,
	0x00,0x00,0x00,0x00,0x00,0x00,0x00,0x00,0x00,0x00,0x00,0x00,0x00,0x00,0x00,0x00,
	0x00,0x00,0x00,0x00,0x00,0x00,0x00,0x00,0x00,0x00,0x00,0x00,0x00,0x00,0x00,0x00,
	0x00,0x00,0x00,0x00,0x00,0x00,0x00,0x00,0x00,0x00,0x00,0x00,0x00,0x00,0x00,0x00,
	0x00,0x00,0x00,0x00,0x00,0x00,0x00,0x00,0x00,0x00,0x00,0x00,0x00,0x00,0x00,0x00,
	0x00,0x00,0x00,0x00,0x00,0x00,0x00,0x00,0x00,0x00,0x00,0x00,0x00,0x00,0x00,0x00,
	0x00,0x00,0x00,0x00,0x00,0x00,0x00,0x00,0x00,0x00,0x00,0x00,0x00,0x00,0x00,0x00,
	0x00,0x00,0x00,0x00,0x00,0x00,0x00,0x00,0x00,0x00,0x00,0x00,0x00,0x00,0x00,0x00,
	0x00,0x00,0x00,0x00,0x00,0x00,0x00,0x00,0x00,0x00,0x00,0x00,0x00,0x00,0x00,0x00,
	0x00,0x00,0x00,0x00,0x00,0x00,0x00,0x00,0x00,0x00,0x00,0x00,0x00,0x00,0x00,0x00,
	0x00,0x00,0x00,0x00,0x00,0x00,0x00,0x00,0x00,0x00,0x00,0x00,0x00,0x00,0x00,0x00,
	0x00,0x00,0x00,0x00,0x00,0x00,0x00,0x00,0x00,0x00,0x00,0x00,0x00,0x00,0x00,0x00,
	0x00,0x00,0x00,0x00,0x00,0x00,0x00,0x00,0x00,0x00,0x00,0x00,0x00,0x00,0x00,0x00,
	0x00,0x00,0x00,0x00,0x00,0x00,0x00,0x00,0x00,0x00,0x00,0x00,0x00,0x00,0x00,0x00,
	0x00,0x00,0x00,0x00,0x00,0x00,0x00,0x00,0x00,0x00,0x00,0x00,0x00,0x00,0x00,0x00,
	0x00,0x00,0x00,0x00,0x00,0x00,0x00,0x00,0x00,0x00,0x00,0x00,0x00,0x00,0x00,0x00,
	0x00,0x00,0x00,0x00,0x00,0x00,0x00,0x00,0x00,0x00,0x00,0x00,0x00,0x00,0x00,0x00,
	0x00,0x00,0x00,0x00,0x00,0x00,0x00,0x00,0x00,0x00,0x00,0x00,0x00,0x00,0x00,0x00,
	0x00,0x00,0x00,0x00,0x00,0x00,0x00,0x00,0x00,0x00,0x00,0x00,0x00,0x00,0x00,0x00,
	0x00,0x00,0x00,0x00,0x00,0x00,0x00,0x00,0x00,0x00,0x00,0x00,0x00,0x00,0x00,0x00,
	0x00,0x00,0x00,0x00,0x00,0x00,0x00,0x00,0x00,0x00,0x00,0x00,0x00,0x00,0x00,0x00,
	0x00,0x00,0x00,0x00,0x00,0x00,0x00,0x00,0x00,0x00,0x00,0x00,0x00,0x00,0x00,0x00,
	0x00,0x00,0x00,0x00,0x00,0x00,0x00,0x00,0x00,0x00,0x00,0x00,0x00,0x00,0x00,0x00,
	0x00,0x00,0x00,0x00,0x00,0x00,0x00,0x00,0x00,0x00,0x00,0x00,0x00,0x00,0x00,0x00,
	0x00,0x00,0x00,0x00,0x00,0x00,0x00,0x00,0x00,0x00,0x00,0x00,0x00,0x00,0x00,0x00,
	0x00,0x00,0x00,0x00,0x00,0x00,0x00,0x00,0x00,0x00,0x00,0x00,0x00,0x00,0x00,0x00,
	0x00,0x00,0x00,0x00,0x00,0x00,0x00,0x00,0x00,0x00,0x00,0x00,0x00,0x00,0x00,0x00,
	0x00,0x00,0x00,0x00,0x00,0x00,0x00,0x00,0x00,0x00,0x00,0x00,0x00,0x00,0x00,0x00,
	0x00,0x00,0x00,0x00,0x00,0x00,0x00,0x00,0x00,0x00,0x00,0x00,0x00,0x00,0x00,0x00,
	0x00,0x00,0x00,0x00,0x00,0x00,0x00,0x00,0x00,0x00,0x00,0x00,0x00,0x00,0x00,0x00,
	0x00,0x00,0x00,0x00,0x00,0x00,0x00,0x01,0x00,0x32,0x04,0x00,0xbc,0x6f,0x09,0x00,
	0x00,0x00,0x00,0x01,0x08,0x32,0x04,0x00,0xb8,0x6f,0x09,0x00,0x03,0x00,0x00,0x01,
	0x20,0x32,0x04,0x00,0xa8,0x6f,0x09,0x00,0x00,0x00,0x00,0x01,0x04,0x44,0x04,0x00,
	0xa4,0x6f,0x09,0x00,0x00,0x00,0x00,0x01,0x0c,0x44,0x04,0x00,0xa0,0x6f,0x09,0x00,
	0x00,0x00,0x00,0x01,0x70,0x52,0x04,0x00,0x9c,0x6f,0x09,0x00,0x00,0x00,0x00,0x01,
	0x00,0x90,0x04,0x00,0x98,0x6f,0x09,0x00,0x05,0x00,0x00,0x01,0x10,0x90,0x04,0x00,
	0x80,0x6f,0x09,0x00,0x02,0x00,0x00,0x01,0x30,0x90,0x04,0x00,0x74,0x6f,0x09,0x00,
	0x02,0x00,0x00,0x01,0x40,0x90,0x04,0x00,0x68,0x6f,0x09,0x00,0x0c,0x00,0x00,0x01,
	0x50,0x90,0x04,0x00,0x34,0x6f,0x09,0x00,0x05,0x00,0x00,0x01,0x90,0x90,0x04,0x00,
	0x1c,0x6f,0x09,0x00,0x00,0x00,0x00,0x01,0xc8,0x90,0x04,0x00,0x18,0x6f,0x09,0x00,
	0x00,0x00,0x00,0x01,0x00,0x94,0x04,0x00,0x14,0x6f,0x09,0x00,0x00,0x00,0x00,0x01,
	0x04,0x94,0x04,0x00,0x10,0x6f,0x09,0x00,0x00,0x00,0x00,0x01,0x0c,0x94,0x04,0x00,
	0x0c,0x6f,0x09,0x00,0x00,0x00,0x00,0x01,0x20,0x94,0x04,0x00,0x08,0x6f,0x09,0x00,
	0x04,0x00,0x00,0x01,0x30,0x94,0x04,0x00,0xf4,0x6e,0x09,0x00,0x05,0x00,0x00,0x01,
	0x60,0x94,0x04,0x00,0xdc,0x6e,0x09,0x00,0x00,0x00,0x00,0x01,0x00,0xa4,0x04,0x00,
	0xd8,0x6e,0x09,0x00,0x02,0x00,0x00,0x01,0x10,0xa4,0x04,0x00,0xcc,0x6e,0x09,0x00,
	0x02,0x00,0x00,0x01,0x20,0xa4,0x04,0x00,0xc0,0x6e,0x09,0x00,0x02,0x00,0x00,0x01,
	0x30,0xa4,0x04,0x00,0xb4,0x6e,0x09,0x00,0x00,0x00,0x00,0x01,0x80,0xa4,0x04,0x00,
	0xb0,0x6e,0x09,0x00,0x00,0x00,0x00,0x01,0x08,0xa5,0x04,0x00,0xac,0x6e,0x09,0x00,
	0x0e,0x00,0x00,0x01,0x18,0xa5,0x04,0x00,0x70,0x6e,0x09,0x00,0x01,0x00,0x00,0x01,
	0x1c,0x00,0x06,0x00,0x68,0x6e,0x09,0x00,0x05,0x00,0x00,0x01,0x48,0x00,0x06,0x00,
	0x50,0x6e,0x09,0x00,0x02,0x00,0x00,0x01,0x60,0x81,0x06,0x00,0x44,0x6e,0x09,0x00,
	0x00,0x00,0x00,0x01,0x70,0x81,0x06,0x00,0x40,0x6e,0x09,0x00,0x00,0x00,0x00,0x01,
	0x80,0x81,0x06,0x00,0x3c,0x6e,0x09,0x00,0x00,0x00,0x00,0x01,0x88,0x81,0x06,0x00,
	0x38,0x6e,0x09,0x00,0x00,0x00,0x00,0x01,0x94,0x81,0x06,0x00,0x34,0x6e,0x09,0x00,
	0x01,0x00,0x00,0x01,0xa8,0x81,0x06,0x00,0x2c,0x6e,0x09,0x00,0x00,0x00,0x00,0x01,
	0xd0,0x81,0x06,0x00,0x28,0x6e,0x09,0x00,0x02,0x00,0x00,0x01,0x60,0x82,0x06,0x00,
	0x1c,0x6e,0x09,0x00,0x00,0x00,0x00,0x01,0x70,0x82,0x06,0x00,0x18,0x6e,0x09,0x00,
	0x00,0x00,0x00,0x01,0x80,0x82,0x06,0x00,0x14,0x6e,0x09,0x00,0x00,0x00,0x00,0x01,
	0x88,0x82,0x06,0x00,0x10,0x6e,0x09,0x00,0x00,0x00,0x00,0x01,0x94,0x82,0x06,0x00,
	0x0c,0x6e,0x09,0x00,0x01,0x00,0x00,0x01,0xa8,0x82,0x06,0x00,0x04,0x6e,0x09,0x00,
	0x00,0x00,0x00,0x01,0xd0,0x82,0x06,0x00,0x00,0x6e,0x09,0x00,0x00,0x00,0x00,0x01,
	0x00,0x83,0x06,0x00,0xfc,0x6d,0x09,0x00,0x00,0x00,0x00,0x01,0x0c,0x83,0x06,0x00,
	0xf8,0x6d,0x09,0x00,0x00,0x00,0x00,0x01,0x04,0x00,0x07,0x00,0xf4,0x6d,0x09,0x00,
	0x04,0x00,0x00,0x01,0x0c,0x00,0x07,0x00,0xe0,0x6d,0x09,0x00,0x09,0x00,0x00,0x01,
	0x28,0x00,0x07,0x00,0xb8,0x6d,0x09,0x00,0x03,0x00,0x00,0x01,0x54,0x00,0x07,0x00,
	0xa8,0x6d,0x09,0x00,0x00,0x00,0x00,0x01,0x70,0x00,0x07,0x00,0xa4,0x6d,0x09,0x00,
	0x00,0x00,0x00,0x01,0x80,0x00,0x07,0x00,0xa0,0x6d,0x09,0x00,0x00,0x00,0x00,0x01,
	0x88,0x00,0x07,0x00,0x9c,0x6d,0x09,0x00,0x04,0x00,0x00,0x01,0x90,0x00,0x07,0x00,
	0x88,0x6d,0x09,0x00,0x00,0x00,0x00,0x01,0xc0,0x00,0x07,0x00,0x84,0x6d,0x09,0x00,
	0x05,0x00,0x00,0x01,0xd0,0x00,0x07,0x00,0x6c,0x6d,0x09,0x00,0x07,0x00,0x00,0x01,
	0x40,0x01,0x07,0x00,0x4c,0x6d,0x09,0x00,0x00,0x00,0x00,0x01,0x68,0x01,0x07,0x00,
	0x48,0x6d,0x09,0x00,0x08,0x00,0x00,0x01,0x78,0x01,0x07,0x00,0x24,0x6d,0x09,0x00,
	0x08,0x00,0x00,0x01,0xa0,0x01,0x07,0x00,0x00,0x6d,0x09,0x00,0x01,0x00,0x00,0x01,
	0xc8,0x01,0x07,0x00,0xf8,0x6c,0x09,0x00,0x1f,0x00,0x00,0x01,0xe0,0x01,0x07,0x00,
	0x78,0x6c,0x09,0x00,0x01,0x00,0x00,0x01,0x68,0x02,0x07,0x00,0x70,0x6c,0x09,0x00,
	0x08,0x00,0x00,0x01,0x78,0x02,0x07,0x00,0x4c,0x6c,0x09,0x00,0x08,0x00,0x00,0x01,
	0xa0,0x02,0x07,0x00,0x28,0x6c,0x09,0x00,0x01,0x00,0x00,0x01,0xc8,0x02,0x07,0x00,
	0x20,0x6c,0x09,0x00,0x1f,0x00,0x00,0x01,0xe0,0x02,0x07,0x00,0xa0,0x6b,0x09,0x00,
	0x01,0x00,0x00,0x01,0x68,0x03,0x07,0x00,0x98,0x6b,0x09,0x00,0x08,0x00,0x00,0x01,
	0x78,0x03,0x07,0x00,0x74,0x6b,0x09,0x00,0x08,0x00,0x00,0x01,0xa0,0x03,0x07,0x00,
	0x50,0x6b,0x09,0x00,0x01,0x00,0x00,0x01,0xc8,0x03,0x07,0x00,0x48,0x6b,0x09,0x00,
	0x1f,0x00,0x00,0x01,0xe0,0x03,0x07,0x00,0xc8,0x6a,0x09,0x00,0x01,0x00,0x00,0x01,
	0x68,0x04,0x07,0x00,0xc0,0x6a,0x09,0x00,0x07,0x00,0x00,0x01,0x7c,0x04,0x07,0x00,
	0xa0,0x6a,0x09,0x00,0x01,0x00,0x00,0x01,0xa0,0x04,0x07,0x00,0x98,0x6a,0x09,0x00,
	0x05,0x00,0x00,0x01,0xac,0x04,0x07,0x00,0x80,0x6a,0x09,0x00,0x00,0x00,0x00,0x01,
	0xcc,0x04,0x07,0x00,0x7c,0x6a,0x09,0x00,0x07,0x00,0x00,0x01,0x40,0x05,0x07,0x00,
	0x5c,0x6a,0x09,0x00,0x01,0x00,0x00,0x01,0x68,0x05,0x07,0x00,0x54,0x6a,0x09,0x00,
	0x07,0x00,0x00,0x01,0x7c,0x05,0x07,0x00,0x34,0x6a,0x09,0x00,0x01,0x00,0x00,0x01,
	0xa0,0x05,0x07,0x00,0x2c,0x6a,0x09,0x00,0x05,0x00,0x00,0x01,0xac,0x05,0x07,0x00,
	0x14,0x6a,0x09,0x00,0x00,0x00,0x00,0x01,0xcc,0x05,0x07,0x00,0x10,0x6a,0x09,0x00,
	0x07,0x00,0x00,0x01,0x40,0x06,0x07,0x00,0xf0,0x69,0x09,0x00,0x01,0x00,0x00,0x01,
	0x68,0x06,0x07,0x00,0xe8,0x69,0x09,0x00,0x00,0x00,0x00,0x01,0x7c,0x06,0x07,0x00,
	0xe4,0x69,0x09,0x00,0x00,0x00,0x00,0x01,0x80,0x08,0x07,0x00,0xe0,0x69,0x09,0x00,
	0x03,0x00,0x00,0x01,0x90,0x08,0x07,0x00,0xd0,0x69,0x09,0x00,0x03,0x00,0x00,0x01,
	0xb0,0x08,0x07,0x00,0xc0,0x69,0x09,0x00,0x03,0x00,0x00,0x01,0xd0,0x08,0x07,0x00,
	0xb0,0x69,0x09,0x00,0x03,0x00,0x00,0x01,0xf0,0x08,0x07,0x00,0xa0,0x69,0x09,0x00,
	0x03,0x00,0x00,0x01,0x20,0x09,0x07,0x00,0x90,0x69,0x09,0x00,0x02,0x00,0x00,0x01,
	0x0c,0x0b,0x07,0x00,0x84,0x69,0x09,0x00,0x00,0x00,0x00,0x01,0x1c,0x0b,0x07,0x00,
	0x80,0x69,0x09,0x00,0x00,0x00,0x00,0x01,0x28,0x0b,0x07,0x00,0x7c,0x69,0x09,0x00,
	0x06,0x00,0x00,0x01,0x30,0x0b,0x07,0x00,0x60,0x69,0x09,0x00,0x00,0x00,0x00,0x01,
	0xf0,0x0b,0x07,0x00,0x5c,0x69,0x09,0x00,0x02,0x00,0x00,0x01,0x0c,0x0c,0x07,0x00,
	0x50,0x69,0x09,0x00,0x00,0x00,0x00,0x01,0x1c,0x0c,0x07,0x00,0x4c,0x69,0x09,0x00,
	0x00,0x00,0x00,0x01,0x28,0x0c,0x07,0x00,0x48,0x69,0x09,0x00,0x06,0x00,0x00,0x01,
	0x30,0x0c,0x07,0x00,0x2c,0x69,0x09,0x00,0x00,0x00,0x00,0x01,0xf0,0x0c,0x07,0x00,
	0x28,0x69,0x09,0x00,0x02,0x00,0x00,0x01,0x0c,0x0d,0x07,0x00,0x1c,0x69,0x09,0x00,
	0x00,0x00,0x00,0x01,0x1c,0x0d,0x07,0x00,0x18,0x69,0x09,0x00,0x00,0x00,0x00,0x01,
	0x28,0x0d,0x07,0x00,0x14,0x69,0x09,0x00,0x06,0x00,0x00,0x01,0x30,0x0d,0x07,0x00,
	0xf8,0x68,0x09,0x00,0x00,0x00,0x00,0x01,0xf0,0x0d,0x07,0x00,0xf4,0x68,0x09,0x00,
	0x0a,0x00,0x00,0x01,0x00,0x80,0x07,0x00,0xc8,0x68,0x09,0x00,0x00,0x00,0x00,0x01,
	0x34,0x80,0x07,0x00,0xc4,0x68,0x09,0x00,0x04,0x00,0x00,0x01,0x50,0x80,0x07,0x00,
	0xb0,0x68,0x09,0x00,0x10,0x00,0x00,0x01,0x70,0x80,0x07,0x00,0x6c,0x68,0x09,0x00,
	0x08,0x00,0x00,0x01,0x08,0x81,0x07,0x00,0x48,0x68,0x09,0x00,0x00,0x00,0x00,0x01,
	0x34,0x81,0x07,0x00,0x44,0x68,0x09,0x00,0x04,0x00,0x00,0x01,0x50,0x81,0x07,0x00,
	0x30,0x68,0x09,0x00,0x05,0x00,0x00,0x01,0x70,0x81,0x07,0x00,0x18,0x68,0x09,0x00,
	0x0a,0x00,0x00,0x01,0x88,0x81,0x07,0x00,0xec,0x67,0x09,0x00,0x00,0x00,0x00,0x01,
	0xc0,0x90,0x04,0x00,0xe8,0x67,0x09,0x00,0x05,0x00,0x01,0x04,0x00,0x08,0x00,0x00,
	0xc0,0x90,0x04,0x00,0x04,0x00,0x01,0x04,0x80,0xff,0xff,0xff,0xc0,0x90,0x04,0x00,
	0x60,0x00,0x00,0x01,0xc4,0x90,0x04,0x00,0xec,0x61,0x09,0x00,0x04,0x00,0x01,0x04,
	0xff,0xf7,0xff,0xff,0xc0,0x90,0x04,0x00,0x04,0x00,0x01,0x04,0x80,0xff,0xff,0xff,
	0xc0,0x90,0x04,0x00,0x5f,0x00,0x00,0x01,0xc4,0x90,0x04,0x00,0x6c,0x61,0x09,0x00,
	0x00,0x00,0x00,0x01,0xe8,0x67,0x09,0x00,0xc0,0x90,0x04,0x00,0x00,0x00,0x00,0x01,
	0x84,0xa4,0x04,0x00,0xe4,0x67,0x09,0x00,0x00,0x00,0x01,0x01,0x00,0x04,0x00,0x00,
	0x84,0xa4,0x04,0x00,0x7e,0x00,0x00,0x01,0x88,0xa4,0x04,0x00,0x60,0x5f,0x09,0x00,
	0x7e,0x00,0x00,0x01,0x88,0xa4,0x04,0x00,0x5c,0x60,0x09,0x00,0x44,0x00,0x00,0x01,
	0x88,0xa4,0x04,0x00,0x58,0x61,0x09,0x00,0x00,0x00,0x00,0x01,0xe4,0x67,0x09,0x00,
	0x84,0xa4,0x04,0x00,0x00,0x00,0x00,0x01,0x00,0xa5,0x04,0x00,0xe0,0x67,0x09,0x00,
	0x00,0x00,0x01,0x01,0x00,0x04,0x00,0x00,0x00,0xa5,0x04,0x00,0x7e,0x00,0x00,0x01,
	0x04,0xa5,0x04,0x00,0x3c,0x4a,0x09,0x00,0x7e,0x00,0x00,0x01,0x04,0xa5,0x04,0x00,
	0x38,0x4b,0x09,0x00,0x42,0x00,0x00,0x01,0x04,0xa5,0x04,0x00,0x34,0x4c,0x09,0x00,
	0x00,0x00,0x00,0x01,0xe0,0x67,0x09,0x00,0x00,0xa5,0x04,0x00,0x00,0x00,0x00,0x01,
	0x98,0x81,0x06,0x00,0xdc,0x67,0x09,0x00,0x00,0x00,0x01,0x01,0x00,0x04,0x00,0x00,
	0x98,0x81,0x06,0x00,0x7b,0x00,0x00,0x01,0x9c,0x81,0x06,0x00,0x70,0x5e,0x09,0x00,
	0x00,0x00,0x00,0x01,0xdc,0x67,0x09,0x00,0x98,0x81,0x06,0x00,0x00,0x00,0x00,0x01,
	0xa0,0x81,0x06,0x00,0xd8,0x67,0x09,0x00,0x00,0x00,0x01,0x01,0x00,0x04,0x00,0x00,
	0xa0,0x81,0x06,0x00,0x7b,0x00,0x00,0x01,0xa4,0x81,0x06,0x00,0x80,0x5d,0x09,0x00,
	0x00,0x00,0x00,0x01,0xd8,0x67,0x09,0x00,0xa0,0x81,0x06,0x00,0x00,0x00,0x00,0x01,
	0x98,0x82,0x06,0x00,0xd4,0x67,0x09,0x00,0x00,0x00,0x01,0x01,0x00,0x04,0x00,0x00,
	0x98,0x82,0x06,0x00,0x7b,0x00,0x00,0x01,0x9c,0x82,0x06,0x00,0x90,0x5c,0x09,0x00,
	0x00,0x00,0x00,0x01,0xd4,0x67,0x09,0x00,0x98,0x82,0x06,0x00,0x00,0x00,0x00,0x01,
	0xa0,0x82,0x06,0x00,0xd0,0x67,0x09,0x00,0x00,0x00,0x01,0x01,0x00,0x04,0x00,0x00,
	0xa0,0x82,0x06,0x00,0x7b,0x00,0x00,0x01,0xa4,0x82,0x06,0x00,0xa0,0x5b,0x09,0x00,
	0x00,0x00,0x00,0x01,0xd0,0x67,0x09,0x00,0xa0,0x82,0x06,0x00,0x00,0x00,0x00,0x01,
	0x04,0x83,0x06,0x00,0xcc,0x67,0x09,0x00,0x00,0x00,0x01,0x01,0x00,0x00,0x01,0x00,
	0x04,0x83,0x06,0x00,0x7e,0x00,0x00,0x01,0x08,0x83,0x06,0x00,0xf4,0x58,0x09,0x00,
	0x7e,0x00,0x00,0x01,0x08,0x83,0x06,0x00,0xf0,0x59,0x09,0x00,0x6c,0x00,0x00,0x01,
	0x08,0x83,0x06,0x00,0xec,0x5a,0x09,0x00,0x00,0x00,0x00,0x01,0xcc,0x67,0x09,0x00,
	0x04,0x83,0x06,0x00,0x00,0x00,0x00,0x01,0xb0,0x00,0x07,0x00,0xc8,0x67,0x09,0x00,
	0x00,0x00,0x01,0x01,0x00,0x04,0x00,0x00,0xb0,0x00,0x07,0x00,0x62,0x00,0x00,0x01,
	0xb4,0x00,0x07,0x00,0x68,0x58,0x09,0x00,0x00,0x00,0x00,0x01,0xc8,0x67,0x09,0x00,
	0xb0,0x00,0x07,0x00,0x00,0x00,0x00,0x01,0x60,0x01,0x07,0x00,0xc4,0x67,0x09,0x00,
	0x00,0x00,0x01,0x01,0x00,0x04,0x00,0x00,0x60,0x01,0x07,0x00,0x48,0x00,0x00,0x01,
	0x64,0x01,0x07,0x00,0x18,0x4a,0x09,0x00,0x00,0x00,0x00,0x01,0xc4,0x67,0x09,0x00,
	0x60,0x01,0x07,0x00,0x00,0x00,0x00,0x01,0xd0,0x01,0x07,0x00,0xc0,0x67,0x09,0x00,
	0x00,0x00,0x01,0x01,0x00,0x04,0x00,0x00,0xd0,0x01,0x07,0x00,0x7e,0x00,0x00,0x01,
	0xd4,0x01,0x07,0x00,0x5c,0x56,0x09,0x00,0x7e,0x00,0x00,0x01,0xd4,0x01,0x07,0x00,
	0x58,0x57,0x09,0x00,0x44,0x00,0x00,0x01,0xd4,0x01,0x07,0x00,0x54,0x58,0x09,0x00,
	0x00,0x00,0x00,0x01,0xc0,0x67,0x09,0x00,0xd0,0x01,0x07,0x00,0x00,0x00,0x00,0x01,
	0xd8,0x01,0x07,0x00,0xbc,0x67,0x09,0x00,0x00,0x00,0x01,0x01,0x00,0x04,0x00,0x00,
	0xd8,0x01,0x07,0x00,0x62,0x00,0x00,0x01,0xdc,0x01,0x07,0x00,0xd0,0x55,0x09,0x00,
	0x00,0x00,0x00,0x01,0xbc,0x67,0x09,0x00,0xd8,0x01,0x07,0x00,0x00,0x00,0x00,0x01,
	0x60,0x02,0x07,0x00,0xb8,0x67,0x09,0x00,0x00,0x00,0x01,0x01,0x00,0x04,0x00,0x00,
	0x60,0x02,0x07,0x00,0x48,0x00,0x00,0x01,0x64,0x02,0x07,0x00,0xf4,0x49,0x09,0x00,
	0x00,0x00,0x00,0x01,0xb8,0x67,0x09,0x00,0x60,0x02,0x07,0x00,0x00,0x00,0x00,0x01,
	0xd0,0x02,0x07,0x00,0xb4,0x67,0x09,0x00,0x00,0x00,0x01,0x01,0x00,0x04,0x00,0x00,
	0xd0,0x02,0x07,0x00,0x7e,0x00,0x00,0x01,0xd4,0x02,0x07,0x00,0xc4,0x53,0x09,0x00,
	0x7e,0x00,0x00,0x01,0xd4,0x02,0x07,0x00,0xc0,0x54,0x09,0x00,0x44,0x00,0x00,0x01,
	0xd4,0x02,0x07,0x00,0xbc,0x55,0x09,0x00,0x00,0x00,0x00,0x01,0xb4,0x67,0x09,0x00,
	0xd0,0x02,0x07,0x00,0x00,0x00,0x00,0x01,0xd8,0x02,0x07,0x00,0xb0,0x67,0x09,0x00,
	0x00,0x00,0x01,0x01,0x00,0x04,0x00,0x00,0xd8,0x02,0x07,0x00,0x62,0x00,0x00,0x01,
	0xdc,0x02,0x07,0x00,0x38,0x53,0x09,0x00,0x00,0x00,0x00,0x01,0xb0,0x67,0x09,0x00,
	0xd8,0x02,0x07,0x00,0x00,0x00,0x00,0x01,0x60,0x03,0x07,0x00,0xac,0x67,0x09,0x00,
	0x00,0x00,0x01,0x01,0x00,0x04,0x00,0x00,0x60,0x03,0x07,0x00,0x48,0x00,0x00,0x01,
	0x64,0x03,0x07,0x00,0xd0,0x49,0x09,0x00,0x00,0x00,0x00,0x01,0xac,0x67,0x09,0x00,
	0x60,0x03,0x07,0x00,0x00,0x00,0x00,0x01,0xd0,0x03,0x07,0x00,0xa8,0x67,0x09,0x00,
	0x00,0x00,0x01,0x01,0x00,0x04,0x00,0x00,0xd0,0x03,0x07,0x00,0x7e,0x00,0x00,0x01,
	0xd4,0x03,0x07,0x00,0x2c,0x51,0x09,0x00,0x7e,0x00,0x00,0x01,0xd4,0x03,0x07,0x00,
	0x28,0x52,0x09,0x00,0x44,0x00,0x00,0x01,0xd4,0x03,0x07,0x00,0x24,0x53,0x09,0x00,
	0x00,0x00,0x00,0x01,0xa8,0x67,0x09,0x00,0xd0,0x03,0x07,0x00,0x00,0x00,0x00,0x01,
	0xd8,0x03,0x07,0x00,0xa4,0x67,0x09,0x00,0x00,0x00,0x01,0x01,0x00,0x04,0x00,0x00,
	0xd8,0x03,0x07,0x00,0x62,0x00,0x00,0x01,0xdc,0x03,0x07,0x00,0xa0,0x50,0x09,0x00,
	0x00,0x00,0x00,0x01,0xa4,0x67,0x09,0x00,0xd8,0x03,0x07,0x00,0x00,0x00,0x00,0x01,
	0xd0,0x04,0x07,0x00,0xa0,0x67,0x09,0x00,0x00,0x00,0x01,0x01,0x00,0x04,0x00,0x00,
	0xd0,0x04,0x07,0x00,0x62,0x00,0x00,0x01,0xd4,0x04,0x07,0x00,0x14,0x50,0x09,0x00,
	0x00,0x00,0x00,0x01,0xa0,0x67,0x09,0x00,0xd0,0x04,0x07,0x00,0x00,0x00,0x00,0x01,
	0xd8,0x04,0x07,0x00,0x9c,0x67,0x09,0x00,0x00,0x00,0x01,0x01,0x00,0x04,0x00,0x00,
	0xd8,0x04,0x07,0x00,0x62,0x00,0x00,0x01,0xdc,0x04,0x07,0x00,0x88,0x4f,0x09,0x00,
	0x00,0x00,0x00,0x01,0x9c,0x67,0x09,0x00,0xd8,0x04,0x07,0x00,0x00,0x00,0x00,0x01,
	0xd0,0x05,0x07,0x00,0x98,0x67,0x09,0x00,0x00,0x00,0x01,0x01,0x00,0x04,0x00,0x00,
	0xd0,0x05,0x07,0x00,0x62,0x00,0x00,0x01,0xd4,0x05,0x07,0x00,0xfc,0x4e,0x09,0x00,
	0x00,0x00,0x00,0x01,0x98,0x67,0x09,0x00,0xd0,0x05,0x07,0x00,0x00,0x00,0x00,0x01,
	0xd8,0x05,0x07,0x00,0x94,0x67,0x09,0x00,0x00,0x00,0x01,0x01,0x00,0x04,0x00,0x00,
	0xd8,0x05,0x07,0x00,0x62,0x00,0x00,0x01,0xdc,0x05,0x07,0x00,0x70,0x4e,0x09,0x00,
	0x00,0x00,0x00,0x01,0x94,0x67,0x09,0x00,0xd8,0x05,0x07,0x00,0x00,0x00,0x00,0x01,
	0x00,0xf3,0x05,0x00,0x90,0x67,0x09,0x00,0x00,0x00,0x00,0x01,0x04,0xf3,0x05,0x00,
	0x8c,0x67,0x09,0x00,0x00,0x00,0x00,0x01,0x08,0xf3,0x05,0x00,0x88,0x67,0x09,0x00,
	0x00,0x00,0x00,0x01,0x28,0x90,0x04,0x00,0x84,0x67,0x09,0x00,0x00,0x00,0x00,0x01,
	0x74,0x81,0x06,0x00,0x80,0x67,0x09,0x00,0x00,0x00,0x00,0x01,0x74,0x82,0x06,0x00,
	0x7c,0x67,0x09,0x00,0x00,0x00,0x00,0x01,0x84,0x00,0x07,0x00,0x78,0x67,0x09,0x00,
	0x00,0x00,0x00,0x01,0x9c,0x01,0x07,0x00,0x74,0x67,0x09,0x00,0x00,0x00,0x00,0x01,
	0x9c,0x02,0x07,0x00,0x70,0x67,0x09,0x00,0x00,0x00,0x00,0x01,0x9c,0x03,0x07,0x00,
	0x6c,0x67,0x09,0x00,0x00,0x00,0x00,0x01,0x9c,0x04,0x07,0x00,0x68,0x67,0x09,0x00,
	0x00,0x00,0x00,0x01,0x9c,0x05,0x07,0x00,0x64,0x67,0x09,0x00,0x05,0x00,0x01,0x04,
	0x02,0x00,0x00,0x00,0xf0,0xf3,0x05,0x00,0x06,0x00,0x00,0x01,0x00,0x00,0x06,0x00,
	0x48,0x67,0x09,0x00,0x04,0x00,0x00,0x01,0x24,0x00,0x06,0x00,0x34,0x67,0x09,0x00,
	0x00,0x00,0x00,0x01,0x40,0x00,0x06,0x00,0x30,0x67,0x09,0x00,0x03,0x00,0x00,0x01,
	0x74,0x00,0x06,0x00,0x20,0x67,0x09,0x00,0x02,0x00,0x00,0x01,0xa0,0x00,0x06,0x00,
	0x14,0x67,0x09,0x00,0x00,0x00,0x00,0x01,0x10,0x02,0x06,0x00,0x10,0x67,0x09,0x00,
	0x07,0x00,0x00,0x01,0x20,0x02,0x06,0x00,0xf0,0x66,0x09,0x00,0x07,0x00,0x00,0x01,
	0x60,0x02,0x06,0x00,0xd0,0x66,0x09,0x00,0x07,0x00,0x00,0x01,0xa0,0x02,0x06,0x00,
	0xb0,0x66,0x09,0x00,0x08,0x00,0x00,0x01,0xe0,0x02,0x06,0x00,0x8c,0x66,0x09,0x00,
	0x08,0x00,0x00,0x01,0x20,0x03,0x06,0x00,0x68,0x66,0x09,0x00,0x20,0x00,0x00,0x01,
	0x50,0x03,0x06,0x00,0xe4,0x65,0x09,0x00,0x00,0x00,0x00,0x01,0x10,0x04,0x06,0x00,
	0xe0,0x65,0x09,0x00,0x00,0x00,0x00,0x01,0x20,0x04,0x06,0x00,0xdc,0x65,0x09,0x00,
	0x01,0x00,0x00,0x01,0x28,0x04,0x06,0x00,0xd4,0x65,0x09,0x00,0x08,0x00,0x00,0x01,
	0x3c,0x04,0x06,0x00,0xb0,0x65,0x09,0x00,0x00,0x00,0x00,0x01,0x80,0x04,0x06,0x00,
	0xac,0x65,0x09,0x00,0x08,0x00,0x00,0x01,0x84,0x04,0x06,0x00,0x88,0x65,0x09,0x00,
	0x00,0x00,0x00,0x01,0x44,0x05,0x06,0x00,0x84,0x65,0x09,0x00,0x00,0x00,0x00,0x01,
	0xe0,0x05,0x06,0x00,0x80,0x65,0x09,0x00,0x02,0x00,0x00,0x01,0xf4,0x05,0x06,0x00,
	0x74,0x65,0x09,0x00,0x01,0x00,0x00,0x01,0x14,0x08,0x06,0x00,0x6c,0x65,0x09,0x00,
	0x00,0x00,0x00,0x01,0x48,0x08,0x06,0x00,0x68,0x65,0x09,0x00,0x00,0x00,0x00,0x01,
	0x10,0x09,0x06,0x00,0x64,0x65,0x09,0x00,0x00,0x00,0x00,0x01,0x48,0x09,0x06,0x00,
	0x60,0x65,0x09,0x00,0x00,0x00,0x00,0x01,0x60,0x0a,0x06,0x00,0x5c,0x65,0x09,0x00,
	0x00,0x00,0x00,0x01,0x70,0x0a,0x06,0x00,0x58,0x65,0x09,0x00,0x07,0x00,0x00,0x01,
	0x10,0x40,0x06,0x00,0x38,0x65,0x09,0x00,0x00,0x00,0x00,0x01,0x50,0x40,0x06,0x00,
	0x34,0x65,0x09,0x00,0x00,0x00,0x00,0x01,0x70,0x40,0x06,0x00,0x30,0x65,0x09,0x00,
	0x01,0x00,0x00,0x01,0x90,0x40,0x06,0x00,0x28,0x65,0x09,0x00,0x0b,0x00,0x00,0x01,
	0xa0,0x40,0x06,0x00,0xf8,0x64,0x09,0x00,0x07,0x00,0x00,0x01,0x10,0x41,0x06,0x00,
	0xd8,0x64,0x09,0x00,0x00,0x00,0x00,0x01,0x50,0x41,0x06,0x00,0xd4,0x64,0x09,0x00,
	0x00,0x00,0x00,0x01,0x70,0x41,0x06,0x00,0xd0,0x64,0x09,0x00,0x01,0x00,0x00,0x01,
	0x90,0x41,0x06,0x00,0xc8,0x64,0x09,0x00,0x02,0x00,0x00,0x01,0x90,0x64,0x06,0x00,
	0xbc,0x64,0x09,0x00,0x00,0x00,0x00,0x01,0xb0,0x64,0x06,0x00,0xb8,0x64,0x09,0x00,
	0x02,0x00,0x00,0x01,0x90,0x65,0x06,0x00,0xac,0x64,0x09,0x00,0x00,0x00,0x00,0x01,
	0xb0,0x65,0x06,0x00,0xa8,0x64,0x09,0x00,0x02,0x00,0x00,0x01,0x90,0x66,0x06,0x00,
	0x9c,0x64,0x09,0x00,0x00,0x00,0x00,0x01,0xb0,0x66,0x06,0x00,0x98,0x64,0x09,0x00,
	0x02,0x00,0x00,0x01,0x90,0x67,0x06,0x00,0x8c,0x64,0x09,0x00,0x00,0x00,0x00,0x01,
	0xb0,0x67,0x06,0x00,0x88,0x64,0x09,0x00,0x03,0x00,0x00,0x01,0x00,0x6f,0x06,0x00,
	0x78,0x64,0x09,0x00,0x00,0x00,0x00,0x01,0x00,0x70,0x06,0x00,0x74,0x64,0x09,0x00,
	0x01,0x00,0x00,0x01,0x10,0x70,0x06,0x00,0x6c,0x64,0x09,0x00,0x01,0x00,0x00,0x01,
	0x54,0x70,0x06,0x00,0x64,0x64,0x09,0x00,0x00,0x00,0x00,0x01,0x08,0xb0,0x06,0x00,
	0x60,0x64,0x09,0x00,0x00,0x00,0x00,0x01,0x14,0xb0,0x06,0x00,0x5c,0x64,0x09,0x00,
	0x01,0x00,0x00,0x01,0x24,0xb0,0x06,0x00,0x54,0x64,0x09,0x00,0x02,0x00,0x00,0x01,
	0x30,0xb0,0x06,0x00,0x48,0x64,0x09,0x00,0x04,0x00,0x00,0x01,0x40,0xb0,0x06,0x00,
	0x34,0x64,0x09,0x00,0x01,0x00,0x00,0x01,0x70,0xb0,0x06,0x00,0x2c,0x64,0x09,0x00,
	0x04,0x00,0x00,0x01,0x80,0xb0,0x06,0x00,0x18,0x64,0x09,0x00,0x01,0x00,0x00,0x01,
	0x9c,0xb0,0x06,0x00,0x10,0x64,0x09,0x00,0x00,0x00,0x00,0x01,0xa8,0xb0,0x06,0x00,
	0x0c,0x64,0x09,0x00,0x01,0x00,0x00,0x01,0xc0,0xb0,0x06,0x00,0x04,0x64,0x09,0x00,
	0x01,0x00,0x00,0x01,0xd0,0xb0,0x06,0x00,0xfc,0x63,0x09,0x00,0x00,0x00,0x00,0x01,
	0x04,0xb4,0x06,0x00,0xf8,0x63,0x09,0x00,0x00,0x00,0x00,0x01,0x00,0xb8,0x06,0x00,
	0xf4,0x63,0x09,0x00,0x00,0x00,0x00,0x01,0x08,0xb8,0x06,0x00,0xf0,0x63,0x09,0x00,
	0x00,0x00,0x00,0x01,0x14,0xb8,0x06,0x00,0xec,0x63,0x09,0x00,0x01,0x00,0x00,0x01,
	0x24,0xb8,0x06,0x00,0xe4,0x63,0x09,0x00,0x01,0x00,0x00,0x01,0x30,0xb8,0x06,0x00,
	0xdc,0x63,0x09,0x00,0x04,0x00,0x00,0x01,0x40,0xb8,0x06,0x00,0xc8,0x63,0x09,0x00,
	0x01,0x00,0x00,0x01,0x70,0xb8,0x06,0x00,0xc0,0x63,0x09,0x00,0x04,0x00,0x00,0x01,
	0x80,0xb8,0x06,0x00,0xac,0x63,0x09,0x00,0x01,0x00,0x00,0x01,0x9c,0xb8,0x06,0x00,
	0xa4,0x63,0x09,0x00,0x00,0x00,0x00,0x01,0xa8,0xb8,0x06,0x00,0xa0,0x63,0x09,0x00,
	0x01,0x00,0x00,0x01,0xc0,0xb8,0x06,0x00,0x98,0x63,0x09,0x00,0x01,0x00,0x00,0x01,
	0xd0,0xb8,0x06,0x00,0x90,0x63,0x09,0x00,0x00,0x00,0x00,0x01,0x04,0xbc,0x06,0x00,
	0x8c,0x63,0x09,0x00,0x00,0x00,0x00,0x01,0x20,0xb0,0x07,0x00,0x88,0x63,0x09,0x00,
	0x00,0x00,0x00,0x01,0x20,0xb8,0x07,0x00,0x84,0x63,0x09,0x00,0x05,0x00,0x01,0x04,
	0x01,0x00,0x00,0x00,0xf0,0xf3,0x05,0x00,0x00,0x00,0x01,0x03,0x08,0x04,0xdc,0x0e,
	0x00,0x00,0x01,0x03,0xdc,0x0e,0x6c,0x12,0x00,0x00,0x01,0x03,0xdc,0x0e,0x6c,0x12,
	0x06,0x00,0x00,0x01,0x48,0x67,0x09,0x00,0x00,0x00,0x06,0x00,0x04,0x00,0x00,0x01,
	0x34,0x67,0x09,0x00,0x24,0x00,0x06,0x00,0x00,0x00,0x00,0x01,0x30,0x67,0x09,0x00,
	0x40,0x00,0x06,0x00,0x03,0x00,0x00,0x01,0x20,0x67,0x09,0x00,0x74,0x00,0x06,0x00,
	0x02,0x00,0x00,0x01,0x14,0x67,0x09,0x00,0xa0,0x00,0x06,0x00,0x00,0x00,0x00,0x01,
	0x10,0x67,0x09,0x00,0x10,0x02,0x06,0x00,0x07,0x00,0x00,0x01,0xf0,0x66,0x09,0x00,
	0x20,0x02,0x06,0x00,0x07,0x00,0x00,0x01,0xd0,0x66,0x09,0x00,0x60,0x02,0x06,0x00,
	0x07,0x00,0x00,0x01,0xb0,0x66,0x09,0x00,0xa0,0x02,0x06,0x00,0x08,0x00,0x00,0x01,
	0x8c,0x66,0x09,0x00,0xe0,0x02,0x06,0x00,0x08,0x00,0x00,0x01,0x68,0x66,0x09,0x00,
	0x20,0x03,0x06,0x00,0x20,0x00,0x00,0x01,0xe4,0x65,0x09,0x00,0x50,0x03,0x06,0x00,
	0x00,0x00,0x00,0x01,0xe0,0x65,0x09,0x00,0x10,0x04,0x06,0x00,0x00,0x00,0x00,0x01,
	0xdc,0x65,0x09,0x00,0x20,0x04,0x06,0x00,0x01,0x00,0x00,0x01,0xd4,0x65,0x09,0x00,
	0x28,0x04,0x06,0x00,0x08,0x00,0x00,0x01,0xb0,0x65,0x09,0x00,0x3c,0x04,0x06,0x00,
	0x00,0x00,0x00,0x01,0xac,0x65,0x09,0x00,0x80,0x04,0x06,0x00,0x08,0x00,0x00,0x01,
	0x88,0x65,0x09,0x00,0x84,0x04,0x06,0x00,0x00,0x00,0x00,0x01,0x84,0x65,0x09,0x00,
	0x44,0x05,0x06,0x00,0x00,0x00,0x00,0x01,0x80,0x65,0x09,0x00,0xe0,0x05,0x06,0x00,
	0x02,0x00,0x00,0x01,0x74,0x65,0x09,0x00,0xf4,0x05,0x06,0x00,0x01,0x00,0x00,0x01,
	0x6c,0x65,0x09,0x00,0x14,0x08,0x06,0x00,0x00,0x00,0x00,0x01,0x68,0x65,0x09,0x00,
	0x48,0x08,0x06,0x00,0x00,0x00,0x00,0x01,0x64,0x65,0x09,0x00,0x10,0x09,0x06,0x00,
	0x00,0x00,0x00,0x01,0x60,0x65,0x09,0x00,0x48,0x09,0x06,0x00,0x00,0x00,0x00,0x01,
	0x5c,0x65,0x09,0x00,0x60,0x0a,0x06,0x00,0x00,0x00,0x00,0x01,0x58,0x65,0x09,0x00,
	0x70,0x0a,0x06,0x00,0x07,0x00,0x00,0x01,0x38,0x65,0x09,0x00,0x10,0x40,0x06,0x00,
	0x00,0x00,0x00,0x01,0x34,0x65,0x09,0x00,0x50,0x40,0x06,0x00,0x00,0x00,0x00,0x01,
	0x30,0x65,0x09,0x00,0x70,0x40,0x06,0x00,0x01,0x00,0x00,0x01,0x28,0x65,0x09,0x00,
	0x90,0x40,0x06,0x00,0x0b,0x00,0x00,0x01,0xf8,0x64,0x09,0x00,0xa0,0x40,0x06,0x00,
	0x07,0x00,0x00,0x01,0xd8,0x64,0x09,0x00,0x10,0x41,0x06,0x00,0x00,0x00,0x00,0x01,
	0xd4,0x64,0x09,0x00,0x50,0x41,0x06,0x00,0x00,0x00,0x00,0x01,0xd0,0x64,0x09,0x00,
	0x70,0x41,0x06,0x00,0x01,0x00,0x00,0x01,0xc8,0x64,0x09,0x00,0x90,0x41,0x06,0x00,
	0x02,0x00,0x00,0x01,0xbc,0x64,0x09,0x00,0x90,0x64,0x06,0x00,0x00,0x00,0x00,0x01,
	0xb8,0x64,0x09,0x00,0xb0,0x64,0x06,0x00,0x02,0x00,0x00,0x01,0xac,0x64,0x09,0x00,
	0x90,0x65,0x06,0x00,0x00,0x00,0x00,0x01,0xa8,0x64,0x09,0x00,0xb0,0x65,0x06,0x00,
	0x02,0x00,0x00,0x01,0x9c,0x64,0x09,0x00,0x90,0x66,0x06,0x00,0x00,0x00,0x00,0x01,
	0x98,0x64,0x09,0x00,0xb0,0x66,0x06,0x00,0x02,0x00,0x00,0x01,0x8c,0x64,0x09,0x00,
	0x90,0x67,0x06,0x00,0x00,0x00,0x00,0x01,0x88,0x64,0x09,0x00,0xb0,0x67,0x06,0x00,
	0x03,0x00,0x00,0x01,0x78,0x64,0x09,0x00,0x00,0x6f,0x06,0x00,0x00,0x00,0x00,0x01,
	0x74,0x64,0x09,0x00,0x00,0x70,0x06,0x00,0x01,0x00,0x00,0x01,0x6c,0x64,0x09,0x00,
	0x10,0x70,0x06,0x00,0x01,0x00,0x00,0x01,0x64,0x64,0x09,0x00,0x54,0x70,0x06,0x00,
	0x00,0x00,0x00,0x01,0x60,0x64,0x09,0x00,0x08,0xb0,0x06,0x00,0x00,0x00,0x00,0x01,
	0x5c,0x64,0x09,0x00,0x14,0xb0,0x06,0x00,0x01,0x00,0x00,0x01,0x54,0x64,0x09,0x00,
	0x24,0xb0,0x06,0x00,0x02,0x00,0x00,0x01,0x48,0x64,0x09,0x00,0x30,0xb0,0x06,0x00,
	0x04,0x00,0x00,0x01,0x34,0x64,0x09,0x00,0x40,0xb0,0x06,0x00,0x01,0x00,0x00,0x01,
	0x2c,0x64,0x09,0x00,0x70,0xb0,0x06,0x00,0x04,0x00,0x00,0x01,0x18,0x64,0x09,0x00,
	0x80,0xb0,0x06,0x00,0x01,0x00,0x00,0x01,0x10,0x64,0x09,0x00,0x9c,0xb0,0x06,0x00,
	0x00,0x00,0x00,0x01,0x0c,0x64,0x09,0x00,0xa8,0xb0,0x06,0x00,0x01,0x00,0x00,0x01,
	0x04,0x64,0x09,0x00,0xc0,0xb0,0x06,0x00,0x01,0x00,0x00,0x01,0xfc,0x63,0x09,0x00,
	0xd0,0xb0,0x06,0x00,0x00,0x00,0x00,0x01,0xf8,0x63,0x09,0x00,0x04,0xb4,0x06,0x00,
	0x00,0x00,0x00,0x01,0xf4,0x63,0x09,0x00,0x00,0xb8,0x06,0x00,0x00,0x00,0x00,0x01,
	0xf0,0x63,0x09,0x00,0x08,0xb8,0x06,0x00,0x00,0x00,0x00,0x01,0xec,0x63,0x09,0x00,
	0x14,0xb8,0x06,0x00,0x01,0x00,0x00,0x01,0xe4,0x63,0x09,0x00,0x24,0xb8,0x06,0x00,
	0x01,0x00,0x00,0x01,0xdc,0x63,0x09,0x00,0x30,0xb8,0x06,0x00,0x04,0x00,0x00,0x01,
	0xc8,0x63,0x09,0x00,0x40,0xb8,0x06,0x00,0x01,0x00,0x00,0x01,0xc0,0x63,0x09,0x00,
	0x70,0xb8,0x06,0x00,0x04,0x00,0x00,0x01,0xac,0x63,0x09,0x00,0x80,0xb8,0x06,0x00,
	0x01,0x00,0x00,0x01,0xa4,0x63,0x09,0x00,0x9c,0xb8,0x06,0x00,0x00,0x00,0x00,0x01,
	0xa0,0x63,0x09,0x00,0xa8,0xb8,0x06,0x00,0x01,0x00,0x00,0x01,0x98,0x63,0x09,0x00,
	0xc0,0xb8,0x06,0x00,0x01,0x00,0x00,0x01,0x90,0x63,0x09,0x00,0xd0,0xb8,0x06,0x00,
	0x00,0x00,0x00,0x01,0x8c,0x63,0x09,0x00,0x04,0xbc,0x06,0x00,0x00,0x00,0x00,0x01,
	0x88,0x63,0x09,0x00,0x20,0xb0,0x07,0x00,0x00,0x00,0x00,0x01,0x84,0x63,0x09,0x00,
	0x20,0xb8,0x07,0x00,0x00,0x00,0x00,0x01,0xbc,0x6f,0x09,0x00,0x00,0x32,0x04,0x00,
	0x00,0x00,0x00,0x01,0xb8,0x6f,0x09,0x00,0x08,0x32,0x04,0x00,0x03,0x00,0x00,0x01,
	0xa8,0x6f,0x09,0x00,0x20,0x32,0x04,0x00,0x00,0x00,0x00,0x01,0x9c,0x6f,0x09,0x00,
	0x70,0x52,0x04,0x00,0x00,0x00,0x00,0x01,0x98,0x6f,0x09,0x00,0x00,0x90,0x04,0x00,
	0x05,0x00,0x00,0x01,0x80,0x6f,0x09,0x00,0x10,0x90,0x04,0x00,0x02,0x00,0x00,0x01,
	0x74,0x6f,0x09,0x00,0x30,0x90,0x04,0x00,0x02,0x00,0x00,0x01,0x68,0x6f,0x09,0x00,
	0x40,0x90,0x04,0x00,0x0c,0x00,0x00,0x01,0x34,0x6f,0x09,0x00,0x50,0x90,0x04,0x00,
	0x04,0x00,0x00,0x01,0x1c,0x6f,0x09,0x00,0x90,0x90,0x04,0x00,0x05,0x00,0x01,0x04,
	0x00,0x00,0x00,0x10,0xc0,0x90,0x04,0x00,0x00,0x00,0x00,0x01,0xe8,0x67,0x09,0x00,
	0xc0,0x90,0x04,0x00,0x05,0x00,0x01,0x04,0x00,0x00,0x00,0x10,0xc0,0x90,0x04,0x00,
	0x00,0x00,0x00,0x01,0x18,0x6f,0x09,0x00,0xc8,0x90,0x04,0x00,0x00,0x00,0x00,0x01,
	0x14,0x6f,0x09,0x00,0x00,0x94,0x04,0x00,0x00,0x00,0x00,0x01,0x10,0x6f,0x09,0x00,
	0x04,0x94,0x04,0x00,0x00,0x00,0x00,0x01,0x0c,0x6f,0x09,0x00,0x0c,0x94,0x04,0x00,
	0x00,0x00,0x00,0x01,0x08,0x6f,0x09,0x00,0x20,0x94,0x04,0x00,0x04,0x00,0x00,0x01,
	0xf4,0x6e,0x09,0x00,0x30,0x94,0x04,0x00,0x05,0x00,0x00,0x01,0xdc,0x6e,0x09,0x00,
	0x60,0x94,0x04,0x00,0x00,0x00,0x00,0x01,0xd8,0x6e,0x09,0x00,0x00,0xa4,0x04,0x00,
	0x02,0x00,0x00,0x01,0xcc,0x6e,0x09,0x00,0x10,0xa4,0x04,0x00,0x02,0x00,0x00,0x01,
	0xc0,0x6e,0x09,0x00,0x20,0xa4,0x04,0x00,0x02,0x00,0x00,0x01,0xb4,0x6e,0x09,0x00,
	0x30,0xa4,0x04,0x00,0x00,0x00,0x00,0x01,0xb0,0x6e,0x09,0x00,0x80,0xa4,0x04,0x00,
	0x00,0x00,0x00,0x01,0xac,0x6e,0x09,0x00,0x08,0xa5,0x04,0x00,0x0e,0x00,0x00,0x01,
	0x70,0x6e,0x09,0x00,0x18,0xa5,0x04,0x00,0x01,0x00,0x00,0x01,0x68,0x6e,0x09,0x00,
	0x1c,0x00,0x06,0x00,0x05,0x00,0x00,0x01,0x50,0x6e,0x09,0x00,0x48,0x00,0x06,0x00,
	0x02,0x00,0x00,0x01,0x44,0x6e,0x09,0x00,0x60,0x81,0x06,0x00,0x00,0x00,0x00,0x01,
	0x40,0x6e,0x09,0x00,0x70,0x81,0x06,0x00,0x00,0x00,0x00,0x01,0x3c,0x6e,0x09,0x00,
	0x80,0x81,0x06,0x00,0x00,0x00,0x00,0x01,0x38,0x6e,0x09,0x00,0x88,0x81,0x06,0x00,
	0x00,0x00,0x00,0x01,0x34,0x6e,0x09,0x00,0x94,0x81,0x06,0x00,0x01,0x00,0x00,0x01,
	0x2c,0x6e,0x09,0x00,0xa8,0x81,0x06,0x00,0x00,0x00,0x00,0x01,0x28,0x6e,0x09,0x00,
	0xd0,0x81,0x06,0x00,0x02,0x00,0x00,0x01,0x1c,0x6e,0x09,0x00,0x60,0x82,0x06,0x00,
	0x00,0x00,0x00,0x01,0x18,0x6e,0x09,0x00,0x70,0x82,0x06,0x00,0x00,0x00,0x00,0x01,
	0x14,0x6e,0x09,0x00,0x80,0x82,0x06,0x00,0x00,0x00,0x00,0x01,0x10,0x6e,0x09,0x00,
	0x88,0x82,0x06,0x00,0x00,0x00,0x00,0x01,0x0c,0x6e,0x09,0x00,0x94,0x82,0x06,0x00,
	0x01,0x00,0x00,0x01,0x04,0x6e,0x09,0x00,0xa8,0x82,0x06,0x00,0x00,0x00,0x00,0x01,
	0x00,0x6e,0x09,0x00,0xd0,0x82,0x06,0x00,0x00,0x00,0x00,0x01,0xfc,0x6d,0x09,0x00,
	0x00,0x83,0x06,0x00,0x00,0x00,0x00,0x01,0xf8,0x6d,0x09,0x00,0x0c,0x83,0x06,0x00,
	0x00,0x00,0x00,0x01,0xf4,0x6d,0x09,0x00,0x04,0x00,0x07,0x00,0x04,0x00,0x00,0x01,
	0xe0,0x6d,0x09,0x00,0x0c,0x00,0x07,0x00,0x09,0x00,0x00,0x01,0xb8,0x6d,0x09,0x00,
	0x28,0x00,0x07,0x00,0x03,0x00,0x00,0x01,0xa8,0x6d,0x09,0x00,0x54,0x00,0x07,0x00,
	0x00,0x00,0x00,0x01,0xa4,0x6d,0x09,0x00,0x70,0x00,0x07,0x00,0x00,0x00,0x00,0x01,
	0xa0,0x6d,0x09,0x00,0x80,0x00,0x07,0x00,0x00,0x00,0x00,0x01,0x9c,0x6d,0x09,0x00,
	0x88,0x00,0x07,0x00,0x04,0x00,0x00,0x01,0x88,0x6d,0x09,0x00,0x90,0x00,0x07,0x00,
	0x00,0x00,0x00,0x01,0x84,0x6d,0x09,0x00,0xc0,0x00,0x07,0x00,0x05,0x00,0x00,0x01,
	0x6c,0x6d,0x09,0x00,0xd0,0x00,0x07,0x00,0x07,0x00,0x00,0x01,0x4c,0x6d,0x09,0x00,
	0x40,0x01,0x07,0x00,0x00,0x00,0x00,0x01,0x48,0x6d,0x09,0x00,0x68,0x01,0x07,0x00,
	0x08,0x00,0x00,0x01,0x24,0x6d,0x09,0x00,0x78,0x01,0x07,0x00,0x08,0x00,0x00,0x01,
	0x00,0x6d,0x09,0x00,0xa0,0x01,0x07,0x00,0x01,0x00,0x00,0x01,0xf8,0x6c,0x09,0x00,
	0xc8,0x01,0x07,0x00,0x1f,0x00,0x00,0x01,0x78,0x6c,0x09,0x00,0xe0,0x01,0x07,0x00,
	0x01,0x00,0x00,0x01,0x70,0x6c,0x09,0x00,0x68,0x02,0x07,0x00,0x08,0x00,0x00,0x01,
	0x4c,0x6c,0x09,0x00,0x78,0x02,0x07,0x00,0x08,0x00,0x00,0x01,0x28,0x6c,0x09,0x00,
	0xa0,0x02,0x07,0x00,0x01,0x00,0x00,0x01,0x20,0x6c,0x09,0x00,0xc8,0x02,0x07,0x00,
	0x1f,0x00,0x00,0x01,0xa0,0x6b,0x09,0x00,0xe0,0x02,0x07,0x00,0x01,0x00,0x00,0x01,
	0x98,0x6b,0x09,0x00,0x68,0x03,0x07,0x00,0x08,0x00,0x00,0x01,0x74,0x6b,0x09,0x00,
	0x78,0x03,0x07,0x00,0x08,0x00,0x00,0x01,0x50,0x6b,0x09,0x00,0xa0,0x03,0x07,0x00,
	0x01,0x00,0x00,0x01,0x48,0x6b,0x09,0x00,0xc8,0x03,0x07,0x00,0x1f,0x00,0x00,0x01,
	0xc8,0x6a,0x09,0x00,0xe0,0x03,0x07,0x00,0x01,0x00,0x00,0x01,0xc0,0x6a,0x09,0x00,
	0x68,0x04,0x07,0x00,0x07,0x00,0x00,0x01,0xa0,0x6a,0x09,0x00,0x7c,0x04,0x07,0x00,
	0x01,0x00,0x00,0x01,0x98,0x6a,0x09,0x00,0xa0,0x04,0x07,0x00,0x05,0x00,0x00,0x01,
	0x80,0x6a,0x09,0x00,0xac,0x04,0x07,0x00,0x00,0x00,0x00,0x01,0x7c,0x6a,0x09,0x00,
	0xcc,0x04,0x07,0x00,0x07,0x00,0x00,0x01,0x5c,0x6a,0x09,0x00,0x40,0x05,0x07,0x00,
	0x01,0x00,0x00,0x01,0x54,0x6a,0x09,0x00,0x68,0x05,0x07,0x00,0x07,0x00,0x00,0x01,
	0x34,0x6a,0x09,0x00,0x7c,0x05,0x07,0x00,0x01,0x00,0x00,0x01,0x2c,0x6a,0x09,0x00,
	0xa0,0x05,0x07,0x00,0x05,0x00,0x00,0x01,0x14,0x6a,0x09,0x00,0xac,0x05,0x07,0x00,
	0x00,0x00,0x00,0x01,0x10,0x6a,0x09,0x00,0xcc,0x05,0x07,0x00,0x07,0x00,0x00,0x01,
	0xf0,0x69,0x09,0x00,0x40,0x06,0x07,0x00,0x01,0x00,0x00,0x01,0xe8,0x69,0x09,0x00,
	0x68,0x06,0x07,0x00,0x00,0x00,0x00,0x01,0xe4,0x69,0x09,0x00,0x7c,0x06,0x07,0x00,
	0x00,0x00,0x00,0x01,0xe0,0x69,0x09,0x00,0x80,0x08,0x07,0x00,0x03,0x00,0x00,0x01,
	0xd0,0x69,0x09,0x00,0x90,0x08,0x07,0x00,0x03,0x00,0x00,0x01,0xc0,0x69,0x09,0x00,
	0xb0,0x08,0x07,0x00,0x03,0x00,0x00,0x01,0xb0,0x69,0x09,0x00,0xd0,0x08,0x07,0x00,
	0x03,0x00,0x00,0x01,0xa0,0x69,0x09,0x00,0xf0,0x08,0x07,0x00,0x03,0x00,0x00,0x01,
	0x90,0x69,0x09,0x00,0x20,0x09,0x07,0x00,0x02,0x00,0x00,0x01,0x84,0x69,0x09,0x00,
	0x0c,0x0b,0x07,0x00,0x00,0x00,0x00,0x01,0x80,0x69,0x09,0x00,0x1c,0x0b,0x07,0x00,
	0x00,0x00,0x00,0x01,0x7c,0x69,0x09,0x00,0x28,0x0b,0x07,0x00,0x02,0x00,0x00,0x01,
	0x60,0x69,0x09,0x00,0x30,0x0b,0x07,0x00,0x02,0x00,0x00,0x01,0x70,0x69,0x09,0x00,
	0x40,0x0b,0x07,0x00,0x00,0x00,0x00,0x01,0x5c,0x69,0x09,0x00,0xf0,0x0b,0x07,0x00,
	0x02,0x00,0x00,0x01,0x50,0x69,0x09,0x00,0x0c,0x0c,0x07,0x00,0x00,0x00,0x00,0x01,
	0x4c,0x69,0x09,0x00,0x1c,0x0c,0x07,0x00,0x00,0x00,0x00,0x01,0x48,0x69,0x09,0x00,
	0x28,0x0c,0x07,0x00,0x06,0x00,0x00,0x01,0x2c,0x69,0x09,0x00,0x30,0x0c,0x07,0x00,
	0x00,0x00,0x00,0x01,0x28,0x69,0x09,0x00,0xf0,0x0c,0x07,0x00,0x02,0x00,0x00,0x01,
	0x1c,0x69,0x09,0x00,0x0c,0x0d,0x07,0x00,0x00,0x00,0x00,0x01,0x18,0x69,0x09,0x00,
	0x1c,0x0d,0x07,0x00,0x00,0x00,0x00,0x01,0x14,0x69,0x09,0x00,0x28,0x0d,0x07,0x00,
	0x06,0x00,0x00,0x01,0xf8,0x68,0x09,0x00,0x30,0x0d,0x07,0x00,0x00,0x00,0x00,0x01,
	0xf4,0x68,0x09,0x00,0xf0,0x0d,0x07,0x00,0x0a,0x00,0x00,0x01,0xc8,0x68,0x09,0x00,
	0x00,0x80,0x07,0x00,0x00,0x00,0x00,0x01,0xc4,0x68,0x09,0x00,0x34,0x80,0x07,0x00,
	0x04,0x00,0x00,0x01,0xb0,0x68,0x09,0x00,0x50,0x80,0x07,0x00,0x10,0x00,0x00,0x01,
	0x6c,0x68,0x09,0x00,0x70,0x80,0x07,0x00,0x08,0x00,0x00,0x01,0x48,0x68,0x09,0x00,
	0x08,0x81,0x07,0x00,0x00,0x00,0x00,0x01,0x44,0x68,0x09,0x00,0x34,0x81,0x07,0x00,
	0x04,0x00,0x00,0x01,0x30,0x68,0x09,0x00,0x50,0x81,0x07,0x00,0x05,0x00,0x00,0x01,
	0x18,0x68,0x09,0x00,0x70,0x81,0x07,0x00,0x0a,0x00,0x00,0x01,0xec,0x67,0x09,0x00,
	0x88,0x81,0x07,0x00,0x05,0x00,0x01,0x04,0x00,0x08,0x00,0x10,0xc0,0x90,0x04,0x00,
	0x04,0x00,0x01,0x04,0x80,0xff,0xff,0xff,0xc0,0x90,0x04,0x00,0xa0,0x00,0x00,0x01,
	0xec,0x61,0x09,0x00,0xc4,0x90,0x04,0x00,0x04,0x00,0x01,0x04,0xff,0xf7,0xff,0xff,
	0xc0,0x90,0x04,0x00,0x04,0x00,0x01,0x04,0x80,0xff,0xff,0xff,0xc0,0x90,0x04,0x00,
	0x9f,0x00,0x00,0x01,0x6c,0x61,0x09,0x00,0xc4,0x90,0x04,0x00,0x00,0x00,0x00,0x01,
	0xe8,0x67,0x09,0x00,0xc0,0x90,0x04,0x00,0x00,0x00,0x01,0x01,0x00,0x04,0x00,0x00,
	0x84,0xa4,0x04,0x00,0xbe,0x00,0x00,0x01,0x60,0x5f,0x09,0x00,0x88,0xa4,0x04,0x00,
	0xbe,0x00,0x00,0x01,0x5c,0x60,0x09,0x00,0x88,0xa4,0x04,0x00,0x84,0x00,0x00,0x01,
	0x58,0x61,0x09,0x00,0x88,0xa4,0x04,0x00,0x00,0x00,0x00,0x01,0xe4,0x67,0x09,0x00,
	0x84,0xa4,0x04,0x00,0x00,0x00,0x01,0x01,0x00,0x04,0x00,0x00,0x00,0xa5,0x04,0x00,
	0xbe,0x00,0x00,0x01,0x3c,0x4a,0x09,0x00,0x04,0xa5,0x04,0x00,0xbe,0x00,0x00,0x01,
	0x38,0x4b,0x09,0x00,0x04,0xa5,0x04,0x00,0x82,0x00,0x00,0x01,0x34,0x4c,0x09,0x00,
	0x04,0xa5,0x04,0x00,0x00,0x00,0x00,0x01,0xe0,0x67,0x09,0x00,0x00,0xa5,0x04,0x00,
	0x00,0x00,0x01,0x01,0x00,0x04,0x00,0x00,0x98,0x81,0x06,0x00,0xbb,0x00,0x00,0x01,
	0x70,0x5e,0x09,0x00,0x9c,0x81,0x06,0x00,0x00,0x00,0x00,0x01,0xdc,0x67,0x09,0x00,
	0x98,0x81,0x06,0x00,0x00,0x00,0x01,0x01,0x00,0x04,0x00,0x00,0xa0,0x81,0x06,0x00,
	0xbb,0x00,0x00,0x01,0x80,0x5d,0x09,0x00,0xa4,0x81,0x06,0x00,0x00,0x00,0x00,0x01,
	0xd8,0x67,0x09,0x00,0xa0,0x81,0x06,0x00,0x00,0x00,0x01,0x01,0x00,0x04,0x00,0x00,
	0x98,0x82,0x06,0x00,0xbb,0x00,0x00,0x01,0x90,0x5c,0x09,0x00,0x9c,0x82,0x06,0x00,
	0x00,0x00,0x00,0x01,0xd4,0x67,0x09,0x00,0x98,0x82,0x06,0x00,0x00,0x00,0x01,0x01,
	0x00,0x04,0x00,0x00,0xa0,0x82,0x06,0x00,0xbb,0x00,0x00,0x01,0xa0,0x5b,0x09,0x00,
	0xa4,0x82,0x06,0x00,0x00,0x00,0x00,0x01,0xd0,0x67,0x09,0x00,0xa0,0x82,0x06,0x00,
	0x00,0x00,0x01,0x01,0x00,0x00,0x01,0x00,0x04,0x83,0x06,0x00,0xbe,0x00,0x00,0x01,
	0xf4,0x58,0x09,0x00,0x08,0x83,0x06,0x00,0xbe,0x00,0x00,0x01,0xf0,0x59,0x09,0x00,
	0x08,0x83,0x06,0x00,0xac,0x00,0x00,0x01,0xec,0x5a,0x09,0x00,0x08,0x83,0x06,0x00,
	0x00,0x00,0x00,0x01,0xcc,0x67,0x09,0x00,0x04,0x83,0x06,0x00,0x00,0x00,0x01,0x01,
	0x00,0x04,0x00,0x00,0xb0,0x00,0x07,0x00,0xa2,0x00,0x00,0x01,0x68,0x58,0x09,0x00,
	0xb4,0x00,0x07,0x00,0x00,0x00,0x00,0x01,0xc8,0x67,0x09,0x00,0xb0,0x00,0x07,0x00,
	0x00,0x00,0x01,0x01,0x00,0x04,0x00,0x00,0x60,0x01,0x07,0x00,0x88,0x00,0x00,0x01,
	0x18,0x4a,0x09,0x00,0x64,0x01,0x07,0x00,0x00,0x00,0x00,0x01,0xc4,0x67,0x09,0x00,
	0x60,0x01,0x07,0x00,0x00,0x00,0x01,0x01,0x00,0x04,0x00,0x00,0xd0,0x01,0x07,0x00,
	0xbe,0x00,0x00,0x01,0x5c,0x56,0x09,0x00,0xd4,0x01,0x07,0x00,0xbe,0x00,0x00,0x01,
	0x58,0x57,0x09,0x00,0xd4,0x01,0x07,0x00,0x84,0x00,0x00,0x01,0x54,0x58,0x09,0x00,
	0xd4,0x01,0x07,0x00,0x00,0x00,0x00,0x01,0xc0,0x67,0x09,0x00,0xd0,0x01,0x07,0x00,
	0x00,0x00,0x01,0x01,0x00,0x04,0x00,0x00,0xd8,0x01,0x07,0x00,0xa2,0x00,0x00,0x01,
	0xd0,0x55,0x09,0x00,0xdc,0x01,0x07,0x00,0x00,0x00,0x00,0x01,0xbc,0x67,0x09,0x00,
	0xd8,0x01,0x07,0x00,0x00,0x00,0x01,0x01,0x00,0x04,0x00,0x00,0x60,0x02,0x07,0x00,
	0x88,0x00,0x00,0x01,0xf4,0x49,0x09,0x00,0x64,0x02,0x07,0x00,0x00,0x00,0x00,0x01,
	0xb8,0x67,0x09,0x00,0x60,0x02,0x07,0x00,0x00,0x00,0x01,0x01,0x00,0x04,0x00,0x00,
	0xd0,0x02,0x07,0x00,0xbe,0x00,0x00,0x01,0xc4,0x53,0x09,0x00,0xd4,0x02,0x07,0x00,
	0xbe,0x00,0x00,0x01,0xc0,0x54,0x09,0x00,0xd4,0x02,0x07,0x00,0x84,0x00,0x00,0x01,
	0xbc,0x55,0x09,0x00,0xd4,0x02,0x07,0x00,0x00,0x00,0x00,0x01,0xb4,0x67,0x09,0x00,
	0xd0,0x02,0x07,0x00,0x00,0x00,0x01,0x01,0x00,0x04,0x00,0x00,0xd8,0x02,0x07,0x00,
	0xa2,0x00,0x00,0x01,0x38,0x53,0x09,0x00,0xdc,0x02,0x07,0x00,0x00,0x00,0x00,0x01,
	0xb0,0x67,0x09,0x00,0xd8,0x02,0x07,0x00,0x00,0x00,0x01,0x01,0x00,0x04,0x00,0x00,
	0x60,0x03,0x07,0x00,0x88,0x00,0x00,0x01,0xd0,0x49,0x09,0x00,0x64,0x03,0x07,0x00,
	0x00,0x00,0x00,0x01,0xac,0x67,0x09,0x00,0x60,0x03,0x07,0x00,0x00,0x00,0x01,0x01,
	0x00,0x04,0x00,0x00,0xd0,0x03,0x07,0x00,0xbe,0x00,0x00,0x01,0x2c,0x51,0x09,0x00,
	0xd4,0x03,0x07,0x00,0xbe,0x00,0x00,0x01,0x28,0x52,0x09,0x00,0xd4,0x03,0x07,0x00,
	0x84,0x00,0x00,0x01,0x24,0x53,0x09,0x00,0xd4,0x03,0x07,0x00,0x00,0x00,0x00,0x01,
	0xa8,0x67,0x09,0x00,0xd0,0x03,0x07,0x00,0x00,0x00,0x01,0x01,0x00,0x04,0x00,0x00,
	0xd8,0x03,0x07,0x00,0xa2,0x00,0x00,0x01,0xa0,0x50,0x09,0x00,0xdc,0x03,0x07,0x00,
	0x00,0x00,0x00,0x01,0xa4,0x67,0x09,0x00,0xd8,0x03,0x07,0x00,0x00,0x00,0x01,0x01,
	0x00,0x04,0x00,0x00,0xd0,0x04,0x07,0x00,0xa2,0x00,0x00,0x01,0x14,0x50,0x09,0x00,
	0xd4,0x04,0x07,0x00,0x00,0x00,0x00,0x01,0xa0,0x67,0x09,0x00,0xd0,0x04,0x07,0x00,
	0x00,0x00,0x01,0x01,0x00,0x04,0x00,0x00,0xd8,0x04,0x07,0x00,0xa2,0x00,0x00,0x01,
	0x88,0x4f,0x09,0x00,0xdc,0x04,0x07,0x00,0x00,0x00,0x00,0x01,0x9c,0x67,0x09,0x00,
	0xd8,0x04,0x07,0x00,0x00,0x00,0x01,0x01,0x00,0x04,0x00,0x00,0xd0,0x05,0x07,0x00,
	0xa2,0x00,0x00,0x01,0xfc,0x4e,0x09,0x00,0xd4,0x05,0x07,0x00,0x00,0x00,0x00,0x01,
	0x98,0x67,0x09,0x00,0xd0,0x05,0x07,0x00,0x00,0x00,0x01,0x01,0x00,0x04,0x00,0x00,
	0xd8,0x05,0x07,0x00,0xa2,0x00,0x00,0x01,0x70,0x4e,0x09,0x00,0xdc,0x05,0x07,0x00,
	0x00,0x00,0x00,0x01,0x94,0x67,0x09,0x00,0xd8,0x05,0x07,0x00,0x00,0x00,0x00,0x01,
	0x90,0x67,0x09,0x00,0x00,0x0b,0x07,0x00,0x00,0x00,0x00,0x01,0x8c,0x67,0x09,0x00,
	0x04,0x0b,0x07,0x00,0x00,0x00,0x00,0x01,0x88,0x67,0x09,0x00,0x08,0x0b,0x07,0x00,
	0x00,0x00,0x01,0x02,0x7c,0x1f,0xb0,0x1f,0x00,0x00,0x00,0x01,0x08,0x0b,0x07,0x00,
	0x94,0x62,0x09,0x00,0x04,0x00,0x01,0x04,0x01,0x00,0x00,0x00,0x94,0x62,0x09,0x00,
	0x00,0x00,0x01,0x04,0x00,0x00,0x00,0x00,0x94,0x62,0x09,0x00,0x00,0x08,0x01,0x02,
	0xb0,0x1f,0x28,0x20,0x00,0x00,0x01,0x02,0x7c,0x1f,0xb0,0x1f,0x00,0x00,0x00,0x01,
	0x30,0x6f,0x09,0x00,0xa4,0x90,0x04,0x00,0x00,0x00,0x00,0x01,0x84,0x67,0x09,0x00,
	0x28,0x90,0x04,0x00,0x00,0x00,0x00,0x01,0x80,0x67,0x09,0x00,0x74,0x81,0x06,0x00,
	0x00,0x00,0x00,0x01,0x7c,0x67,0x09,0x00,0x74,0x82,0x06,0x00,0x00,0x00,0x00,0x01,
	0x78,0x67,0x09,0x00,0x84,0x00,0x07,0x00,0x00,0x00,0x00,0x01,0x74,0x67,0x09,0x00,
	0x9c,0x01,0x07,0x00,0x00,0x00,0x00,0x01,0x70,0x67,0x09,0x00,0x9c,0x02,0x07,0x00,
	0x00,0x00,0x00,0x01,0x6c,0x67,0x09,0x00,0x9c,0x03,0x07,0x00,0x00,0x00,0x00,0x01,
	0x68,0x67,0x09,0x00,0x9c,0x04,0x07,0x00,0x00,0x00,0x00,0x01,0x64,0x67,0x09,0x00,
	0x9c,0x05,0x07,0x00,0x00,0x00,0x01,0x03,0x84,0x12,0x08,0x16,0x05,0x00,0x01,0x04,
	0x10,0x00,0x00,0x00,0xf0,0xf3,0x05,0x00,0x00,0x00,0x01,0x03,0x84,0x12,0x08,0x16,
	0x00,0x00,0x01,0x03,0x08,0x16,0x7c,0x1f,0x00,0x00,0x00,0x01,0x6c,0x69,0x09,0x00,
	0x3c,0x0b,0x07,0x00,0x00,0x00,0x00,0x01,0xa4,0x6f,0x09,0x00,0x04,0x44,0x04,0x00,
	0x00,0x00,0x00,0x01,0xa0,0x6f,0x09,0x00,0x0c,0x44,0x04,0x00,0x05,0x00,0x01,0x04,
	0x30,0x00,0x00,0x00,0xf0,0xf3,0x05,0x00,0x00,0x00,0x01,0x03,0x84,0x12,0x08,0x16,
	0x00,0x00,0x01,0x03,0x08,0x16,0x7c,0x1f,0x00,0x00,0x00,0x01,0x6c,0x69,0x09,0x00,
	0x3c,0x0b,0x07,0x00,0x00,0x00,0x00,0x01,0xa4,0x6f,0x09,0x00,0x04,0x44,0x04,0x00,
	0x00,0x00,0x00,0x01,0xa0,0x6f,0x09,0x00,0x0c,0x44,0x04,0x00,0x05,0x00,0x01,0x04,
	0x30,0x00,0x00,0x00,0xf0,0xf3,0x05,0x00,0x00,0x00,0x00,0x01,0x50,0x52,0x04,0x00,
	0x80,0x63,0x09,0x00,0x00,0x00,0x01,0x01,0x01,0x00,0x00,0x00,0x50,0x52,0x04,0x00,
	0x00,0x00,0x01,0x03,0x84,0x12,0x08,0x16,0x00,0x00,0x01,0x03,0x08,0x16,0x7c,0x1f,
	0x00,0x00,0x00,0x01,0x6c,0x69,0x09,0x00,0x3c,0x0b,0x07,0x00,0x00,0x00,0x00,0x01,
	0xa4,0x6f,0x09,0x00,0x04,0x44,0x04,0x00,0x00,0x00,0x00,0x01,0xa0,0x6f,0x09,0x00,
	0x0c,0x44,0x04,0x00,0x05,0x00,0x01,0x04,0x30,0x00,0x00,0x00,0xf0,0xf3,0x05,0x00,
	0x00,0x00,0x01,0x01,0x00,0x00,0x00,0x00,0x78,0x63,0x09,0x00,0x00,0x00,0x00,0x01,
	0x44,0x94,0x04,0x00,0x04,0x94,0x04,0x00,0x00,0x00,0x00,0x01,0x4c,0x94,0x04,0x00,
	0x7c,0x63,0x09,0x00,0x00,0x00,0x00,0x01,0x78,0x94,0x04,0x00,0x74,0x63,0x09,0x00,
	0x00,0x00,0x01,0x02,0x4c,0x21,0x98,0x21,0x01,0x00,0x01,0x04,0x01,0x00,0x00,0x00,
	0x78,0x63,0x09,0x00,0x4f,0x00,0x00,0x01,0x08,0x94,0x04,0x00,0x20,0x63,0x09,0x00,
	0x00,0x8b,0x04,0x01,0x20,0x63,0x09,0x00,0x74,0x63,0x09,0x00,0x01,0x00,0x01,0x04,
	0x40,0x00,0x00,0x00,0x74,0x63,0x09,0x00,0x00,0x00,0x00,0x04,0x78,0x63,0x09,0x00,
	0x7c,0x63,0x09,0x00,0x00,0x08,0x01,0x02,0x98,0x21,0xac,0x21,0x00,0x00,0x01,0x02,
	0x4c,0x21,0x98,0x21,0x00,0x00,0x01,0x01,0x01,0x00,0x00,0x00,0x18,0xf1,0x05,0x00,
	0x00,0x00,0x01,0x02,0xac,0x21,0xf0,0x21,0x00,0x00,0x01,0x01,0x02,0x00,0x00,0x00,
	0x90,0xf0,0x05,0x00,0x00,0x15,0x03,0x05,0x00,0x00,0x00,0x01,0x18,0xf1,0x05,0x00,
	0x64,0x63,0x09,0x00,0x04,0x00,0x01,0x04,0x00,0x01,0x00,0x00,0x64,0x63,0x09,0x00,
	0x00,0x00,0x01,0x04,0x00,0x01,0x00,0x00,0x64,0x63,0x09,0x00,0x00,0x08,0x01,0x02,
	0xf0,0x21,0x08,0x22,0x00,0x00,0x01,0x02,0xac,0x21,0xf0,0x21,0x04,0x00,0x01,0x04,
	0xfe,0xff,0xff,0xff,0x18,0xf1,0x05,0x00,0x00,0x00,0x01,0x01,0x05,0x00,0x00,0x00,
	0x60,0x94,0x04,0x00,0x00,0x00,0x01,0x01,0x00,0x00,0x00,0x00,0x6c,0x63,0x09,0x00,
	0x00,0x00,0x00,0x01,0x48,0x94,0x04,0x00,0x04,0x94,0x04,0x00,0x00,0x00,0x00,0x01,
	0x50,0x94,0x04,0x00,0x70,0x63,0x09,0x00,0x00,0x00,0x00,0x01,0x7c,0x94,0x04,0x00,
	0x68,0x63,0x09,0x00,0x00,0x00,0x01,0x02,0x40,0x22,0x8c,0x22,0x01,0x00,0x01,0x04,
	0x01,0x00,0x00,0x00,0x6c,0x63,0x09,0x00,0x4f,0x00,0x00,0x01,0x08,0x94,0x04,0x00,
	0xe0,0x62,0x09,0x00,0x00,0x8b,0x04,0x01,0xe0,0x62,0x09,0x00,0x68,0x63,0x09,0x00,
	0x01,0x00,0x01,0x04,0x40,0x00,0x00,0x00,0x68,0x63,0x09,0x00,0x00,0x00,0x00,0x04,
	0x6c,0x63,0x09,0x00,0x70,0x63,0x09,0x00,0x00,0x08,0x01,0x02,0x8c,0x22,0xa0,0x22,
	0x00,0x00,0x01,0x02,0x40,0x22,0x8c,0x22,0x00,0x00,0x01,0x01,0x01,0x00,0x00,0x00,
	0x18,0xf1,0x05,0x00,0x00,0x00,0x01,0x02,0xa0,0x22,0xe4,0x22,0x00,0x00,0x01,0x01,
	0x02,0x00,0x00,0x00,0x90,0xf0,0x05,0x00,0x00,0x15,0x03,0x05,0x00,0x00,0x00,0x01,
	0x18,0xf1,0x05,0x00,0x64,0x63,0x09,0x00,0x04,0x00,0x01,0x04,0x00,0x01,0x00,0x00,
	0x64,0x63,0x09,0x00,0x00,0x00,0x01,0x04,0x00,0x01,0x00,0x00,0x64,0x63,0x09,0x00,
	0x00,0x08,0x01,0x02,0xe4,0x22,0xfc,0x22,0x00,0x00,0x01,0x02,0xa0,0x22,0xe4,0x22,
	0x04,0x00,0x01,0x04,0xfe,0xff,0xff,0xff,0x18,0xf1,0x05,0x00,0x00,0x00,0x01,0x01,
	0x00,0x00,0x05,0x00,0x60,0x94,0x04,0x00,0x05,0x00,0x01,0x04,0x00,0x00,0x00,0x80,
	0x84,0xf0,0x05,0x00,0x00,0x00,0x00,0x01,0x60,0xf0,0x05,0x00,0x9c,0x62,0x09,0x00,
	0x00,0x00,0x00,0x01,0x9c,0x62,0x09,0x00,0xa8,0x62,0x09,0x00,0x04,0x00,0x01,0x04,
	0x00,0x00,0x00,0x80,0xa8,0x62,0x09,0x00,0x00,0x00,0x01,0x04,0x00,0x00,0x00,0x80,
	0xa8,0x62,0x09,0x00,0x00,0x08,0x01,0x02,0xa4,0x26,0xb0,0x26,0x00,0x00,0x00,0x01,
	0x9c,0x62,0x09,0x00,0xa8,0x62,0x09,0x00,0x04,0x00,0x01,0x04,0x0f,0x00,0x00,0x00,
	0xa8,0x62,0x09,0x00,0x00,0x00,0x01,0x04,0x05,0x00,0x00,0x00,0xa8,0x62,0x09,0x00,
	0x00,0x08,0x01,0x02,0xa4,0x26,0xb0,0x26,0x00,0x00,0x01,0x04,0x06,0x00,0x00,0x00,
	0xa8,0x62,0x09,0x00,0x00,0x08,0x01,0x02,0xa4,0x26,0xb0,0x26,0x00,0x00,0x01,0x04,
	0x08,0x00,0x00,0x00,0xa8,0x62,0x09,0x00,0x00,0x08,0x01,0x02,0xa4,0x26,0xb0,0x26,
	0x00,0x00,0x00,0x01,0x78,0xf0,0x05,0x00,0xa0,0x62,0x09,0x00,0x00,0x00,0x00,0x01,
	0xa0,0x62,0x09,0x00,0xb4,0x62,0x09,0x00,0x04,0x00,0x01,0x04,0x00,0x00,0x00,0x80,
	0xb4,0x62,0x09,0x00,0x00,0x00,0x01,0x04,0x00,0x00,0x00,0x80,0xb4,0x62,0x09,0x00,
	0x00,0x08,0x00,0x02,0xa4,0x26,0xb0,0x26,0x00,0x00,0x00,0x01,0xa0,0x62,0x09,0x00,
	0xd4,0x62,0x09,0x00,0x04,0x00,0x01,0x04,0x01,0x00,0x00,0x00,0xd4,0x62,0x09,0x00,
	0x00,0x00,0x01,0x04,0x01,0x00,0x00,0x00,0xd4,0x62,0x09,0x00,0x00,0x08,0x01,0x02,
	0xa4,0x26,0xb0,0x26,0x00,0x00,0x00,0x04,0x30,0xf1,0x05,0x00,0x04,0x04,0x09,0x00,
	0x00,0x08,0x00,0x02,0x7c,0x26,0x98,0x26,0x00,0x00,0x01,0x02,0x14,0x24,0x6c,0x24,
	0x00,0x00,0x01,0x01,0x00,0x00,0x00,0x00,0xb0,0x62,0x09,0x00,0x00,0x00,0x01,0x01,
	0x00,0x00,0x00,0x00,0xac,0x62,0x09,0x00,0x00,0x00,0x01,0x01,0x08,0x00,0x09,0x00,
	0x28,0xf1,0x05,0x00,0x00,0x00,0x00,0x01,0x2c,0xf1,0x05,0x00,0xcc,0x62,0x09,0x00,
	0x04,0x00,0x01,0x04,0x1f,0x00,0x00,0x00,0xcc,0x62,0x09,0x00,0x00,0x00,0x00,0x04,
	0xcc,0x62,0x09,0x00,0x04,0x04,0x09,0x00,0x00,0x08,0x01,0x02,0xa4,0x26,0xb0,0x26,
	0x00,0x00,0x01,0x02,0x6c,0x24,0x00,0x25,0x00,0x00,0x00,0x01,0x34,0xf1,0x05,0x00,
	0xd8,0x62,0x09,0x00,0x00,0x00,0x00,0x01,0x30,0xf1,0x05,0x00,0xc8,0x62,0x09,0x00,
	0x04,0x00,0x01,0x04,0x0f,0x00,0x00,0x00,0xc8,0x62,0x09,0x00,0x0b,0x00,0x01,0x04,
	0x05,0x00,0x00,0x00,0xc8,0x62,0x09,0x00,0x0b,0x00,0x01,0x04,0x04,0x00,0x00,0x00,
	0xc8,0x62,0x09,0x00,0x01,0x00,0x00,0x04,0x28,0xf1,0x05,0x00,0xc8,0x62,0x09,0x00,
	0x00,0x00,0x02,0x01,0xc8,0x62,0x09,0x00,0xdc,0x62,0x09,0x00,0x00,0x00,0x00,0x01,
	0xd8,0x62,0x09,0x00,0xa4,0x62,0x09,0x00,0x03,0x00,0x00,0x04,0xdc,0x62,0x09,0x00,
	0xa4,0x62,0x09,0x00,0x04,0x00,0x01,0x04,0x00,0x00,0x00,0x80,0xa4,0x62,0x09,0x00,
	0x00,0x00,0x01,0x04,0x00,0x00,0x00,0x80,0xa4,0x62,0x09,0x00,0x00,0x08,0x01,0x02,
	0xb0,0x26,0xcc,0x26,0x00,0x00,0x01,0x02,0x00,0x25,0x18,0x26,0x00,0x00,0x00,0x01,
	0x34,0xf1,0x05,0x00,0x00,0x04,0x09,0x00,0x00,0x00,0x00,0x01,0xc8,0x62,0x09,0x00,
	0xd0,0x62,0x09,0x00,0x00,0x00,0x04,0x01,0xd8,0x62,0x09,0x00,0xc8,0x62,0x09,0x00,
	0x01,0x00,0x01,0x04,0x04,0x00,0x00,0x00,0xd0,0x62,0x09,0x00,0x00,0x00,0x02,0x01,
	0xd0,0x62,0x09,0x00,0xc4,0x62,0x09,0x00,0x01,0x00,0x01,0x04,0x04,0x00,0x00,0x00,
	0xd0,0x62,0x09,0x00,0x00,0x00,0x02,0x01,0xd0,0x62,0x09,0x00,0xbc,0x62,0x09,0x00,
	0x00,0x00,0x04,0x01,0xbc,0x62,0x09,0x00,0xc4,0x62,0x09,0x00,0x01,0x00,0x01,0x04,
	0x04,0x00,0x00,0x00,0xd0,0x62,0x09,0x00,0x00,0x00,0x02,0x01,0xd0,0x62,0x09,0x00,
	0xc0,0x62,0x09,0x00,0x01,0x00,0x01,0x04,0x04,0x00,0x00,0x00,0xd0,0x62,0x09,0x00,
	0x00,0x00,0x02,0x01,0xd0,0x62,0x09,0x00,0xb8,0x62,0x09,0x00,0x00,0x00,0x04,0x01,
	0xb8,0x62,0x09,0x00,0xc0,0x62,0x09,0x00,0x00,0x00,0x01,0x01,0x01,0x00,0x00,0x00,
	0xac,0x62,0x09,0x00,0x00,0x00,0x00,0x01,0xc4,0x62,0x09,0x00,0xd0,0x62,0x09,0x00,
	0x04,0x00,0x01,0x04,0x00,0x00,0x00,0x80,0xd0,0x62,0x09,0x00,0x05,0x00,0x00,0x04,
	0xd0,0x62,0x09,0x00,0xb0,0x62,0x09,0x00,0x01,0x00,0x01,0x04,0x04,0x00,0x00,0x00,
	0xc8,0x62,0x09,0x00,0x01,0x00,0x01,0x04,0x01,0x00,0x00,0x00,0x04,0x04,0x09,0x00,
	0x04,0x00,0x01,0x04,0x1f,0x00,0x00,0x00,0x04,0x04,0x09,0x00,0x00,0x00,0x00,0x01,
	0x04,0x04,0x09,0x00,0x30,0xf1,0x05,0x00,0x00,0x00,0x00,0x04,0xcc,0x62,0x09,0x00,
	0x04,0x04,0x09,0x00,0x00,0x08,0x01,0x02,0x34,0x26,0x60,0x26,0x00,0x00,0x01,0x02,
	0x6c,0x24,0x00,0x25,0x00,0x00,0x01,0x03,0xa4,0x26,0xb0,0x26,0x00,0x31,0x03,0x05,
	0x01,0x00,0x00,0x06,0x00,0x00,0x01,0x01,0x00,0x00,0x00,0x00,0xb0,0x62,0x09,0x00,
	0x05,0x00,0x01,0x04,0x00,0x00,0x00,0x40,0x70,0x0a,0x06,0x00,0x00,0x00,0x01,0x01,
	0x00,0x00,0x00,0x00,0xac,0x62,0x09,0x00,0x00,0x00,0x00,0x01,0x34,0xf1,0x05,0x00,
	0xfc,0x03,0x09,0x00,0x00,0x00,0x01,0x02,0x60,0x26,0x7c,0x26,0x00,0x00,0x01,0x04,
	0x00,0x00,0x00,0x80,0xb0,0x62,0x09,0x00,0x00,0x08,0x01,0x02,0x18,0x26,0x34,0x26,
	0x00,0x00,0x01,0x02,0xa4,0x26,0xb0,0x26,0x00,0x00,0x01,0x04,0x00,0x00,0x00,0x00,
	0x30,0xf1,0x05,0x00,0x00,0x08,0x01,0x03,0x98,0x26,0xa4,0x26,0x00,0x00,0x01,0x02,
	0x14,0x24,0x6c,0x24,0x00,0x00,0x01,0x01,0x00,0x00,0x00,0x00,0x04,0x04,0x09,0x00,
	0x04,0x00,0x01,0x04,0xff,0xff,0xff,0x7f,0x84,0xf0,0x05,0x00,0x00,0x00,0x01,0x04,
	0x01,0x00,0x00,0x00,0xac,0x62,0x09,0x00,0x00,0x08,0x01,0x02,0x34,0x26,0x60,0x26,
	0x00,0x00,0x01,0x02,0xa4,0x26,0xb0,0x26,0x00,0x00,0x00,0x01,0x80,0xf0,0x05,0x00,
	0x98,0x62,0x09,0x00,0x04,0x00,0x01,0x04,0x00,0x00,0x00,0x80,0x98,0x62,0x09,0x00,
	0x00,0x00,0x01,0x04,0x00,0x00,0x00,0x80,0x98,0x62,0x09,0x00,0x00,0x08,0x01,0x02,
	0xf8,0x26,0x44,0x27,0x05,0x00,0x01,0x04,0x01,0x00,0x00,0x00,0x84,0xf0,0x05,0x00,
	0x00,0x33,0x03,0x05,0x00,0x33,0x03,0x05,0x00,0x00,0x01,0x04,0x01,0x00,0x00,0x00,
	0xdc,0x03,0x09,0x00,0x00,0x08,0x01,0x02,0x44,0x27,0x8c,0x27,0x05,0x00,0x01,0x04,
	0x01,0x00,0x00,0x00,0x04,0x44,0x04,0x00,0x00,0x00,0x01,0x01,0x01,0x00,0x00,0x00,
	0xdc,0x03,0x09,0x00,0x04,0x00,0x01,0x04,0xfe,0xff,0xff,0xff,0x84,0xf0,0x05,0x00,
	0x04,0x00,0x01,0x04,0xfe,0xff,0xff,0xff,0x04,0x44,0x04,0x00,0x00,0x00,0x01,0x04,
	0x00,0x00,0x00,0x00,0xd8,0x03,0x09,0x00,0x00,0x08,0x01,0x02,0xb4,0x27,0xcc,0x27,
	0x00,0x00,0x00,0x04,0xe4,0x03,0x09,0x00,0x9c,0x01,0x07,0x00,0x00,0x08,0x01,0x02,
	0x8c,0x27,0xb4,0x27,0x00,0x00,0x00,0x01,0xe4,0x03,0x09,0x00,0x9c,0x01,0x07,0x00,
	0x00,0x00,0x01,0x02,0x8c,0x27,0xb4,0x27,0x00,0x00,0x00,0x04,0xe0,0x03,0x09,0x00,
	0x9c,0x04,0x07,0x00,0x00,0x08,0x01,0x02,0xb4,0x27,0xcc,0x27,0x00,0x00,0x00,0x01,
	0xe0,0x03,0x09,0x00,0x9c,0x04,0x07,0x00,0x00,0x00,0x01,0x02,0xb4,0x27,0xcc,0x27,
	0x00,0x00,0x01,0x01,0x00,0x00,0x00,0x00,0xdc,0x03,0x09,0x00,0x04,0x00,0x01,0x04,
	0xfe,0xff,0xff,0xff,0x84,0xf0,0x05,0x00,0x3e,0x3e,0x40,0x40,0x40,0x03,0x04,0x0c,
	0x0a,0x0c,0x00,0x00,0xfa,0x0b,0x00,0x00,0x05,0x00,0x01,0x00,0x00,0x80,0x09,0x00,
	0x00,0x00,0x00,0x00,0x00,0x00,0x00,0x00,0x00,0x00,0x00,0x00,0x00,0x00,0x00,0x00,
	0x00,0x00,0x00,0x00,0x00,0x00,0x00,0x00,0x00,0x00,0x00,0x00,0x00,0x00,0x00,0x00,
	0x00,0x00,0x00,0x00,0x34,0x01,0x03,0x31,0x34,0x3c,0x40,0x2f,0x36,0x47,0x2f,0x40,
	0x39,0x40,0x35,0x12,0x2f,0x01,0xfe,0x05,0xfe,0x34,0xd0,0xfd,0x34,0x35,0x46,0x39,
	0x33,0x35,0xd0,0x14,0x09,0x00,0x00,0x00,0x74,0xf4,0x05,0x00,0x34,0xf4,0x05,0x00,
	0x04,0xf4,0x05,0x00,0x38,0xf4,0x05,0x00,0x08,0xf4,0x05,0x00,0x3c,0xf4,0x05,0x00,
	0x0c,0xf4,0x05,0x00,0x40,0xf4,0x05,0x00,0x10,0xf4,0x05,0x00,0x00,0x00,0x00,0x00,
	0x00,0x00,0x00,0x00,0x00,0x00,0x00,0x00,0x00,0x00,0x00,0x00,0x00,0x00,0x00,0x00,
	0x00,0x00,0x00,0x00,0x00,0x00,0x00,0x00,0x00,0x00,0x00,0x00,0x00,0x00,0x00,0x00,
	0x00,0x00,0x00,0x00,0x00,0x00,0x00,0x00,0xc0,0xef,0x09,0x00,0x00,0xdf,0x03,0xc0,
	0x30,0xa9,0x68,0xa9,0x00,0xe0,0x03,0xc0,0x24,0xaa,0x5c,0xaa,0x00,0x2c,0x03,0xc0,
	0x18,0xab,0x30,0xac,0x00,0x31,0x03,0xc0,0xe8,0xae,0x14,0xaf,0x00,0x00,0x00,0x00,
	0x00,0x00,0x00,0x00,0x00,0x00,0x00,0x00,0x00,0x00,0x00,0x00,0x00,0x00,0x00,0x00,
	0x00,0x00,0x00,0x00,0x00,0x00,0x00,0x00,0x00,0x00,0x00,0x00,0x00,0x00,0x00,0x00,
	0x00,0x00,0x00,0x00,0x00,0x00,0x00,0x00,0x40,0x40,0x0a,0x0c,0x05,0x00,0x01,0x00,
	0x00,0x00,0x00,0x00,0x00,0x00,0x00,0x00,0x00,0x00,0x00,0x00,0x00,0x00,0x00,0x00,
	0x00,0x00,0x00,0x00,0x00,0x00,0x00,0x00,0x00,0x00,0x00,0x00,0x00,0x00,0x00,0x00,
	0x00,0x00,0x00,0x00,0x00,0x00,0x00,0x00,0x00,0x00,0x00,0x00,0x00,0x00,0x00,0x00,
	0x00,0x00,0x00,0x00,0x00,0x00,0x00,0x00,0x00,0x00,0x00,0x00,0x00,0x00,0x00,0x00,
	0x00,0x00,0x00,0x00,0x00,0x00,0x00,0x00,0x00,0x00,0x00,0x00,0x00,0x00,0x00,0x00,
	0x00,0x00,0x00,0x00,0x00,0x00,0x00,0x00,0x00,0x00,0x00,0x00,0x00,0x00,0x00,0x00,
	0x00,0x00,0x00,0x00,0x00,0x00,0x00,0x00,0x00,0x00,0x00,0x00,0x00,0x00,0x00,0x00,
	0x00,0x00,0x00,0x00,0x00,0x00,0x00,0x00,0x00,0x00,0x00,0x00,0x00,0x00,0x00,0x00,
	0x00,0x00,0x00,0x00,0x00,0x00,0x00,0x00,0x00,0x00,0x00,0x00,0x00,0x00,0x00,0x00,
	0x00,0x00,0x00,0x00,0x00,0x00,0x00,0x00,0x00,0x00,0x00,0x00,0x00,0x00,0x00,0x00,
	0x00,0x00,0x00,0x00,0x00,0x00,0x00,0x00,0x00,0x00,0x00,0x00,0x00,0x00,0x00,0x00,
	0x00,0x00,0x00,0x00,0x00,0x00,0x00,0x00,0x00,0x00,0x00,0x00,0x00,0x00,0x00,0x00,
	0x00,0x00,0x00,0x00,0x00,0x00,0x00,0x00,0x00,0x00,0x00,0x00,0x00,0x00,0x00,0x00,
	0x00,0x00,0x00,0x00,0x00,0x00,0x00,0x00,0x00,0x00,0x00,0x00,0x00,0x00,0x00,0x00,
	0x00,0x00,0x00,0x00,0x00,0x00,0x00,0x00,0x00,0x00,0x00,0x00,0x00,0x00,0x00,0x00,
	0x00,0x00,0x00,0x00,0x00,0x00,0x00,0x00,0x00,0x00,0x00,0x00,0x00,0x00,0x00,0x00,
	0x00,0x00,0x00,0x00,0x00,0x00,0x00,0x00,0x00,0x00,0x00,0x00,0x00,0x00,0x00,0x00,
	0x00,0x00,0x00,0x00,0x00,0x00,0x00,0x00,0x00,0x00,0x00,0x00,0x00,0x00,0x00,0x00,
	0x00,0x00,0x00,0x00,0x00,0x00,0x00,0x00,0x00,0x00,0x00,0x00,0x00,0x00,0x00,0x00,
	0x00,0x00,0x00,0x00,0x00,0x00,0x00,0x00,0x00,0x00,0x00,0x00,0x00,0x00,0x00,0x00,
	0x00,0x00,0x00,0x00,0x00,0x00,0x00,0x00,0x00,0x00,0x00,0x00,0x00,0x00,0x00,0x00,
	0x00,0x00,0x00,0x00,0x00,0x00,0x00,0x00,0x00,0x00,0x00,0x00,0x00,0x00,0x00,0x00,
	0x00,0x00,0x00,0x00,0x00,0x00,0x00,0x00,0x00,0x00,0x00,0x00,0x00,0x00,0x00,0x00,
	0x00,0x00,0x00,0x00,0x00,0x00,0x00,0x00,0x00,0x00,0x00,0x00,0x00,0x00,0x00,0x00,
	0x00,0x00,0x00,0x00,0x00,0x00,0x00,0x00,0x00,0x00,0x00,0x00,0x00,0x00,0x00,0x00,
	0x00,0x00,0x00,0x00,0x00,0x00,0x00,0x00,0x00,0x00,0x00,0x00,0x00,0x00,0x00,0x00,
	0x00,0x00,0x00,0x00,0x00,0x00,0x00,0x00,0x00,0x00,0x00,0x00,0x00,0x00,0x00,0x00,
	0x00,0x00,0x00,0x00,0x00,0x00,0x00,0x00,0x00,0x00,0x00,0x00,0x00,0x00,0x00,0x00,
	0x00,0x00,0x00,0x00,0x00,0x00,0x00,0x00,0x00,0x00,0x00,0x00,0x00,0x00,0x00,0x00,
	0x00,0x00,0x00,0x00,0x00,0x00,0x00,0x00,0x00,0x00,0x00,0x00,0x00,0x00,0x00,0x00,
	0x00,0x00,0x00,0x00,0x00,0x00,0x00,0x00,0x00,0x00,0x00,0x00,0x00,0x00,0x00,0x00,
	0x00,0x00,0x00,0x00,0x00,0x00,0x00,0x00,0x00,0x00,0x00,0x00,0x00,0x00,0x00,0x00,
	0x00,0x00,0x00,0x00,0x00,0x00,0x00,0x00,0x00,0x00,0x00,0x00,0x00,0x00,0x00,0x00,
	0x00,0x00,0x00,0x00,0x00,0x00,0x00,0x00,0x00,0x00,0x00,0x00,0x00,0x00,0x00,0x00,
	0x00,0x00,0x00,0x00,0x00,0x00,0x00,0x00,0x00,0x00,0x00,0x00,0x00,0x00,0x00,0x00,
	0x00,0x00,0x00,0x00,0x00,0x00,0x00,0x00,0x00,0x00,0x00,0x00,0x00,0x00,0x00,0x00,
	0x00,0x00,0x00,0x00,0x00,0x00,0x00,0x00,0x00,0x00,0x00,0x00,0x00,0x00,0x00,0x00,
	0x00,0x00,0x00,0x00,0x00,0x00,0x00,0x00,0x00,0x00,0x00,0x00,0x00,0x00,0x00,0x00,
	0x00,0x00,0x00,0x00,0x00,0x00,0x00,0x00,0x00,0x00,0x00,0x00,0x00,0x00,0x00,0x00,
	0x00,0x00,0x00,0x00,0x00,0x00,0x00,0x00,0x00,0x00,0x00,0x00,0x00,0x00,0x00,0x00,
	0x00,0x00,0x00,0x00,0x00,0x00,0x00,0x00,0x00,0x00,0x00,0x00,0x00,0x00,0x00,0x00,
	0x00,0x00,0x00,0x00,0x00,0x00,0x00,0x00,0x00,0x00,0x00,0x00,0x00,0x00,0x00,0x00,
	0x00,0x00,0x00,0x00,0x00,0x00,0x00,0x00,0x00,0x00,0x00,0x00,0x00,0x00,0x00,0x00,
	0x00,0x00,0x00,0x00,0x00,0x00,0x00,0x00,0x00,0x00,0x00,0x00,0x00,0x00,0x00,0x00,
	0x00,0x00,0x00,0x00,0x00,0x00,0x00,0x00,0x00,0x00,0x00,0x00,0x00,0x00,0x00,0x00,
	0x00,0x00,0x00,0x00,0x00,0x00,0x00,0x00,0x00,0x00,0x00,0x00,0x00,0x00,0x00,0x00,
	0x00,0x00,0x00,0x00,0x00,0x00,0x00,0x00,0x00,0x00,0x00,0x00,0x00,0x00,0x00,0x00,
	0x00,0x00,0x00,0x00,0x00,0x00,0x00,0x00,0x00,0x00,0x00,0x00,0x00,0x00,0x00,0x00,
	0x00,0x00,0x00,0x00,0x00,0x00,0x00,0x00,0x00,0x00,0x00,0x00,0x00,0x00,0x00,0x00,
	0x00,0x00,0x00,0x00,0x00,0x00,0x00,0x00,0x00,0x00,0x00,0x00,0x00,0x00,0x00,0x00,
	0x00,0x00,0x00,0x00,0x00,0x00,0x00,0x00,0x00,0x00,0x00,0x00,0x00,0x00,0x00,0x00,
	0x00,0x00,0x00,0x00,0x00,0x00,0x00,0x00,0x00,0x00,0x00,0x00,0x00,0x00,0x00,0x00,
	0x00,0x00,0x00,0x00,0x00,0x00,0x00,0x00,0x00,0x00,0x00,0x00,0x00,0x00,0x00,0x00,
	0x00,0x00,0x00,0x00,0x00,0x00,0x00,0x00,0x00,0x00,0x00,0x00,0x00,0x00,0x00,0x00,
	0x00,0x00,0x00,0x00,0x00,0x00,0x00,0x00,0x00,0x00,0x00,0x00,0x00,0x00,0x00,0x00,
	0x00,0x00,0x00,0x00,0x00,0x00,0x00,0x00,0x00,0x00,0x00,0x00,0x00,0x00,0x00,0x00,
	0x00,0x00,0x00,0x00,0x00,0x00,0x00,0x00,0x00,0x00,0x00,0x00,0x00,0x00,0x00,0x00,
	0x00,0x00,0x00,0x00,0x00,0x00,0x00,0x00,0x00,0x00,0x00,0x00,0x00,0x00,0x00,0x00,
	0x00,0x00,0x00,0x00,0x00,0x00,0x00,0x00,0x00,0x00,0x00,0x00,0x00,0x00,0x00,0x00,
	0x00,0x00,0x00,0x00,0x00,0x00,0x00,0x00,0x00,0x00,0x00,0x00,0x00,0x00,0x00,0x00,
	0x00,0x00,0x00,0x00,0x00,0x00,0x00,0x00,0x00,0x00,0x00,0x00,0x00,0x00,0x00,0x00,
	0x00,0x00,0x00,0x00,0x00,0x00,0x00,0x00,0x00,0x00,0x00,0x00,0x00,0x00,0x00,0x00,
	0x00,0x00,0x00,0x00,0x00,0x00,0x00,0x00,0x00,0x00,0x00,0x00,0x00,0x00,0x00,0x00,
	0x00,0x00,0x00,0x00,0x00,0x00,0x00,0x00,0x00,0x00,0x00,0x00,0x00,0x00,0x00,0x00,
	0x00,0x00,0x00,0x01,0x40,0x32,0x04,0x00,0xbc,0xef,0x09,0x00,0x00,0x00,0x00,0x01,
	0x48,0x32,0x04,0x00,0xb8,0xef,0x09,0x00,0x03,0x00,0x00,0x01,0x60,0x32,0x04,0x00,
	0xa8,0xef,0x09,0x00,0x00,0x00,0x00,0x01,0x14,0x44,0x04,0x00,0xa4,0xef,0x09,0x00,
	0x00,0x00,0x00,0x01,0x1c,0x44,0x04,0x00,0xa0,0xef,0x09,0x00,0x00,0x00,0x00,0x01,
	0x74,0x52,0x04,0x00,0x9c,0xef,0x09,0x00,0x00,0x00,0x00,0x01,0x00,0x91,0x04,0x00,
	0x98,0xef,0x09,0x00,0x05,0x00,0x00,0x01,0x10,0x91,0x04,0x00,0x80,0xef,0x09,0x00,
	0x02,0x00,0x00,0x01,0x30,0x91,0x04,0x00,0x74,0xef,0x09,0x00,0x02,0x00,0x00,0x01,
	0x40,0x91,0x04,0x00,0x68,0xef,0x09,0x00,0x0c,0x00,0x00,0x01,0x50,0x91,0x04,0x00,
	0x34,0xef,0x09,0x00,0x05,0x00,0x00,0x01,0x90,0x91,0x04,0x00,0x1c,0xef,0x09,0x00,
	0x00,0x00,0x00,0x01,0xc8,0x91,0x04,0x00,0x18,0xef,0x09,0x00,0x00,0x00,0x00,0x01,
	0x80,0x94,0x04,0x00,0x14,0xef,0x09,0x00,0x00,0x00,0x00,0x01,0x84,0x94,0x04,0x00,
	0x10,0xef,0x09,0x00,0x00,0x00,0x00,0x01,0x8c,0x94,0x04,0x00,0x0c,0xef,0x09,0x00,
	0x00,0x00,0x00,0x01,0xa0,0x94,0x04,0x00,0x08,0xef,0x09,0x00,0x04,0x00,0x00,0x01,
	0xb0,0x94,0x04,0x00,0xf4,0xee,0x09,0x00,0x05,0x00,0x00,0x01,0xe0,0x94,0x04,0x00,
	0xdc,0xee,0x09,0x00,0x00,0x00,0x00,0x01,0x00,0xac,0x04,0x00,0xd8,0xee,0x09,0x00,
	0x02,0x00,0x00,0x01,0x10,0xac,0x04,0x00,0xcc,0xee,0x09,0x00,0x02,0x00,0x00,0x01,
	0x20,0xac,0x04,0x00,0xc0,0xee,0x09,0x00,0x02,0x00,0x00,0x01,0x30,0xac,0x04,0x00,
	0xb4,0xee,0x09,0x00,0x00,0x00,0x00,0x01,0x80,0xac,0x04,0x00,0xb0,0xee,0x09,0x00,
	0x00,0x00,0x00,0x01,0x08,0xad,0x04,0x00,0xac,0xee,0x09,0x00,0x0e,0x00,0x00,0x01,
	0x18,0xad,0x04,0x00,0x70,0xee,0x09,0x00,0x01,0x00,0x00,0x01,0x1c,0x10,0x06,0x00,
	0x68,0xee,0x09,0x00,0x05,0x00,0x00,0x01,0x48,0x10,0x06,0x00,0x50,0xee,0x09,0x00,
	0x02,0x00,0x00,0x01,0x60,0x89,0x06,0x00,0x44,0xee,0x09,0x00,0x00,0x00,0x00,0x01,
	0x70,0x89,0x06,0x00,0x40,0xee,0x09,0x00,0x00,0x00,0x00,0x01,0x80,0x89,0x06,0x00,
	0x3c,0xee,0x09,0x00,0x00,0x00,0x00,0x01,0x88,0x89,0x06,0x00,0x38,0xee,0x09,0x00,
	0x00,0x00,0x00,0x01,0x94,0x89,0x06,0x00,0x34,0xee,0x09,0x00,0x01,0x00,0x00,0x01,
	0xa8,0x89,0x06,0x00,0x2c,0xee,0x09,0x00,0x00,0x00,0x00,0x01,0xd0,0x89,0x06,0x00,
	0x28,0xee,0x09,0x00,0x02,0x00,0x00,0x01,0x60,0x8a,0x06,0x00,0x1c,0xee,0x09,0x00,
	0x00,0x00,0x00,0x01,0x70,0x8a,0x06,0x00,0x18,0xee,0x09,0x00,0x00,0x00,0x00,0x01,
	0x80,0x8a,0x06,0x00,0x14,0xee,0x09,0x00,0x00,0x00,0x00,0x01,0x88,0x8a,0x06,0x00,
	0x10,0xee,0x09,0x00,0x00,0x00,0x00,0x01,0x94,0x8a,0x06,0x00,0x0c,0xee,0x09,0x00,
	0x01,0x00,0x00,0x01,0xa8,0x8a,0x06,0x00,0x04,0xee,0x09,0x00,0x00,0x00,0x00,0x01,
	0xd0,0x8a,0x06,0x00,0x00,0xee,0x09,0x00,0x00,0x00,0x00,0x01,0x00,0x8b,0x06,0x00,
	0xfc,0xed,0x09,0x00,0x00,0x00,0x00,0x01,0x0c,0x8b,0x06,0x00,0xf8,0xed,0x09,0x00,
	0x00,0x00,0x00,0x01,0x04,0x10,0x07,0x00,0xf4,0xed,0x09,0x00,0x04,0x00,0x00,0x01,
	0x0c,0x10,0x07,0x00,0xe0,0xed,0x09,0x00,0x09,0x00,0x00,0x01,0x28,0x10,0x07,0x00,
	0xb8,0xed,0x09,0x00,0x03,0x00,0x00,0x01,0x54,0x10,0x07,0x00,0xa8,0xed,0x09,0x00,
	0x00,0x00,0x00,0x01,0x70,0x10,0x07,0x00,0xa4,0xed,0x09,0x00,0x00,0x00,0x00,0x01,
	0x80,0x10,0x07,0x00,0xa0,0xed,0x09,0x00,0x00,0x00,0x00,0x01,0x88,0x10,0x07,0x00,
	0x9c,0xed,0x09,0x00,0x04,0x00,0x00,0x01,0x90,0x10,0x07,0x00,0x88,0xed,0x09,0x00,
	0x00,0x00,0x00,0x01,0xc0,0x10,0x07,0x00,0x84,0xed,0x09,0x00,0x05,0x00,0x00,0x01,
	0xd0,0x10,0x07,0x00,0x6c,0xed,0x09,0x00,0x07,0x00,0x00,0x01,0x40,0x11,0x07,0x00,
	0x4c,0xed,0x09,0x00,0x00,0x00,0x00,0x01,0x68,0x11,0x07,0x00,0x48,0xed,0x09,0x00,
	0x08,0x00,0x00,0x01,0x78,0x11,0x07,0x00,0x24,0xed,0x09,0x00,0x08,0x00,0x00,0x01,
	0xa0,0x11,0x07,0x00,0x00,0xed,0x09,0x00,0x01,0x00,0x00,0x01,0xc8,0x11,0x07,0x00,
	0xf8,0xec,0x09,0x00,0x1f,0x00,0x00,0x01,0xe0,0x11,0x07,0x00,0x78,0xec,0x09,0x00,
	0x01,0x00,0x00,0x01,0x68,0x12,0x07,0x00,0x70,0xec,0x09,0x00,0x08,0x00,0x00,0x01,
	0x78,0x12,0x07,0x00,0x4c,0xec,0x09,0x00,0x08,0x00,0x00,0x01,0xa0,0x12,0x07,0x00,
	0x28,0xec,0x09,0x00,0x01,0x00,0x00,0x01,0xc8,0x12,0x07,0x00,0x20,0xec,0x09,0x00,
	0x1f,0x00,0x00,0x01,0xe0,0x12,0x07,0x00,0xa0,0xeb,0x09,0x00,0x01,0x00,0x00,0x01,
	0x68,0x13,0x07,0x00,0x98,0xeb,0x09,0x00,0x08,0x00,0x00,0x01,0x78,0x13,0x07,0x00,
	0x74,0xeb,0x09,0x00,0x08,0x00,0x00,0x01,0xa0,0x13,0x07,0x00,0x50,0xeb,0x09,0x00,
	0x01,0x00,0x00,0x01,0xc8,0x13,0x07,0x00,0x48,0xeb,0x09,0x00,0x1f,0x00,0x00,0x01,
	0xe0,0x13,0x07,0x00,0xc8,0xea,0x09,0x00,0x01,0x00,0x00,0x01,0x68,0x14,0x07,0x00,
	0xc0,0xea,0x09,0x00,0x07,0x00,0x00,0x01,0x7c,0x14,0x07,0x00,0xa0,0xea,0x09,0x00,
	0x01,0x00,0x00,0x01,0xa0,0x14,0x07,0x00,0x98,0xea,0x09,0x00,0x05,0x00,0x00,0x01,
	0xac,0x14,0x07,0x00,0x80,0xea,0x09,0x00,0x00,0x00,0x00,0x01,0xcc,0x14,0x07,0x00,
	0x7c,0xea,0x09,0x00,0x07,0x00,0x00,0x01,0x40,0x15,0x07,0x00,0x5c,0xea,0x09,0x00,
	0x01,0x00,0x00,0x01,0x68,0x15,0x07,0x00,0x54,0xea,0x09,0x00,0x07,0x00,0x00,0x01,
	0x7c,0x15,0x07,0x00,0x34,0xea,0x09,0x00,0x01,0x00,0x00,0x01,0xa0,0x15,0x07,0x00,
	0x2c,0xea,0x09,0x00,0x05,0x00,0x00,0x01,0xac,0x15,0x07,0x00,0x14,0xea,0x09,0x00,
	0x00,0x00,0x00,0x01,0xcc,0x15,0x07,0x00,0x10,0xea,0x09,0x00,0x07,0x00,0x00,0x01,
	0x40,0x16,0x07,0x00,0xf0,0xe9,0x09,0x00,0x01,0x00,0x00,0x01,0x68,0x16,0x07,0x00,
	0xe8,0xe9,0x09,0x00,0x00,0x00,0x00,0x01,0x7c,0x16,0x07,0x00,0xe4,0xe9,0x09,0x00,
	0x00,0x00,0x00,0x01,0x80,0x18,0x07,0x00,0xe0,0xe9,0x09,0x00,0x03,0x00,0x00,0x01,
	0x90,0x18,0x07,0x00,0xd0,0xe9,0x09,0x00,0x03,0x00,0x00,0x01,0xb0,0x18,0x07,0x00,
	0xc0,0xe9,0x09,0x00,0x03,0x00,0x00,0x01,0xd0,0x18,0x07,0x00,0xb0,0xe9,0x09,0x00,
	0x03,0x00,0x00,0x01,0xf0,0x18,0x07,0x00,0xa0,0xe9,0x09,0x00,0x03,0x00,0x00,0x01,
	0x20,0x19,0x07,0x00,0x90,0xe9,0x09,0x00,0x02,0x00,0x00,0x01,0x0c,0x1b,0x07,0x00,
	0x84,0xe9,0x09,0x00,0x00,0x00,0x00,0x01,0x1c,0x1b,0x07,0x00,0x80,0xe9,0x09,0x00,
	0x00,0x00,0x00,0x01,0x28,0x1b,0x07,0x00,0x7c,0xe9,0x09,0x00,0x06,0x00,0x00,0x01,
	0x30,0x1b,0x07,0x00,0x60,0xe9,0x09,0x00,0x00,0x00,0x00,0x01,0xf0,0x1b,0x07,0x00,
	0x5c,0xe9,0x09,0x00,0x02,0x00,0x00,0x01,0x0c,0x1c,0x07,0x00,0x50,0xe9,0x09,0x00,
	0x00,0x00,0x00,0x01,0x1c,0x1c,0x07,0x00,0x4c,0xe9,0x09,0x00,0x00,0x00,0x00,0x01,
	0x28,0x1c,0x07,0x00,0x48,0xe9,0x09,0x00,0x06,0x00,0x00,0x01,0x30,0x1c,0x07,0x00,
	0x2c,0xe9,0x09,0x00,0x00,0x00,0x00,0x01,0xf0,0x1c,0x07,0x00,0x28,0xe9,0x09,0x00,
	0x02,0x00,0x00,0x01,0x0c,0x1d,0x07,0x00,0x1c,0xe9,0x09,0x00,0x00,0x00,0x00,0x01,
	0x1c,0x1d,0x07,0x00,0x18,0xe9,0x09,0x00,0x00,0x00,0x00,0x01,0x28,0x1d,0x07,0x00,
	0x14,0xe9,0x09,0x00,0x06,0x00,0x00,0x01,0x30,0x1d,0x07,0x00,0xf8,0xe8,0x09,0x00,
	0x00,0x00,0x00,0x01,0xf0,0x1d,0x07,0x00,0xf4,0xe8,0x09,0x00,0x0a,0x00,0x00,0x01,
	0x00,0x82,0x07,0x00,0xc8,0xe8,0x09,0x00,0x00,0x00,0x00,0x01,0x34,0x82,0x07,0x00,
	0xc4,0xe8,0x09,0x00,0x04,0x00,0x00,0x01,0x50,0x82,0x07,0x00,0xb0,0xe8,0x09,0x00,
	0x10,0x00,0x00,0x01,0x70,0x82,0x07,0x00,0x6c,0xe8,0x09,0x00,0x08,0x00,0x00,0x01,
	0x08,0x83,0x07,0x00,0x48,0xe8,0x09,0x00,0x00,0x00,0x00,0x01,0x34,0x83,0x07,0x00,
	0x44,0xe8,0x09,0x00,0x04,0x00,0x00,0x01,0x50,0x83,0x07,0x00,0x30,0xe8,0x09,0x00,
	0x05,0x00,0x00,0x01,0x70,0x83,0x07,0x00,0x18,0xe8,0x09,0x00,0x0a,0x00,0x00,0x01,
	0x88,0x83,0x07,0x00,0xec,0xe7,0x09,0x00,0x00,0x00,0x00,0x01,0xc0,0x91,0x04,0x00,
	0xe8,0xe7,0x09,0x00,0x05,0x00,0x01,0x04,0x00,0x08,0x00,0x00,0xc0,0x91,0x04,0x00,
	0x04,0x00,0x01,0x04,0x80,0xff,0xff,0xff,0xc0,0x91,0x04,0x00,0x60,0x00,0x00,0x01,
	0xc4,0x91,0x04,0x00,0x50,0xdc,0x09,0x00,0x04,0x00,0x01,0x04,0xff,0xf7,0xff,0xff,
	0xc0,0x91,0x04,0x00,0x04,0x00,0x01,0x04,0x80,0xff,0xff,0xff,0xc0,0x91,0x04,0x00,
	0x5f,0x00,0x00,0x01,0xc4,0x91,0x04,0x00,0xd0,0xdb,0x09,0x00,0x00,0x00,0x00,0x01,
	0xe8,0xe7,0x09,0x00,0xc0,0x91,0x04,0x00,0x00,0x00,0x00,0x01,0x84,0xac,0x04,0x00,
	0xe4,0xe7,0x09,0x00,0x00,0x00,0x01,0x01,0x00,0x04,0x00,0x00,0x84,0xac,0x04,0x00,
	0x7e,0x00,0x00,0x01,0x88,0xac,0x04,0x00,0xc4,0xd9,0x09,0x00,0x7e,0x00,0x00,0x01,
	0x88,0xac,0x04,0x00,0xc0,0xda,0x09,0x00,0x44,0x00,0x00,0x01,0x88,0xac,0x04,0x00,
	0xbc,0xdb,0x09,0x00,0x00,0x00,0x00,0x01,0xe4,0xe7,0x09,0x00,0x84,0xac,0x04,0x00,
	0x00,0x00,0x00,0x01,0x00,0xad,0x04,0x00,0xe0,0xe7,0x09,0x00,0x00,0x00,0x01,0x01,
	0x00,0x04,0x00,0x00,0x00,0xad,0x04,0x00,0x7e,0x00,0x00,0x01,0x04,0xad,0x04,0x00,
	0xb8,0xc5,0x09,0x00,0x7e,0x00,0x00,0x01,0x04,0xad,0x04,0x00,0xb4,0xc6,0x09,0x00,
	0x42,0x00,0x00,0x01,0x04,0xad,0x04,0x00,0xb0,0xc7,0x09,0x00,0x00,0x00,0x00,0x01,
	0xe0,0xe7,0x09,0x00,0x00,0xad,0x04,0x00,0x00,0x00,0x00,0x01,0x98,0x89,0x06,0x00,
	0xdc,0xe7,0x09,0x00,0x00,0x00,0x01,0x01,0x00,0x04,0x00,0x00,0x98,0x89,0x06,0x00,
	0x7b,0x00,0x00,0x01,0x9c,0x89,0x06,0x00,0xd4,0xd8,0x09,0x00,0x00,0x00,0x00,0x01,
	0xdc,0xe7,0x09,0x00,0x98,0x89,0x06,0x00,0x00,0x00,0x00,0x01,0xa0,0x89,0x06,0x00,
	0xd8,0xe7,0x09,0x00,0x00,0x00,0x01,0x01,0x00,0x04,0x00,0x00,0xa0,0x89,0x06,0x00,
	0x7b,0x00,0x00,0x01,0xa4,0x89,0x06,0x00,0xe4,0xd7,0x09,0x00,0x00,0x00,0x00,0x01,
	0xd8,0xe7,0x09,0x00,0xa0,0x89,0x06,0x00,0x00,0x00,0x00,0x01,0x98,0x8a,0x06,0x00,
	0xd4,0xe7,0x09,0x00,0x00,0x00,0x01,0x01,0x00,0x04,0x00,0x00,0x98,0x8a,0x06,0x00,
	0x7b,0x00,0x00,0x01,0x9c,0x8a,0x06,0x00,0xf4,0xd6,0x09,0x00,0x00,0x00,0x00,0x01,
	0xd4,0xe7,0x09,0x00,0x98,0x8a,0x06,0x00,0x00,0x00,0x00,0x01,0xa0,0x8a,0x06,0x00,
	0xd0,0xe7,0x09,0x00,0x00,0x00,0x01,0x01,0x00,0x04,0x00,0x00,0xa0,0x8a,0x06,0x00,
	0x7b,0x00,0x00,0x01,0xa4,0x8a,0x06,0x00,0x04,0xd6,0x09,0x00,0x00,0x00,0x00,0x01,
	0xd0,0xe7,0x09,0x00,0xa0,0x8a,0x06,0x00,0x00,0x00,0x00,0x01,0x04,0x8b,0x06,0x00,
	0xcc,0xe7,0x09,0x00,0x00,0x00,0x01,0x01,0x00,0x00,0x01,0x00,0x04,0x8b,0x06,0x00,
	0x7e,0x00,0x00,0x01,0x08,0x8b,0x06,0x00,0x58,0xd3,0x09,0x00,0x7e,0x00,0x00,0x01,
	0x08,0x8b,0x06,0x00,0x54,0xd4,0x09,0x00,0x6c,0x00,0x00,0x01,0x08,0x8b,0x06,0x00,
	0x50,0xd5,0x09,0x00,0x00,0x00,0x00,0x01,0xcc,0xe7,0x09,0x00,0x04,0x8b,0x06,0x00,
	0x00,0x00,0x00,0x01,0xb0,0x10,0x07,0x00,0xc8,0xe7,0x09,0x00,0x00,0x00,0x01,0x01,
	0x00,0x04,0x00,0x00,0xb0,0x10,0x07,0x00,0x62,0x00,0x00,0x01,0xb4,0x10,0x07,0x00,
	0xcc,0xd2,0x09,0x00,0x00,0x00,0x00,0x01,0xc8,0xe7,0x09,0x00,0xb0,0x10,0x07,0x00,
	0x00,0x00,0x00,0x01,0x60,0x11,0x07,0x00,0xc4,0xe7,0x09,0x00,0x00,0x00,0x01,0x01,
	0x00,0x04,0x00,0x00,0x60,0x11,0x07,0x00,0x48,0x00,0x00,0x01,0x64,0x11,0x07,0x00,
	0x94,0xc5,0x09,0x00,0x00,0x00,0x00,0x01,0xc4,0xe7,0x09,0x00,0x60,0x11,0x07,0x00,
	0x00,0x00,0x00,0x01,0xd0,0x11,0x07,0x00,0xc0,0xe7,0x09,0x00,0x00,0x00,0x01,0x01,
	0x00,0x04,0x00,0x00,0xd0,0x11,0x07,0x00,0x7e,0x00,0x00,0x01,0xd4,0x11,0x07,0x00,
	0xc0,0xd0,0x09,0x00,0x7e,0x00,0x00,0x01,0xd4,0x11,0x07,0x00,0xbc,0xd1,0x09,0x00,
	0x44,0x00,0x00,0x01,0xd4,0x11,0x07,0x00,0xb8,0xd2,0x09,0x00,0x00,0x00,0x00,0x01,
	0xc0,0xe7,0x09,0x00,0xd0,0x11,0x07,0x00,0x00,0x00,0x00,0x01,0xd8,0x11,0x07,0x00,
	0xbc,0xe7,0x09,0x00,0x00,0x00,0x01,0x01,0x00,0x04,0x00,0x00,0xd8,0x11,0x07,0x00,
	0x62,0x00,0x00,0x01,0xdc,0x11,0x07,0x00,0x34,0xd0,0x09,0x00,0x00,0x00,0x00,0x01,
	0xbc,0xe7,0x09,0x00,0xd8,0x11,0x07,0x00,0x00,0x00,0x00,0x01,0x60,0x12,0x07,0x00,
	0xb8,0xe7,0x09,0x00,0x00,0x00,0x01,0x01,0x00,0x04,0x00,0x00,0x60,0x12,0x07,0x00,
	0x48,0x00,0x00,0x01,0x64,0x12,0x07,0x00,0x70,0xc5,0x09,0x00,0x00,0x00,0x00,0x01,
	0xb8,0xe7,0x09,0x00,0x60,0x12,0x07,0x00,0x00,0x00,0x00,0x01,0xd0,0x12,0x07,0x00,
	0xb4,0xe7,0x09,0x00,0x00,0x00,0x01,0x01,0x00,0x04,0x00,0x00,0xd0,0x12,0x07,0x00,
	0x7e,0x00,0x00,0x01,0xd4,0x12,0x07,0x00,0x28,0xce,0x09,0x00,0x7e,0x00,0x00,0x01,
	0xd4,0x12,0x07,0x00,0x24,0xcf,0x09,0x00,0x44,0x00,0x00,0x01,0xd4,0x12,0x07,0x00,
	0x20,0xd0,0x09,0x00,0x00,0x00,0x00,0x01,0xb4,0xe7,0x09,0x00,0xd0,0x12,0x07,0x00,
	0x00,0x00,0x00,0x01,0xd8,0x12,0x07,0x00,0xb0,0xe7,0x09,0x00,0x00,0x00,0x01,0x01,
	0x00,0x04,0x00,0x00,0xd8,0x12,0x07,0x00,0x62,0x00,0x00,0x01,0xdc,0x12,0x07,0x00,
	0x9c,0xcd,0x09,0x00,0x00,0x00,0x00,0x01,0xb0,0xe7,0x09,0x00,0xd8,0x12,0x07,0x00,
	0x00,0x00,0x00,0x01,0x60,0x13,0x07,0x00,0xac,0xe7,0x09,0x00,0x00,0x00,0x01,0x01,
	0x00,0x04,0x00,0x00,0x60,0x13,0x07,0x00,0x48,0x00,0x00,0x01,0x64,0x13,0x07,0x00,
	0x4c,0xc5,0x09,0x00,0x00,0x00,0x00,0x01,0xac,0xe7,0x09,0x00,0x60,0x13,0x07,0x00,
	0x00,0x00,0x00,0x01,0xd0,0x13,0x07,0x00,0xa8,0xe7,0x09,0x00,0x00,0x00,0x01,0x01,
	0x00,0x04,0x00,0x00,0xd0,0x13,0x07,0x00,0x7e,0x00,0x00,0x01,0xd4,0x13,0x07,0x00,
	0x90,0xcb,0x09,0x00,0x7e,0x00,0x00,0x01,0xd4,0x13,0x07,0x00,0x8c,0xcc,0x09,0x00,
	0x44,0x00,0x00,0x01,0xd4,0x13,0x07,0x00,0x88,0xcd,0x09,0x00,0x00,0x00,0x00,0x01,
	0xa8,0xe7,0x09,0x00,0xd0,0x13,0x07,0x00,0x00,0x00,0x00,0x01,0xd8,0x13,0x07,0x00,
	0xa4,0xe7,0x09,0x00,0x00,0x00,0x01,0x01,0x00,0x04,0x00,0x00,0xd8,0x13,0x07,0x00,
	0x62,0x00,0x00,0x01,0xdc,0x13,0x07,0x00,0x04,0xcb,0x09,0x00,0x00,0x00,0x00,0x01,
	0xa4,0xe7,0x09,0x00,0xd8,0x13,0x07,0x00,0x00,0x00,0x00,0x01,0xd0,0x14,0x07,0x00,
	0xa0,0xe7,0x09,0x00,0x00,0x00,0x01,0x01,0x00,0x04,0x00,0x00,0xd0,0x14,0x07,0x00,
	0x62,0x00,0x00,0x01,0xd4,0x14,0x07,0x00,0x78,0xca,0x09,0x00,0x00,0x00,0x00,0x01,
	0xa0,0xe7,0x09,0x00,0xd0,0x14,0x07,0x00,0x00,0x00,0x00,0x01,0xd8,0x14,0x07,0x00,
	0x9c,0xe7,0x09,0x00,0x00,0x00,0x01,0x01,0x00,0x04,0x00,0x00,0xd8,0x14,0x07,0x00,
	0x62,0x00,0x00,0x01,0xdc,0x14,0x07,0x00,0xec,0xc9,0x09,0x00,0x00,0x00,0x00,0x01,
	0x9c,0xe7,0x09,0x00,0xd8,0x14,0x07,0x00,0x00,0x00,0x00,0x01,0xd0,0x15,0x07,0x00,
	0x98,0xe7,0x09,0x00,0x00,0x00,0x01,0x01,0x00,0x04,0x00,0x00,0xd0,0x15,0x07,0x00,
	0x62,0x00,0x00,0x01,0xd4,0x15,0x07,0x00,0x60,0xc9,0x09,0x00,0x00,0x00,0x00,0x01,
	0x98,0xe7,0x09,0x00,0xd0,0x15,0x07,0x00,0x00,0x00,0x00,0x01,0xd8,0x15,0x07,0x00,
	0x94,0xe7,0x09,0x00,0x00,0x00,0x01,0x01,0x00,0x04,0x00,0x00,0xd8,0x15,0x07,0x00,
	0x62,0x00,0x00,0x01,0xdc,0x15,0x07,0x00,0xd4,0xc8,0x09,0x00,0x00,0x00,0x00,0x01,
	0x94,0xe7,0x09,0x00,0xd8,0x15,0x07,0x00,0x00,0x00,0x00,0x01,0x00,0xf7,0x05,0x00,
	0x90,0xe7,0x09,0x00,0x00,0x00,0x00,0x01,0x04,0xf7,0x05,0x00,0x8c,0xe7,0x09,0x00,
	0x00,0x00,0x00,0x01,0x08,0xf7,0x05,0x00,0x88,0xe7,0x09,0x00,0x00,0x00,0x00,0x01,
	0x28,0x91,0x04,0x00,0x84,0xe7,0x09,0x00,0x00,0x00,0x00,0x01,0x74,0x89,0x06,0x00,
	0x80,0xe7,0x09,0x00,0x00,0x00,0x00,0x01,0x74,0x8a,0x06,0x00,0x7c,0xe7,0x09,0x00,
	0x00,0x00,0x00,0x01,0x84,0x10,0x07,0x00,0x78,0xe7,0x09,0x00,0x00,0x00,0x00,0x01,
	0x9c,0x11,0x07,0x00,0x74,0xe7,0x09,0x00,0x00,0x00,0x00,0x01,0x9c,0x12,0x07,0x00,
	0x70,0xe7,0x09,0x00,0x00,0x00,0x00,0x01,0x9c,0x13,0x07,0x00,0x6c,0xe7,0x09,0x00,
	0x00,0x00,0x00,0x01,0x9c,0x14,0x07,0x00,0x68,0xe7,0x09,0x00,0x00,0x00,0x00,0x01,
	0x9c,0x15,0x07,0x00,0x64,0xe7,0x09,0x00,0x05,0x00,0x01,0x04,0x02,0x00,0x00,0x00,
	0xf0,0xf7,0x05,0x00,0x00,0x00,0x00,0x01,0x14,0x23,0x04,0x00,0x60,0xe7,0x09,0x00,
	0x00,0x00,0x00,0x01,0x10,0x04,0x05,0x00,0x5c,0xe7,0x09,0x00,0x01,0x00,0x00,0x01,
	0x50,0x04,0x05,0x00,0x54,0xe7,0x09,0x00,0x01,0x00,0x00,0x01,0x90,0x04,0x05,0x00,
	0x4c,0xe7,0x09,0x00,0x07,0x00,0x00,0x01,0xb0,0x04,0x05,0x00,0x2c,0xe7,0x09,0x00,
	0x00,0x00,0x00,0x01,0xf0,0x04,0x05,0x00,0x28,0xe7,0x09,0x00,0x06,0x00,0x00,0x01,
	0x00,0x10,0x06,0x00,0x0c,0xe7,0x09,0x00,0x04,0x00,0x00,0x01,0x24,0x10,0x06,0x00,
	0xf8,0xe6,0x09,0x00,0x00,0x00,0x00,0x01,0x40,0x10,0x06,0x00,0xf4,0xe6,0x09,0x00,
	0x03,0x00,0x00,0x01,0x74,0x10,0x06,0x00,0xe4,0xe6,0x09,0x00,0x02,0x00,0x00,0x01,
	0xa0,0x10,0x06,0x00,0xd8,0xe6,0x09,0x00,0x00,0x00,0x00,0x01,0x10,0x12,0x06,0x00,
	0xd4,0xe6,0x09,0x00,0x07,0x00,0x00,0x01,0x20,0x12,0x06,0x00,0xb4,0xe6,0x09,0x00,
	0x07,0x00,0x00,0x01,0x60,0x12,0x06,0x00,0x94,0xe6,0x09,0x00,0x07,0x00,0x00,0x01,
	0xa0,0x12,0x06,0x00,0x74,0xe6,0x09,0x00,0x08,0x00,0x00,0x01,0xe0,0x12,0x06,0x00,
	0x50,0xe6,0x09,0x00,0x08,0x00,0x00,0x01,0x20,0x13,0x06,0x00,0x2c,0xe6,0x09,0x00,
	0x20,0x00,0x00,0x01,0x50,0x13,0x06,0x00,0xa8,0xe5,0x09,0x00,0x00,0x00,0x00,0x01,
	0x10,0x14,0x06,0x00,0xa4,0xe5,0x09,0x00,0x00,0x00,0x00,0x01,0x20,0x14,0x06,0x00,
	0xa0,0xe5,0x09,0x00,0x01,0x00,0x00,0x01,0x28,0x14,0x06,0x00,0x98,0xe5,0x09,0x00,
	0x08,0x00,0x00,0x01,0x3c,0x14,0x06,0x00,0x74,0xe5,0x09,0x00,0x00,0x00,0x00,0x01,
	0x80,0x14,0x06,0x00,0x70,0xe5,0x09,0x00,0x08,0x00,0x00,0x01,0x84,0x14,0x06,0x00,
	0x4c,0xe5,0x09,0x00,0x00,0x00,0x00,0x01,0x44,0x15,0x06,0x00,0x48,0xe5,0x09,0x00,
	0x00,0x00,0x00,0x01,0xe0,0x15,0x06,0x00,0x44,0xe5,0x09,0x00,0x02,0x00,0x00,0x01,
	0xf4,0x15,0x06,0x00,0x38,0xe5,0x09,0x00,0x01,0x00,0x00,0x01,0x14,0x18,0x06,0x00,
	0x30,0xe5,0x09,0x00,0x00,0x00,0x00,0x01,0x48,0x18,0x06,0x00,0x2c,0xe5,0x09,0x00,
	0x00,0x00,0x00,0x01,0x10,0x19,0x06,0x00,0x28,0xe5,0x09,0x00,0x00,0x00,0x00,0x01,
	0x48,0x19,0x06,0x00,0x24,0xe5,0x09,0x00,0x00,0x00,0x00,0x01,0x60,0x1a,0x06,0x00,
	0x20,0xe5,0x09,0x00,0x00,0x00,0x00,0x01,0x70,0x1a,0x06,0x00,0x1c,0xe5,0x09,0x00,
	0x06,0x00,0x00,0x01,0x00,0x20,0x06,0x00,0x00,0xe5,0x09,0x00,0x04,0x00,0x00,0x01,
	0x24,0x20,0x06,0x00,0xec,0xe4,0x09,0x00,0x01,0x00,0x00,0x01,0x40,0x20,0x06,0x00,
	0xe4,0xe4,0x09,0x00,0x03,0x00,0x00,0x01,0x74,0x20,0x06,0x00,0xd4,0xe4,0x09,0x00,
	0x02,0x00,0x00,0x01,0xa0,0x20,0x06,0x00,0xc8,0xe4,0x09,0x00,0x00,0x00,0x00,0x01,
	0x00,0x22,0x06,0x00,0xc4,0xe4,0x09,0x00,0x00,0x00,0x00,0x01,0x10,0x22,0x06,0x00,
	0xc0,0xe4,0x09,0x00,0x07,0x00,0x00,0x01,0x20,0x22,0x06,0x00,0xa0,0xe4,0x09,0x00,
	0x07,0x00,0x00,0x01,0x60,0x22,0x06,0x00,0x80,0xe4,0x09,0x00,0x0d,0x00,0x00,0x01,
	0x88,0x22,0x06,0x00,0x48,0xe4,0x09,0x00,0x06,0x00,0x00,0x01,0xe0,0x22,0x06,0x00,
	0x2c,0xe4,0x09,0x00,0x01,0x00,0x00,0x01,0xfc,0x22,0x06,0x00,0x24,0xe4,0x09,0x00,
	0x08,0x00,0x00,0x01,0x20,0x23,0x06,0x00,0x00,0xe4,0x09,0x00,0x20,0x00,0x00,0x01,
	0x50,0x23,0x06,0x00,0x7c,0xe3,0x09,0x00,0x01,0x00,0x00,0x01,0x00,0x24,0x06,0x00,
	0x74,0xe3,0x09,0x00,0x00,0x00,0x00,0x01,0x10,0x24,0x06,0x00,0x70,0xe3,0x09,0x00,
	0x0f,0x00,0x00,0x01,0x20,0x24,0x06,0x00,0x30,0xe3,0x09,0x00,0x00,0x00,0x00,0x01,
	0x80,0x24,0x06,0x00,0x2c,0xe3,0x09,0x00,0x08,0x00,0x00,0x01,0x84,0x24,0x06,0x00,
	0x08,0xe3,0x09,0x00,0x01,0x00,0x00,0x01,0x40,0x25,0x06,0x00,0x00,0xe3,0x09,0x00,
	0x00,0x00,0x00,0x01,0xe0,0x25,0x06,0x00,0xfc,0xe2,0x09,0x00,0x03,0x00,0x00,0x01,
	0xf0,0x25,0x06,0x00,0xec,0xe2,0x09,0x00,0x00,0x00,0x00,0x01,0x00,0x28,0x06,0x00,
	0xe8,0xe2,0x09,0x00,0x01,0x00,0x00,0x01,0x14,0x28,0x06,0x00,0xe0,0xe2,0x09,0x00,
	0x01,0x00,0x00,0x01,0x44,0x28,0x06,0x00,0xd8,0xe2,0x09,0x00,0x00,0x00,0x00,0x01,
	0x60,0x28,0x06,0x00,0xd4,0xe2,0x09,0x00,0x00,0x00,0x00,0x01,0x10,0x29,0x06,0x00,
	0xd0,0xe2,0x09,0x00,0x00,0x00,0x00,0x01,0x60,0x2a,0x06,0x00,0xcc,0xe2,0x09,0x00,
	0x00,0x00,0x00,0x01,0x70,0x2a,0x06,0x00,0xc8,0xe2,0x09,0x00,0x06,0x00,0x00,0x01,
	0x00,0x30,0x06,0x00,0xac,0xe2,0x09,0x00,0x04,0x00,0x00,0x01,0x24,0x30,0x06,0x00,
	0x98,0xe2,0x09,0x00,0x01,0x00,0x00,0x01,0x40,0x30,0x06,0x00,0x90,0xe2,0x09,0x00,
	0x03,0x00,0x00,0x01,0x74,0x30,0x06,0x00,0x80,0xe2,0x09,0x00,0x02,0x00,0x00,0x01,
	0xa0,0x30,0x06,0x00,0x74,0xe2,0x09,0x00,0x00,0x00,0x00,0x01,0x00,0x32,0x06,0x00,
	0x70,0xe2,0x09,0x00,0x00,0x00,0x00,0x01,0x10,0x32,0x06,0x00,0x6c,0xe2,0x09,0x00,
	0x07,0x00,0x00,0x01,0x20,0x32,0x06,0x00,0x4c,0xe2,0x09,0x00,0x07,0x00,0x00,0x01,
	0x60,0x32,0x06,0x00,0x2c,0xe2,0x09,0x00,0x0d,0x00,0x00,0x01,0x88,0x32,0x06,0x00,
	0xf4,0xe1,0x09,0x00,0x08,0x00,0x00,0x01,0xe0,0x32,0x06,0x00,0xd0,0xe1,0x09,0x00,
	0x08,0x00,0x00,0x01,0x20,0x33,0x06,0x00,0xac,0xe1,0x09,0x00,0x1f,0x00,0x00,0x01,
	0x50,0x33,0x06,0x00,0x2c,0xe1,0x09,0x00,0x00,0x00,0x00,0x01,0xd0,0x33,0x06,0x00,
	0x28,0xe1,0x09,0x00,0x01,0x00,0x00,0x01,0x00,0x34,0x06,0x00,0x20,0xe1,0x09,0x00,
	0x00,0x00,0x00,0x01,0x10,0x34,0x06,0x00,0x1c,0xe1,0x09,0x00,0x0f,0x00,0x00,0x01,
	0x20,0x34,0x06,0x00,0xdc,0xe0,0x09,0x00,0x09,0x00,0x00,0x01,0x80,0x34,0x06,0x00,
	0xb4,0xe0,0x09,0x00,0x01,0x00,0x00,0x01,0x40,0x35,0x06,0x00,0xac,0xe0,0x09,0x00,
	0x00,0x00,0x00,0x01,0xe0,0x35,0x06,0x00,0xa8,0xe0,0x09,0x00,0x03,0x00,0x00,0x01,
	0xf0,0x35,0x06,0x00,0x98,0xe0,0x09,0x00,0x00,0x00,0x00,0x01,0x00,0x38,0x06,0x00,
	0x94,0xe0,0x09,0x00,0x01,0x00,0x00,0x01,0x14,0x38,0x06,0x00,0x8c,0xe0,0x09,0x00,
	0x01,0x00,0x00,0x01,0x44,0x38,0x06,0x00,0x84,0xe0,0x09,0x00,0x00,0x00,0x00,0x01,
	0x60,0x38,0x06,0x00,0x80,0xe0,0x09,0x00,0x00,0x00,0x00,0x01,0x10,0x39,0x06,0x00,
	0x7c,0xe0,0x09,0x00,0x00,0x00,0x00,0x01,0x60,0x3a,0x06,0x00,0x78,0xe0,0x09,0x00,
	0x00,0x00,0x00,0x01,0x70,0x3a,0x06,0x00,0x74,0xe0,0x09,0x00,0x00,0x00,0x00,0x01,
	0x00,0x42,0x06,0x00,0x70,0xe0,0x09,0x00,0x07,0x00,0x00,0x01,0x10,0x42,0x06,0x00,
	0x50,0xe0,0x09,0x00,0x00,0x00,0x00,0x01,0x50,0x42,0x06,0x00,0x4c,0xe0,0x09,0x00,
	0x00,0x00,0x00,0x01,0x70,0x42,0x06,0x00,0x48,0xe0,0x09,0x00,0x01,0x00,0x00,0x01,
	0x90,0x42,0x06,0x00,0x40,0xe0,0x09,0x00,0x00,0x00,0x00,0x01,0x00,0x43,0x06,0x00,
	0x3c,0xe0,0x09,0x00,0x03,0x00,0x00,0x01,0x10,0x43,0x06,0x00,0x2c,0xe0,0x09,0x00,
	0x03,0x00,0x00,0x01,0x20,0x43,0x06,0x00,0x1c,0xe0,0x09,0x00,0x00,0x00,0x00,0x01,
	0x50,0x43,0x06,0x00,0x18,0xe0,0x09,0x00,0x00,0x00,0x00,0x01,0x70,0x43,0x06,0x00,
	0x14,0xe0,0x09,0x00,0x01,0x00,0x00,0x01,0x90,0x43,0x06,0x00,0x0c,0xe0,0x09,0x00,
	0x00,0x00,0x00,0x01,0x00,0x44,0x06,0x00,0x08,0xe0,0x09,0x00,0x07,0x00,0x00,0x01,
	0x10,0x44,0x06,0x00,0xe8,0xdf,0x09,0x00,0x00,0x00,0x00,0x01,0x50,0x44,0x06,0x00,
	0xe4,0xdf,0x09,0x00,0x00,0x00,0x00,0x01,0x70,0x44,0x06,0x00,0xe0,0xdf,0x09,0x00,
	0x01,0x00,0x00,0x01,0x90,0x44,0x06,0x00,0xd8,0xdf,0x09,0x00,0x00,0x00,0x00,0x01,
	0x00,0x45,0x06,0x00,0xd4,0xdf,0x09,0x00,0x07,0x00,0x00,0x01,0x10,0x45,0x06,0x00,
	0xb4,0xdf,0x09,0x00,0x00,0x00,0x00,0x01,0x50,0x45,0x06,0x00,0xb0,0xdf,0x09,0x00,
	0x00,0x00,0x00,0x01,0x70,0x45,0x06,0x00,0xac,0xdf,0x09,0x00,0x01,0x00,0x00,0x01,
	0x90,0x45,0x06,0x00,0xa4,0xdf,0x09,0x00,0x00,0x00,0x00,0x01,0x00,0x46,0x06,0x00,
	0xa0,0xdf,0x09,0x00,0x07,0x00,0x00,0x01,0x10,0x46,0x06,0x00,0x80,0xdf,0x09,0x00,
	0x00,0x00,0x00,0x01,0x50,0x46,0x06,0x00,0x7c,0xdf,0x09,0x00,0x00,0x00,0x00,0x01,
	0x70,0x46,0x06,0x00,0x78,0xdf,0x09,0x00,0x01,0x00,0x00,0x01,0x90,0x46,0x06,0x00,
	0x70,0xdf,0x09,0x00,0x00,0x00,0x00,0x01,0x00,0x47,0x06,0x00,0x6c,0xdf,0x09,0x00,
	0x07,0x00,0x00,0x01,0x10,0x47,0x06,0x00,0x4c,0xdf,0x09,0x00,0x00,0x00,0x00,0x01,
	0x50,0x47,0x06,0x00,0x48,0xdf,0x09,0x00,0x00,0x00,0x00,0x01,0x70,0x47,0x06,0x00,
	0x44,0xdf,0x09,0x00,0x01,0x00,0x00,0x01,0x90,0x47,0x06,0x00,0x3c,0xdf,0x09,0x00,
	0x00,0x00,0x00,0x01,0x00,0x48,0x06,0x00,0x38,0xdf,0x09,0x00,0x02,0x00,0x00,0x01,
	0x10,0x48,0x06,0x00,0x2c,0xdf,0x09,0x00,0x04,0x00,0x00,0x01,0x1c,0x48,0x06,0x00,
	0x18,0xdf,0x09,0x00,0x00,0x00,0x00,0x01,0x50,0x48,0x06,0x00,0x14,0xdf,0x09,0x00,
	0x00,0x00,0x00,0x01,0x70,0x48,0x06,0x00,0x10,0xdf,0x09,0x00,0x01,0x00,0x00,0x01,
	0x90,0x48,0x06,0x00,0x08,0xdf,0x09,0x00,0x01,0x00,0x00,0x01,0x0c,0x58,0x06,0x00,
	0x00,0xdf,0x09,0x00,0x00,0x00,0x00,0x01,0x80,0x58,0x06,0x00,0xfc,0xde,0x09,0x00,
	0x05,0x00,0x00,0x01,0x94,0x58,0x06,0x00,0xe4,0xde,0x09,0x00,0x00,0x00,0x00,0x01,
	0xf0,0x58,0x06,0x00,0xe0,0xde,0x09,0x00,0x01,0x00,0x00,0x01,0x0c,0x59,0x06,0x00,
	0xd8,0xde,0x09,0x00,0x00,0x00,0x00,0x01,0x80,0x59,0x06,0x00,0xd4,0xde,0x09,0x00,
	0x05,0x00,0x00,0x01,0x94,0x59,0x06,0x00,0xbc,0xde,0x09,0x00,0x00,0x00,0x00,0x01,
	0xf0,0x59,0x06,0x00,0xb8,0xde,0x09,0x00,0x07,0x00,0x00,0x01,0xa0,0x5f,0x06,0x00,
	0x98,0xde,0x09,0x00,0x07,0x00,0x00,0x01,0xe0,0x5f,0x06,0x00,0x78,0xde,0x09,0x00,
	0x00,0x00,0x00,0x01,0x00,0xe0,0x06,0x00,0x74,0xde,0x09,0x00,0x00,0x00,0x00,0x01,
	0x0c,0xe0,0x06,0x00,0x70,0xde,0x09,0x00,0x00,0x00,0x00,0x01,0x00,0xe4,0x06,0x00,
	0x6c,0xde,0x09,0x00,0x01,0x00,0x00,0x01,0x10,0xe5,0x06,0x00,0x64,0xde,0x09,0x00,
	0x05,0x00,0x00,0x01,0x20,0xe5,0x06,0x00,0x4c,0xde,0x09,0x00,0x01,0x00,0x00,0x01,
	0x44,0xe5,0x06,0x00,0x44,0xde,0x09,0x00,0x02,0x00,0x00,0x01,0x5c,0xe5,0x06,0x00,
	0x38,0xde,0x09,0x00,0x01,0x00,0x00,0x01,0x70,0xe5,0x06,0x00,0x30,0xde,0x09,0x00,
	0x00,0x00,0x00,0x01,0x90,0xe5,0x06,0x00,0x2c,0xde,0x09,0x00,0x00,0x00,0x00,0x01,
	0x00,0xe8,0x06,0x00,0x28,0xde,0x09,0x00,0x00,0x00,0x00,0x01,0x0c,0xe8,0x06,0x00,
	0x24,0xde,0x09,0x00,0x00,0x00,0x00,0x01,0x00,0xec,0x06,0x00,0x20,0xde,0x09,0x00,
	0x00,0x00,0x00,0x01,0x28,0xec,0x06,0x00,0x1c,0xde,0x09,0x00,0x01,0x00,0x00,0x01,
	0x10,0xed,0x06,0x00,0x14,0xde,0x09,0x00,0x01,0x00,0x00,0x01,0x20,0xed,0x06,0x00,
	0x0c,0xde,0x09,0x00,0x02,0x00,0x00,0x01,0x2c,0xed,0x06,0x00,0x00,0xde,0x09,0x00,
	0x01,0x00,0x00,0x01,0x44,0xed,0x06,0x00,0xf8,0xdd,0x09,0x00,0x02,0x00,0x00,0x01,
	0x5c,0xed,0x06,0x00,0xec,0xdd,0x09,0x00,0x01,0x00,0x00,0x01,0x70,0xed,0x06,0x00,
	0xe4,0xdd,0x09,0x00,0x00,0x00,0x00,0x01,0x90,0xed,0x06,0x00,0xe0,0xdd,0x09,0x00,
	0x00,0x00,0x00,0x01,0x08,0x20,0x07,0x00,0xdc,0xdd,0x09,0x00,0x00,0x00,0x00,0x01,
	0x20,0x20,0x07,0x00,0xd8,0xdd,0x09,0x00,0x00,0x00,0x00,0x01,0x08,0x30,0x07,0x00,
	0xd4,0xdd,0x09,0x00,0x00,0x00,0x00,0x01,0x20,0x30,0x07,0x00,0xd0,0xdd,0x09,0x00,
	0x00,0x00,0x00,0x01,0x08,0xd0,0x07,0x00,0xcc,0xdd,0x09,0x00,0x00,0x00,0x00,0x01,
	0x08,0xe0,0x07,0x00,0xc8,0xdd,0x09,0x00,0x05,0x00,0x01,0x04,0x01,0x00,0x00,0x00,
	0xf0,0xf7,0x05,0x00,0x00,0x00,0x01,0x03,0x08,0x84,0xdc,0x8e,0x00,0x00,0x01,0x03,
	0xdc,0x8e,0x8c,0x96,0x00,0x00,0x01,0x03,0xdc,0x8e,0x8c,0x96,0x00,0x00,0x00,0x01,
	0x60,0xe7,0x09,0x00,0x14,0x23,0x04,0x00,0x00,0x00,0x00,0x01,0x5c,0xe7,0x09,0x00,
	0x10,0x04,0x05,0x00,0x01,0x00,0x00,0x01,0x54,0xe7,0x09,0x00,0x50,0x04,0x05,0x00,
	0x01,0x00,0x00,0x01,0x4c,0xe7,0x09,0x00,0x90,0x04,0x05,0x00,0x07,0x00,0x00,0x01,
	0x2c,0xe7,0x09,0x00,0xb0,0x04,0x05,0x00,0x00,0x00,0x00,0x01,0x28,0xe7,0x09,0x00,
	0xf0,0x04,0x05,0x00,0x06,0x00,0x00,0x01,0x0c,0xe7,0x09,0x00,0x00,0x10,0x06,0x00,
	0x04,0x00,0x00,0x01,0xf8,0xe6,0x09,0x00,0x24,0x10,0x06,0x00,0x00,0x00,0x00,0x01,
	0xf4,0xe6,0x09,0x00,0x40,0x10,0x06,0x00,0x03,0x00,0x00,0x01,0xe4,0xe6,0x09,0x00,
	0x74,0x10,0x06,0x00,0x02,0x00,0x00,0x01,0xd8,0xe6,0x09,0x00,0xa0,0x10,0x06,0x00,
	0x00,0x00,0x00,0x01,0xd4,0xe6,0x09,0x00,0x10,0x12,0x06,0x00,0x07,0x00,0x00,0x01,
	0xb4,0xe6,0x09,0x00,0x20,0x12,0x06,0x00,0x07,0x00,0x00,0x01,0x94,0xe6,0x09,0x00,
	0x60,0x12,0x06,0x00,0x07,0x00,0x00,0x01,0x74,0xe6,0x09,0x00,0xa0,0x12,0x06,0x00,
	0x08,0x00,0x00,0x01,0x50,0xe6,0x09,0x00,0xe0,0x12,0x06,0x00,0x08,0x00,0x00,0x01,
	0x2c,0xe6,0x09,0x00,0x20,0x13,0x06,0x00,0x20,0x00,0x00,0x01,0xa8,0xe5,0x09,0x00,
	0x50,0x13,0x06,0x00,0x00,0x00,0x00,0x01,0xa4,0xe5,0x09,0x00,0x10,0x14,0x06,0x00,
	0x00,0x00,0x00,0x01,0xa0,0xe5,0x09,0x00,0x20,0x14,0x06,0x00,0x01,0x00,0x00,0x01,
	0x98,0xe5,0x09,0x00,0x28,0x14,0x06,0x00,0x08,0x00,0x00,0x01,0x74,0xe5,0x09,0x00,
	0x3c,0x14,0x06,0x00,0x00,0x00,0x00,0x01,0x70,0xe5,0x09,0x00,0x80,0x14,0x06,0x00,
	0x08,0x00,0x00,0x01,0x4c,0xe5,0x09,0x00,0x84,0x14,0x06,0x00,0x00,0x00,0x00,0x01,
	0x48,0xe5,0x09,0x00,0x44,0x15,0x06,0x00,0x00,0x00,0x00,0x01,0x44,0xe5,0x09,0x00,
	0xe0,0x15,0x06,0x00,0x02,0x00,0x00,0x01,0x38,0xe5,0x09,0x00,0xf4,0x15,0x06,0x00,
	0x01,0x00,0x00,0x01,0x30,0xe5,0x09,0x00,0x14,0x18,0x06,0x00,0x00,0x00,0x00,0x01,
	0x2c,0xe5,0x09,0x00,0x48,0x18,0x06,0x00,0x00,0x00,0x00,0x01,0x28,0xe5,0x09,0x00,
	0x10,0x19,0x06,0x00,0x00,0x00,0x00,0x01,0x24,0xe5,0x09,0x00,0x48,0x19,0x06,0x00,
	0x00,0x00,0x00,0x01,0x20,0xe5,0x09,0x00,0x60,0x1a,0x06,0x00,0x00,0x00,0x00,0x01,
	0x1c,0xe5,0x09,0x00,0x70,0x1a,0x06,0x00,0x06,0x00,0x00,0x01,0x00,0xe5,0x09,0x00,
	0x00,0x20,0x06,0x00,0x04,0x00,0x00,0x01,0xec,0xe4,0x09,0x00,0x24,0x20,0x06,0x00,
	0x01,0x00,0x00,0x01,0xe4,0xe4,0x09,0x00,0x40,0x20,0x06,0x00,0x03,0x00,0x00,0x01,
	0xd4,0xe4,0x09,0x00,0x74,0x20,0x06,0x00,0x02,0x00,0x00,0x01,0xc8,0xe4,0x09,0x00,
	0xa0,0x20,0x06,0x00,0x00,0x00,0x00,0x01,0xc4,0xe4,0x09,0x00,0x00,0x22,0x06,0x00,
	0x00,0x00,0x00,0x01,0xc0,0xe4,0x09,0x00,0x10,0x22,0x06,0x00,0x07,0x00,0x00,0x01,
	0xa0,0xe4,0x09,0x00,0x20,0x22,0x06,0x00,0x07,0x00,0x00,0x01,0x80,0xe4,0x09,0x00,
	0x60,0x22,0x06,0x00,0x0d,0x00,0x00,0x01,0x48,0xe4,0x09,0x00,0x88,0x22,0x06,0x00,
	0x06,0x00,0x00,0x01,0x2c,0xe4,0x09,0x00,0xe0,0x22,0x06,0x00,0x01,0x00,0x00,0x01,
	0x24,0xe4,0x09,0x00,0xfc,0x22,0x06,0x00,0x08,0x00,0x00,0x01,0x00,0xe4,0x09,0x00,
	0x20,0x23,0x06,0x00,0x20,0x00,0x00,0x01,0x7c,0xe3,0x09,0x00,0x50,0x23,0x06,0x00,
	0x01,0x00,0x00,0x01,0x74,0xe3,0x09,0x00,0x00,0x24,0x06,0x00,0x00,0x00,0x00,0x01,
	0x70,0xe3,0x09,0x00,0x10,0x24,0x06,0x00,0x0f,0x00,0x00,0x01,0x30,0xe3,0x09,0x00,
	0x20,0x24,0x06,0x00,0x00,0x00,0x00,0x01,0x2c,0xe3,0x09,0x00,0x80,0x24,0x06,0x00,
	0x08,0x00,0x00,0x01,0x08,0xe3,0x09,0x00,0x84,0x24,0x06,0x00,0x01,0x00,0x00,0x01,
	0x00,0xe3,0x09,0x00,0x40,0x25,0x06,0x00,0x00,0x00,0x00,0x01,0xfc,0xe2,0x09,0x00,
	0xe0,0x25,0x06,0x00,0x03,0x00,0x00,0x01,0xec,0xe2,0x09,0x00,0xf0,0x25,0x06,0x00,
	0x00,0x00,0x00,0x01,0xe8,0xe2,0x09,0x00,0x00,0x28,0x06,0x00,0x01,0x00,0x00,0x01,
	0xe0,0xe2,0x09,0x00,0x14,0x28,0x06,0x00,0x01,0x00,0x00,0x01,0xd8,0xe2,0x09,0x00,
	0x44,0x28,0x06,0x00,0x00,0x00,0x00,0x01,0xd4,0xe2,0x09,0x00,0x60,0x28,0x06,0x00,
	0x00,0x00,0x00,0x01,0xd0,0xe2,0x09,0x00,0x10,0x29,0x06,0x00,0x00,0x00,0x00,0x01,
	0xcc,0xe2,0x09,0x00,0x60,0x2a,0x06,0x00,0x00,0x00,0x00,0x01,0xc8,0xe2,0x09,0x00,
	0x70,0x2a,0x06,0x00,0x06,0x00,0x00,0x01,0xac,0xe2,0x09,0x00,0x00,0x30,0x06,0x00,
	0x04,0x00,0x00,0x01,0x98,0xe2,0x09,0x00,0x24,0x30,0x06,0x00,0x01,0x00,0x00,0x01,
	0x90,0xe2,0x09,0x00,0x40,0x30,0x06,0x00,0x03,0x00,0x00,0x01,0x80,0xe2,0x09,0x00,
	0x74,0x30,0x06,0x00,0x02,0x00,0x00,0x01,0x74,0xe2,0x09,0x00,0xa0,0x30,0x06,0x00,
	0x00,0x00,0x00,0x01,0x70,0xe2,0x09,0x00,0x00,0x32,0x06,0x00,0x00,0x00,0x00,0x01,
	0x6c,0xe2,0x09,0x00,0x10,0x32,0x06,0x00,0x07,0x00,0x00,0x01,0x4c,0xe2,0x09,0x00,
	0x20,0x32,0x06,0x00,0x07,0x00,0x00,0x01,0x2c,0xe2,0x09,0x00,0x60,0x32,0x06,0x00,
	0x0d,0x00,0x00,0x01,0xf4,0xe1,0x09,0x00,0x88,0x32,0x06,0x00,0x08,0x00,0x00,0x01,
	0xd0,0xe1,0x09,0x00,0xe0,0x32,0x06,0x00,0x08,0x00,0x00,0x01,0xac,0xe1,0x09,0x00,
	0x20,0x33,0x06,0x00,0x1f,0x00,0x00,0x01,0x2c,0xe1,0x09,0x00,0x50,0x33,0x06,0x00,
	0x00,0x00,0x00,0x01,0x28,0xe1,0x09,0x00,0xd0,0x33,0x06,0x00,0x01,0x00,0x00,0x01,
	0x20,0xe1,0x09,0x00,0x00,0x34,0x06,0x00,0x00,0x00,0x00,0x01,0x1c,0xe1,0x09,0x00,
	0x10,0x34,0x06,0x00,0x0f,0x00,0x00,0x01,0xdc,0xe0,0x09,0x00,0x20,0x34,0x06,0x00,
	0x09,0x00,0x00,0x01,0xb4,0xe0,0x09,0x00,0x80,0x34,0x06,0x00,0x01,0x00,0x00,0x01,
	0xac,0xe0,0x09,0x00,0x40,0x35,0x06,0x00,0x00,0x00,0x00,0x01,0xa8,0xe0,0x09,0x00,
	0xe0,0x35,0x06,0x00,0x03,0x00,0x00,0x01,0x98,0xe0,0x09,0x00,0xf0,0x35,0x06,0x00,
	0x00,0x00,0x00,0x01,0x94,0xe0,0x09,0x00,0x00,0x38,0x06,0x00,0x01,0x00,0x00,0x01,
	0x8c,0xe0,0x09,0x00,0x14,0x38,0x06,0x00,0x01,0x00,0x00,0x01,0x84,0xe0,0x09,0x00,
	0x44,0x38,0x06,0x00,0x00,0x00,0x00,0x01,0x80,0xe0,0x09,0x00,0x60,0x38,0x06,0x00,
	0x00,0x00,0x00,0x01,0x7c,0xe0,0x09,0x00,0x10,0x39,0x06,0x00,0x00,0x00,0x00,0x01,
	0x78,0xe0,0x09,0x00,0x60,0x3a,0x06,0x00,0x00,0x00,0x00,0x01,0x74,0xe0,0x09,0x00,
	0x70,0x3a,0x06,0x00,0x00,0x00,0x00,0x01,0x70,0xe0,0x09,0x00,0x00,0x42,0x06,0x00,
	0x07,0x00,0x00,0x01,0x50,0xe0,0x09,0x00,0x10,0x42,0x06,0x00,0x00,0x00,0x00,0x01,
	0x4c,0xe0,0x09,0x00,0x50,0x42,0x06,0x00,0x00,0x00,0x00,0x01,0x48,0xe0,0x09,0x00,
	0x70,0x42,0x06,0x00,0x01,0x00,0x00,0x01,0x40,0xe0,0x09,0x00,0x90,0x42,0x06,0x00,
	0x00,0x00,0x00,0x01,0x3c,0xe0,0x09,0x00,0x00,0x43,0x06,0x00,0x03,0x00,0x00,0x01,
	0x2c,0xe0,0x09,0x00,0x10,0x43,0x06,0x00,0x03,0x00,0x00,0x01,0x1c,0xe0,0x09,0x00,
	0x20,0x43,0x06,0x00,0x00,0x00,0x00,0x01,0x18,0xe0,0x09,0x00,0x50,0x43,0x06,0x00,
	0x00,0x00,0x00,0x01,0x14,0xe0,0x09,0x00,0x70,0x43,0x06,0x00,0x01,0x00,0x00,0x01,
	0x0c,0xe0,0x09,0x00,0x90,0x43,0x06,0x00,0x00,0x00,0x00,0x01,0x08,0xe0,0x09,0x00,
	0x00,0x44,0x06,0x00,0x07,0x00,0x00,0x01,0xe8,0xdf,0x09,0x00,0x10,0x44,0x06,0x00,
	0x00,0x00,0x00,0x01,0xe4,0xdf,0x09,0x00,0x50,0x44,0x06,0x00,0x00,0x00,0x00,0x01,
	0xe0,0xdf,0x09,0x00,0x70,0x44,0x06,0x00,0x01,0x00,0x00,0x01,0xd8,0xdf,0x09,0x00,
	0x90,0x44,0x06,0x00,0x00,0x00,0x00,0x01,0xd4,0xdf,0x09,0x00,0x00,0x45,0x06,0x00,
	0x07,0x00,0x00,0x01,0xb4,0xdf,0x09,0x00,0x10,0x45,0x06,0x00,0x00,0x00,0x00,0x01,
	0xb0,0xdf,0x09,0x00,0x50,0x45,0x06,0x00,0x00,0x00,0x00,0x01,0xac,0xdf,0x09,0x00,
	0x70,0x45,0x06,0x00,0x01,0x00,0x00,0x01,0xa4,0xdf,0x09,0x00,0x90,0x45,0x06,0x00,
	0x00,0x00,0x00,0x01,0xa0,0xdf,0x09,0x00,0x00,0x46,0x06,0x00,0x07,0x00,0x00,0x01,
	0x80,0xdf,0x09,0x00,0x10,0x46,0x06,0x00,0x00,0x00,0x00,0x01,0x7c,0xdf,0x09,0x00,
	0x50,0x46,0x06,0x00,0x00,0x00,0x00,0x01,0x78,0xdf,0x09,0x00,0x70,0x46,0x06,0x00,
	0x01,0x00,0x00,0x01,0x70,0xdf,0x09,0x00,0x90,0x46,0x06,0x00,0x00,0x00,0x00,0x01,
	0x6c,0xdf,0x09,0x00,0x00,0x47,0x06,0x00,0x07,0x00,0x00,0x01,0x4c,0xdf,0x09,0x00,
	0x10,0x47,0x06,0x00,0x00,0x00,0x00,0x01,0x48,0xdf,0x09,0x00,0x50,0x47,0x06,0x00,
	0x00,0x00,0x00,0x01,0x44,0xdf,0x09,0x00,0x70,0x47,0x06,0x00,0x01,0x00,0x00,0x01,
	0x3c,0xdf,0x09,0x00,0x90,0x47,0x06,0x00,0x00,0x00,0x00,0x01,0x38,0xdf,0x09,0x00,
	0x00,0x48,0x06,0x00,0x02,0x00,0x00,0x01,0x2c,0xdf,0x09,0x00,0x10,0x48,0x06,0x00,
	0x04,0x00,0x00,0x01,0x18,0xdf,0x09,0x00,0x1c,0x48,0x06,0x00,0x00,0x00,0x00,0x01,
	0x14,0xdf,0x09,0x00,0x50,0x48,0x06,0x00,0x00,0x00,0x00,0x01,0x10,0xdf,0x09,0x00,
	0x70,0x48,0x06,0x00,0x01,0x00,0x00,0x01,0x08,0xdf,0x09,0x00,0x90,0x48,0x06,0x00,
	0x01,0x00,0x00,0x01,0x00,0xdf,0x09,0x00,0x0c,0x58,0x06,0x00,0x00,0x00,0x00,0x01,
	0xfc,0xde,0x09,0x00,0x80,0x58,0x06,0x00,0x05,0x00,0x00,0x01,0xe4,0xde,0x09,0x00,
	0x94,0x58,0x06,0x00,0x00,0x00,0x00,0x01,0xe0,0xde,0x09,0x00,0xf0,0x58,0x06,0x00,
	0x01,0x00,0x00,0x01,0xd8,0xde,0x09,0x00,0x0c,0x59,0x06,0x00,0x00,0x00,0x00,0x01,
	0xd4,0xde,0x09,0x00,0x80,0x59,0x06,0x00,0x05,0x00,0x00,0x01,0xbc,0xde,0x09,0x00,
	0x94,0x59,0x06,0x00,0x00,0x00,0x00,0x01,0xb8,0xde,0x09,0x00,0xf0,0x59,0x06,0x00,
	0x07,0x00,0x00,0x01,0x98,0xde,0x09,0x00,0xa0,0x5f,0x06,0x00,0x07,0x00,0x00,0x01,
	0x78,0xde,0x09,0x00,0xe0,0x5f,0x06,0x00,0x00,0x00,0x00,0x01,0x74,0xde,0x09,0x00,
	0x00,0xe0,0x06,0x00,0x00,0x00,0x00,0x01,0x70,0xde,0x09,0x00,0x0c,0xe0,0x06,0x00,
	0x00,0x00,0x00,0x01,0x6c,0xde,0x09,0x00,0x00,0xe4,0x06,0x00,0x01,0x00,0x00,0x01,
	0x64,0xde,0x09,0x00,0x10,0xe5,0x06,0x00,0x05,0x00,0x00,0x01,0x4c,0xde,0x09,0x00,
	0x20,0xe5,0x06,0x00,0x01,0x00,0x00,0x01,0x44,0xde,0x09,0x00,0x44,0xe5,0x06,0x00,
	0x02,0x00,0x00,0x01,0x38,0xde,0x09,0x00,0x5c,0xe5,0x06,0x00,0x01,0x00,0x00,0x01,
	0x30,0xde,0x09,0x00,0x70,0xe5,0x06,0x00,0x00,0x00,0x00,0x01,0x2c,0xde,0x09,0x00,
	0x90,0xe5,0x06,0x00,0x00,0x00,0x00,0x01,0x28,0xde,0x09,0x00,0x00,0xe8,0x06,0x00,
	0x00,0x00,0x00,0x01,0x24,0xde,0x09,0x00,0x0c,0xe8,0x06,0x00,0x00,0x00,0x00,0x01,
	0x20,0xde,0x09,0x00,0x00,0xec,0x06,0x00,0x00,0x00,0x00,0x01,0x1c,0xde,0x09,0x00,
	0x28,0xec,0x06,0x00,0x01,0x00,0x00,0x01,0x14,0xde,0x09,0x00,0x10,0xed,0x06,0x00,
	0x01,0x00,0x00,0x01,0x0c,0xde,0x09,0x00,0x20,0xed,0x06,0x00,0x02,0x00,0x00,0x01,
	0x00,0xde,0x09,0x00,0x2c,0xed,0x06,0x00,0x01,0x00,0x00,0x01,0xf8,0xdd,0x09,0x00,
	0x44,0xed,0x06,0x00,0x02,0x00,0x00,0x01,0xec,0xdd,0x09,0x00,0x5c,0xed,0x06,0x00,
	0x01,0x00,0x00,0x01,0xe4,0xdd,0x09,0x00,0x70,0xed,0x06,0x00,0x00,0x00,0x00,0x01,
	0xdc,0xdd,0x09,0x00,0x08,0x20,0x07,0x00,0x00,0x00,0x00,0x01,0xd8,0xdd,0x09,0x00,
	0x20,0x20,0x07,0x00,0x00,0x00,0x00,0x01,0xd4,0xdd,0x09,0x00,0x08,0x30,0x07,0x00,
	0x00,0x00,0x00,0x01,0xd0,0xdd,0x09,0x00,0x20,0x30,0x07,0x00,0x00,0x00,0x00,0x01,
	0xcc,0xdd,0x09,0x00,0x08,0xd0,0x07,0x00,0x00,0x00,0x00,0x01,0xc8,0xdd,0x09,0x00,
	0x08,0xe0,0x07,0x00,0x00,0x00,0x00,0x01,0xbc,0xef,0x09,0x00,0x40,0x32,0x04,0x00,
	0x00,0x00,0x00,0x01,0xb8,0xef,0x09,0x00,0x48,0x32,0x04,0x00,0x03,0x00,0x00,0x01,
	0xa8,0xef,0x09,0x00,0x60,0x32,0x04,0x00,0x00,0x00,0x00,0x01,0x9c,0xef,0x09,0x00,
	0x74,0x52,0x04,0x00,0x00,0x00,0x00,0x01,0x98,0xef,0x09,0x00,0x00,0x91,0x04,0x00,
	0x05,0x00,0x00,0x01,0x80,0xef,0x09,0x00,0x10,0x91,0x04,0x00,0x02,0x00,0x00,0x01,
	0x74,0xef,0x09,0x00,0x30,0x91,0x04,0x00,0x02,0x00,0x00,0x01,0x68,0xef,0x09,0x00,
	0x40,0x91,0x04,0x00,0x0c,0x00,0x00,0x01,0x34,0xef,0x09,0x00,0x50,0x91,0x04,0x00,
	0x04,0x00,0x00,0x01,0x1c,0xef,0x09,0x00,0x90,0x91,0x04,0x00,0x05,0x00,0x01,0x04,
	0x00,0x00,0x00,0x10,0xc0,0x91,0x04,0x00,0x00,0x00,0x00,0x01,0xe8,0xe7,0x09,0x00,
	0xc0,0x91,0x04,0x00,0x05,0x00,0x01,0x04,0x00,0x00,0x00,0x10,0xc0,0x91,0x04,0x00,
	0x00,0x00,0x00,0x01,0x18,0xef,0x09,0x00,0xc8,0x91,0x04,0x00,0x00,0x00,0x00,0x01,
	0x14,0xef,0x09,0x00,0x80,0x94,0x04,0x00,0x00,0x00,0x00,0x01,0x10,0xef,0x09,0x00,
	0x84,0x94,0x04,0x00,0x00,0x00,0x00,0x01,0x0c,0xef,0x09,0x00,0x8c,0x94,0x04,0x00,
	0x00,0x00,0x00,0x01,0x08,0xef,0x09,0x00,0xa0,0x94,0x04,0x00,0x04,0x00,0x00,0x01,
	0xf4,0xee,0x09,0x00,0xb0,0x94,0x04,0x00,0x05,0x00,0x00,0x01,0xdc,0xee,0x09,0x00,
	0xe0,0x94,0x04,0x00,0x00,0x00,0x00,0x01,0xd8,0xee,0x09,0x00,0x00,0xac,0x04,0x00,
	0x02,0x00,0x00,0x01,0xcc,0xee,0x09,0x00,0x10,0xac,0x04,0x00,0x02,0x00,0x00,0x01,
	0xc0,0xee,0x09,0x00,0x20,0xac,0x04,0x00,0x02,0x00,0x00,0x01,0xb4,0xee,0x09,0x00,
	0x30,0xac,0x04,0x00,0x00,0x00,0x00,0x01,0xb0,0xee,0x09,0x00,0x80,0xac,0x04,0x00,
	0x00,0x00,0x00,0x01,0xac,0xee,0x09,0x00,0x08,0xad,0x04,0x00,0x0e,0x00,0x00,0x01,
	0x70,0xee,0x09,0x00,0x18,0xad,0x04,0x00,0x01,0x00,0x00,0x01,0x68,0xee,0x09,0x00,
	0x1c,0x10,0x06,0x00,0x05,0x00,0x00,0x01,0x50,0xee,0x09,0x00,0x48,0x10,0x06,0x00,
	0x02,0x00,0x00,0x01,0x44,0xee,0x09,0x00,0x60,0x89,0x06,0x00,0x00,0x00,0x00,0x01,
	0x40,0xee,0x09,0x00,0x70,0x89,0x06,0x00,0x00,0x00,0x00,0x01,0x3c,0xee,0x09,0x00,
	0x80,0x89,0x06,0x00,0x00,0x00,0x00,0x01,0x38,0xee,0x09,0x00,0x88,0x89,0x06,0x00,
	0x00,0x00,0x00,0x01,0x34,0xee,0x09,0x00,0x94,0x89,0x06,0x00,0x01,0x00,0x00,0x01,
	0x2c,0xee,0x09,0x00,0xa8,0x89,0x06,0x00,0x00,0x00,0x00,0x01,0x28,0xee,0x09,0x00,
	0xd0,0x89,0x06,0x00,0x02,0x00,0x00,0x01,0x1c,0xee,0x09,0x00,0x60,0x8a,0x06,0x00,
	0x00,0x00,0x00,0x01,0x18,0xee,0x09,0x00,0x70,0x8a,0x06,0x00,0x00,0x00,0x00,0x01,
	0x14,0xee,0x09,0x00,0x80,0x8a,0x06,0x00,0x00,0x00,0x00,0x01,0x10,0xee,0x09,0x00,
	0x88,0x8a,0x06,0x00,0x00,0x00,0x00,0x01,0x0c,0xee,0x09,0x00,0x94,0x8a,0x06,0x00,
	0x01,0x00,0x00,0x01,0x04,0xee,0x09,0x00,0xa8,0x8a,0x06,0x00,0x00,0x00,0x00,0x01,
	0x00,0xee,0x09,0x00,0xd0,0x8a,0x06,0x00,0x00,0x00,0x00,0x01,0xfc,0xed,0x09,0x00,
	0x00,0x8b,0x06,0x00,0x00,0x00,0x00,0x01,0xf8,0xed,0x09,0x00,0x0c,0x8b,0x06,0x00,
	0x00,0x00,0x00,0x01,0xf4,0xed,0x09,0x00,0x04,0x10,0x07,0x00,0x04,0x00,0x00,0x01,
	0xe0,0xed,0x09,0x00,0x0c,0x10,0x07,0x00,0x09,0x00,0x00,0x01,0xb8,0xed,0x09,0x00,
	0x28,0x10,0x07,0x00,0x03,0x00,0x00,0x01,0xa8,0xed,0x09,0x00,0x54,0x10,0x07,0x00,
	0x00,0x00,0x00,0x01,0xa4,0xed,0x09,0x00,0x70,0x10,0x07,0x00,0x00,0x00,0x00,0x01,
	0xa0,0xed,0x09,0x00,0x80,0x10,0x07,0x00,0x00,0x00,0x00,0x01,0x9c,0xed,0x09,0x00,
	0x88,0x10,0x07,0x00,0x04,0x00,0x00,0x01,0x88,0xed,0x09,0x00,0x90,0x10,0x07,0x00,
	0x00,0x00,0x00,0x01,0x84,0xed,0x09,0x00,0xc0,0x10,0x07,0x00,0x05,0x00,0x00,0x01,
	0x6c,0xed,0x09,0x00,0xd0,0x10,0x07,0x00,0x07,0x00,0x00,0x01,0x4c,0xed,0x09,0x00,
	0x40,0x11,0x07,0x00,0x00,0x00,0x00,0x01,0x48,0xed,0x09,0x00,0x68,0x11,0x07,0x00,
	0x08,0x00,0x00,0x01,0x24,0xed,0x09,0x00,0x78,0x11,0x07,0x00,0x08,0x00,0x00,0x01,
	0x00,0xed,0x09,0x00,0xa0,0x11,0x07,0x00,0x01,0x00,0x00,0x01,0xf8,0xec,0x09,0x00,
	0xc8,0x11,0x07,0x00,0x14,0x00,0x00,0x01,0x78,0xec,0x09,0x00,0xe0,0x11,0x07,0x00,
	0x09,0x00,0x00,0x01,0xd0,0xec,0x09,0x00,0x38,0x12,0x07,0x00,0x01,0x00,0x00,0x01,
	0x70,0xec,0x09,0x00,0x68,0x12,0x07,0x00,0x08,0x00,0x00,0x01,0x4c,0xec,0x09,0x00,
	0x78,0x12,0x07,0x00,0x08,0x00,0x00,0x01,0x28,0xec,0x09,0x00,0xa0,0x12,0x07,0x00,
	0x01,0x00,0x00,0x01,0x20,0xec,0x09,0x00,0xc8,0x12,0x07,0x00,0x1f,0x00,0x00,0x01,
	0xa0,0xeb,0x09,0x00,0xe0,0x12,0x07,0x00,0x01,0x00,0x00,0x01,0x98,0xeb,0x09,0x00,
	0x68,0x13,0x07,0x00,0x08,0x00,0x00,0x01,0x74,0xeb,0x09,0x00,0x78,0x13,0x07,0x00,
	0x08,0x00,0x00,0x01,0x50,0xeb,0x09,0x00,0xa0,0x13,0x07,0x00,0x01,0x00,0x00,0x01,
	0x48,0xeb,0x09,0x00,0xc8,0x13,0x07,0x00,0x1f,0x00,0x00,0x01,0xc8,0xea,0x09,0x00,
	0xe0,0x13,0x07,0x00,0x01,0x00,0x00,0x01,0xc0,0xea,0x09,0x00,0x68,0x14,0x07,0x00,
	0x07,0x00,0x00,0x01,0xa0,0xea,0x09,0x00,0x7c,0x14,0x07,0x00,0x01,0x00,0x00,0x01,
	0x98,0xea,0x09,0x00,0xa0,0x14,0x07,0x00,0x05,0x00,0x00,0x01,0x80,0xea,0x09,0x00,
	0xac,0x14,0x07,0x00,0x00,0x00,0x00,0x01,0x7c,0xea,0x09,0x00,0xcc,0x14,0x07,0x00,
	0x07,0x00,0x00,0x01,0x5c,0xea,0x09,0x00,0x40,0x15,0x07,0x00,0x01,0x00,0x00,0x01,
	0x54,0xea,0x09,0x00,0x68,0x15,0x07,0x00,0x07,0x00,0x00,0x01,0x34,0xea,0x09,0x00,
	0x7c,0x15,0x07,0x00,0x01,0x00,0x00,0x01,0x2c,0xea,0x09,0x00,0xa0,0x15,0x07,0x00,
	0x05,0x00,0x00,0x01,0x14,0xea,0x09,0x00,0xac,0x15,0x07,0x00,0x00,0x00,0x00,0x01,
	0x10,0xea,0x09,0x00,0xcc,0x15,0x07,0x00,0x07,0x00,0x00,0x01,0xf0,0xe9,0x09,0x00,
	0x40,0x16,0x07,0x00,0x01,0x00,0x00,0x01,0xe8,0xe9,0x09,0x00,0x68,0x16,0x07,0x00,
	0x00,0x00,0x00,0x01,0xe4,0xe9,0x09,0x00,0x7c,0x16,0x07,0x00,0x00,0x00,0x00,0x01,
	0xe0,0xe9,0x09,0x00,0x80,0x18,0x07,0x00,0x03,0x00,0x00,0x01,0xd0,0xe9,0x09,0x00,
	0x90,0x18,0x07,0x00,0x03,0x00,0x00,0x01,0xc0,0xe9,0x09,0x00,0xb0,0x18,0x07,0x00,
	0x03,0x00,0x00,0x01,0xb0,0xe9,0x09,0x00,0xd0,0x18,0x07,0x00,0x03,0x00,0x00,0x01,
	0xa0,0xe9,0x09,0x00,0xf0,0x18,0x07,0x00,0x03,0x00,0x00,0x01,0x90,0xe9,0x09,0x00,
	0x20,0x19,0x07,0x00,0x02,0x00,0x00,0x01,0x84,0xe9,0x09,0x00,0x0c,0x1b,0x07,0x00,
	0x00,0x00,0x00,0x01,0x80,0xe9,0x09,0x00,0x1c,0x1b,0x07,0x00,0x00,0x00,0x00,0x01,
	0x7c,0xe9,0x09,0x00,0x28,0x1b,0x07,0x00,0x02,0x00,0x00,0x01,0x60,0xe9,0x09,0x00,
	0x30,0x1b,0x07,0x00,0x02,0x00,0x00,0x01,0x70,0xe9,0x09,0x00,0x40,0x1b,0x07,0x00,
	0x00,0x00,0x00,0x01,0x5c,0xe9,0x09,0x00,0xf0,0x1b,0x07,0x00,0x02,0x00,0x00,0x01,
	0x50,0xe9,0x09,0x00,0x0c,0x1c,0x07,0x00,0x00,0x00,0x00,0x01,0x4c,0xe9,0x09,0x00,
	0x1c,0x1c,0x07,0x00,0x00,0x00,0x00,0x01,0x48,0xe9,0x09,0x00,0x28,0x1c,0x07,0x00,
	0x06,0x00,0x00,0x01,0x2c,0xe9,0x09,0x00,0x30,0x1c,0x07,0x00,0x00,0x00,0x00,0x01,
	0x28,0xe9,0x09,0x00,0xf0,0x1c,0x07,0x00,0x02,0x00,0x00,0x01,0x1c,0xe9,0x09,0x00,
	0x0c,0x1d,0x07,0x00,0x00,0x00,0x00,0x01,0x18,0xe9,0x09,0x00,0x1c,0x1d,0x07,0x00,
	0x00,0x00,0x00,0x01,0x14,0xe9,0x09,0x00,0x28,0x1d,0x07,0x00,0x06,0x00,0x00,0x01,
	0xf8,0xe8,0x09,0x00,0x30,0x1d,0x07,0x00,0x00,0x00,0x00,0x01,0xf4,0xe8,0x09,0x00,
	0xf0,0x1d,0x07,0x00,0x0a,0x00,0x00,0x01,0xc8,0xe8,0x09,0x00,0x00,0x82,0x07,0x00,
	0x00,0x00,0x00,0x01,0xc4,0xe8,0x09,0x00,0x34,0x82,0x07,0x00,0x04,0x00,0x00,0x01,
	0xb0,0xe8,0x09,0x00,0x50,0x82,0x07,0x00,0x10,0x00,0x00,0x01,0x6c,0xe8,0x09,0x00,
	0x70,0x82,0x07,0x00,0x08,0x00,0x00,0x01,0x48,0xe8,0x09,0x00,0x08,0x83,0x07,0x00,
	0x00,0x00,0x00,0x01,0x44,0xe8,0x09,0x00,0x34,0x83,0x07,0x00,0x04,0x00,0x00,0x01,
	0x30,0xe8,0x09,0x00,0x50,0x83,0x07,0x00,0x05,0x00,0x00,0x01,0x18,0xe8,0x09,0x00,
	0x70,0x83,0x07,0x00,0x0a,0x00,0x00,0x01,0xec,0xe7,0x09,0x00,0x88,0x83,0x07,0x00,
	0x05,0x00,0x01,0x04,0x00,0x08,0x00,0x10,0xc0,0x91,0x04,0x00,0x04,0x00,0x01,0x04,
	0x80,0xff,0xff,0xff,0xc0,0x91,0x04,0x00,0xa0,0x00,0x00,0x01,0x50,0xdc,0x09,0x00,
	0xc4,0x91,0x04,0x00,0x04,0x00,0x01,0x04,0xff,0xf7,0xff,0xff,0xc0,0x91,0x04,0x00,
	0x04,0x00,0x01,0x04,0x80,0xff,0xff,0xff,0xc0,0x91,0x04,0x00,0x9f,0x00,0x00,0x01,
	0xd0,0xdb,0x09,0x00,0xc4,0x91,0x04,0x00,0x00,0x00,0x00,0x01,0xe8,0xe7,0x09,0x00,
	0xc0,0x91,0x04,0x00,0x00,0x00,0x01,0x01,0x00,0x04,0x00,0x00,0x84,0xac,0x04,0x00,
	0xbe,0x00,0x00,0x01,0xc4,0xd9,0x09,0x00,0x88,0xac,0x04,0x00,0xbe,0x00,0x00,0x01,
	0xc0,0xda,0x09,0x00,0x88,0xac,0x04,0x00,0x84,0x00,0x00,0x01,0xbc,0xdb,0x09,0x00,
	0x88,0xac,0x04,0x00,0x00,0x00,0x00,0x01,0xe4,0xe7,0x09,0x00,0x84,0xac,0x04,0x00,
	0x00,0x00,0x01,0x01,0x00,0x04,0x00,0x00,0x00,0xad,0x04,0x00,0xbe,0x00,0x00,0x01,
	0xb8,0xc5,0x09,0x00,0x04,0xad,0x04,0x00,0xbe,0x00,0x00,0x01,0xb4,0xc6,0x09,0x00,
	0x04,0xad,0x04,0x00,0x82,0x00,0x00,0x01,0xb0,0xc7,0x09,0x00,0x04,0xad,0x04,0x00,
	0x00,0x00,0x00,0x01,0xe0,0xe7,0x09,0x00,0x00,0xad,0x04,0x00,0x00,0x00,0x01,0x01,
	0x00,0x04,0x00,0x00,0x98,0x89,0x06,0x00,0xbb,0x00,0x00,0x01,0xd4,0xd8,0x09,0x00,
	0x9c,0x89,0x06,0x00,0x00,0x00,0x00,0x01,0xdc,0xe7,0x09,0x00,0x98,0x89,0x06,0x00,
	0x00,0x00,0x01,0x01,0x00,0x04,0x00,0x00,0xa0,0x89,0x06,0x00,0xbb,0x00,0x00,0x01,
	0xe4,0xd7,0x09,0x00,0xa4,0x89,0x06,0x00,0x00,0x00,0x00,0x01,0xd8,0xe7,0x09,0x00,
	0xa0,0x89,0x06,0x00,0x00,0x00,0x01,0x01,0x00,0x04,0x00,0x00,0x98,0x8a,0x06,0x00,
	0xbb,0x00,0x00,0x01,0xf4,0xd6,0x09,0x00,0x9c,0x8a,0x06,0x00,0x00,0x00,0x00,0x01,
	0xd4,0xe7,0x09,0x00,0x98,0x8a,0x06,0x00,0x00,0x00,0x01,0x01,0x00,0x00,0x01,0x00,
	0x04,0x8b,0x06,0x00,0xbe,0x00,0x00,0x01,0x58,0xd3,0x09,0x00,0x08,0x8b,0x06,0x00,
	0xbe,0x00,0x00,0x01,0x54,0xd4,0x09,0x00,0x08,0x8b,0x06,0x00,0xac,0x00,0x00,0x01,
	0x50,0xd5,0x09,0x00,0x08,0x8b,0x06,0x00,0x00,0x00,0x00,0x01,0xcc,0xe7,0x09,0x00,
	0x04,0x8b,0x06,0x00,0x00,0x00,0x01,0x01,0x00,0x04,0x00,0x00,0xb0,0x10,0x07,0x00,
	0xa2,0x00,0x00,0x01,0xcc,0xd2,0x09,0x00,0xb4,0x10,0x07,0x00,0x00,0x00,0x00,0x01,
	0xc8,0xe7,0x09,0x00,0xb0,0x10,0x07,0x00,0x00,0x00,0x01,0x01,0x00,0x04,0x00,0x00,
	0x60,0x11,0x07,0x00,0x88,0x00,0x00,0x01,0x94,0xc5,0x09,0x00,0x64,0x11,0x07,0x00,
	0x00,0x00,0x00,0x01,0xc4,0xe7,0x09,0x00,0x60,0x11,0x07,0x00,0x00,0x00,0x01,0x01,
	0x00,0x04,0x00,0x00,0xd0,0x11,0x07,0x00,0xbe,0x00,0x00,0x01,0xc0,0xd0,0x09,0x00,
	0xd4,0x11,0x07,0x00,0xbe,0x00,0x00,0x01,0xbc,0xd1,0x09,0x00,0xd4,0x11,0x07,0x00,
	0x84,0x00,0x00,0x01,0xb8,0xd2,0x09,0x00,0xd4,0x11,0x07,0x00,0x00,0x00,0x00,0x01,
	0xc0,0xe7,0x09,0x00,0xd0,0x11,0x07,0x00,0x00,0x00,0x01,0x01,0x00,0x04,0x00,0x00,
	0xd8,0x11,0x07,0x00,0xa2,0x00,0x00,0x01,0x34,0xd0,0x09,0x00,0xdc,0x11,0x07,0x00,
	0x00,0x00,0x00,0x01,0xbc,0xe7,0x09,0x00,0xd8,0x11,0x07,0x00,0x00,0x00,0x01,0x01,
	0x00,0x04,0x00,0x00,0x60,0x12,0x07,0x00,0x88,0x00,0x00,0x01,0x70,0xc5,0x09,0x00,
	0x64,0x12,0x07,0x00,0x00,0x00,0x00,0x01,0xb8,0xe7,0x09,0x00,0x60,0x12,0x07,0x00,
	0x00,0x00,0x01,0x01,0x00,0x04,0x00,0x00,0xd0,0x12,0x07,0x00,0xbe,0x00,0x00,0x01,
	0x28,0xce,0x09,0x00,0xd4,0x12,0x07,0x00,0xbe,0x00,0x00,0x01,0x24,0xcf,0x09,0x00,
	0xd4,0x12,0x07,0x00,0x84,0x00,0x00,0x01,0x20,0xd0,0x09,0x00,0xd4,0x12,0x07,0x00,
	0x00,0x00,0x00,0x01,0xb4,0xe7,0x09,0x00,0xd0,0x12,0x07,0x00,0x00,0x00,0x01,0x01,
	0x00,0x04,0x00,0x00,0xd8,0x12,0x07,0x00,0xa2,0x00,0x00,0x01,0x9c,0xcd,0x09,0x00,
	0xdc,0x12,0x07,0x00,0x00,0x00,0x00,0x01,0xb0,0xe7,0x09,0x00,0xd8,0x12,0x07,0x00,
	0x00,0x00,0x01,0x01,0x00,0x04,0x00,0x00,0x60,0x13,0x07,0x00,0x88,0x00,0x00,0x01,
	0x4c,0xc5,0x09,0x00,0x64,0x13,0x07,0x00,0x00,0x00,0x00,0x01,0xac,0xe7,0x09,0x00,
	0x60,0x13,0x07,0x00,0x00,0x00,0x01,0x01,0x00,0x04,0x00,0x00,0xd0,0x13,0x07,0x00,
	0xbe,0x00,0x00,0x01,0x90,0xcb,0x09,0x00,0xd4,0x13,0x07,0x00,0xbe,0x00,0x00,0x01,
	0x8c,0xcc,0x09,0x00,0xd4,0x13,0x07,0x00,0x84,0x00,0x00,0x01,0x88,0xcd,0x09,0x00,
	0xd4,0x13,0x07,0x00,0x00,0x00,0x00,0x01,0xa8,0xe7,0x09,0x00,0xd0,0x13,0x07,0x00,
	0x00,0x00,0x01,0x01,0x00,0x04,0x00,0x00,0xd8,0x13,0x07,0x00,0xa2,0x00,0x00,0x01,
	0x04,0xcb,0x09,0x00,0xdc,0x13,0x07,0x00,0x00,0x00,0x00,0x01,0xa4,0xe7,0x09,0x00,
	0xd8,0x13,0x07,0x00,0x00,0x00,0x01,0x01,0x00,0x04,0x00,0x00,0xd0,0x14,0x07,0x00,
	0xa2,0x00,0x00,0x01,0x78,0xca,0x09,0x00,0xd4,0x14,0x07,0x00,0x00,0x00,0x00,0x01,
	0xa0,0xe7,0x09,0x00,0xd0,0x14,0x07,0x00,0x00,0x00,0x01,0x01,0x00,0x04,0x00,0x00,
	0xd8,0x14,0x07,0x00,0xa2,0x00,0x00,0x01,0xec,0xc9,0x09,0x00,0xdc,0x14,0x07,0x00,
	0x00,0x00,0x00,0x01,0x9c,0xe7,0x09,0x00,0xd8,0x14,0x07,0x00,0x00,0x00,0x01,0x01,
	0x00,0x04,0x00,0x00,0xd0,0x15,0x07,0x00,0xa2,0x00,0x00,0x01,0x60,0xc9,0x09,0x00,
	0xd4,0x15,0x07,0x00,0x00,0x00,0x00,0x01,0x98,0xe7,0x09,0x00,0xd0,0x15,0x07,0x00,
	0x00,0x00,0x01,0x01,0x00,0x04,0x00,0x00,0xd8,0x15,0x07,0x00,0xa2,0x00,0x00,0x01,
	0xd4,0xc8,0x09,0x00,0xdc,0x15,0x07,0x00,0x00,0x00,0x00,0x01,0x94,0xe7,0x09,0x00,
	0xd8,0x15,0x07,0x00,0x00,0x00,0x00,0x01,0x90,0xe7,0x09,0x00,0x00,0x1b,0x07,0x00,
	0x00,0x00,0x00,0x01,0x8c,0xe7,0x09,0x00,0x04,0x1b,0x07,0x00,0x00,0x00,0x00,0x01,
	0x88,0xe7,0x09,0x00,0x08,0x1b,0x07,0x00,0x00,0x00,0x01,0x02,0x98,0xa7,0xcc,0xa7,
	0x00,0x00,0x00,0x01,0x08,0x1b,0x07,0x00,0xd8,0xdc,0x09,0x00,0x04,0x00,0x01,0x04,
	0x01,0x00,0x00,0x00,0xd8,0xdc,0x09,0x00,0x00,0x00,0x01,0x04,0x00,0x00,0x00,0x00,
	0xd8,0xdc,0x09,0x00,0x00,0x08,0x01,0x02,0xcc,0xa7,0x44,0xa8,0x00,0x00,0x01,0x02,
	0x98,0xa7,0xcc,0xa7,0x00,0x00,0x00,0x01,0x30,0xef,0x09,0x00,0xa4,0x91,0x04,0x00,
	0x00,0x00,0x00,0x01,0x84,0xe7,0x09,0x00,0x28,0x91,0x04,0x00,0x00,0x00,0x00,0x01,
	0x80,0xe7,0x09,0x00,0x74,0x89,0x06,0x00,0x00,0x00,0x00,0x01,0x7c,0xe7,0x09,0x00,
	0x74,0x8a,0x06,0x00,0x00,0x00,0x00,0x01,0x74,0xe7,0x09,0x00,0x9c,0x11,0x07,0x00,
	0x00,0x00,0x00,0x01,0x70,0xe7,0x09,0x00,0x9c,0x12,0x07,0x00,0x00,0x00,0x00,0x01,
	0x6c,0xe7,0x09,0x00,0x9c,0x13,0x07,0x00,0x00,0x00,0x00,0x01,0x68,0xe7,0x09,0x00,
	0x9c,0x14,0x07,0x00,0x00,0x00,0x00,0x01,0x64,0xe7,0x09,0x00,0x9c,0x15,0x07,0x00,
	0x00,0x00,0x00,0x01,0x78,0xe7,0x09,0x00,0x84,0x10,0x07,0x00,0x00,0x00,0x01,0x03,
	0xa4,0x96,0x3c,0x9e,0x05,0x00,0x01,0x04,0x10,0x00,0x00,0x00,0xf0,0xf7,0x05,0x00,
	0x00,0x00,0x01,0x03,0xa4,0x96,0x3c,0x9e,0x00,0x00,0x01,0x03,0x3c,0x9e,0x98,0xa7,
	0x00,0x00,0x00,0x01,0x6c,0xe9,0x09,0x00,0x3c,0x1b,0x07,0x00,0x00,0x00,0x00,0x01,
	0xa4,0xef,0x09,0x00,0x14,0x44,0x04,0x00,0x00,0x00,0x00,0x01,0xa0,0xef,0x09,0x00,
	0x1c,0x44,0x04,0x00,0x05,0x00,0x01,0x04,0x30,0x00,0x00,0x00,0xf0,0xf7,0x05,0x00,
	0x00,0x00,0x01,0x03,0xa4,0x96,0x3c,0x9e,0x00,0x00,0x01,0x03,0x3c,0x9e,0x98,0xa7,
	0x00,0x00,0x00,0x01,0x6c,0xe9,0x09,0x00,0x3c,0x1b,0x07,0x00,0x00,0x00,0x00,0x01,
	0xa4,0xef,0x09,0x00,0x14,0x44,0x04,0x00,0x00,0x00,0x00,0x01,0xa0,0xef,0x09,0x00,
	0x1c,0x44,0x04,0x00,0x05,0x00,0x01,0x04,0x30,0x00,0x00,0x00,0xf0,0xf7,0x05,0x00,
	0x00,0x00,0x00,0x01,0x54,0x52,0x04,0x00,0xc4,0xdd,0x09,0x00,0x00,0x00,0x01,0x01,
	0x01,0x00,0x00,0x00,0x54,0x52,0x04,0x00,0x00,0x00,0x01,0x03,0xa4,0x96,0x3c,0x9e,
	0x00,0x00,0x01,0x03,0x3c,0x9e,0x98,0xa7,0x00,0x00,0x00,0x01,0x6c,0xe9,0x09,0x00,
	0x3c,0x1b,0x07,0x00,0x00,0x00,0x00,0x01,0xa4,0xef,0x09,0x00,0x14,0x44,0x04,0x00,
	0x00,0x00,0x00,0x01,0xa0,0xef,0x09,0x00,0x1c,0x44,0x04,0x00,0x05,0x00,0x01,0x04,
	0x30,0x00,0x00,0x00,0xf0,0xf7,0x05,0x00,0x00,0x00,0x01,0x01,0x00,0x00,0x00,0x00,
	0xbc,0xdd,0x09,0x00,0x00,0x00,0x00,0x01,0xc4,0x94,0x04,0x00,0x84,0x94,0x04,0x00,
	0x00,0x00,0x00,0x01,0xcc,0x94,0x04,0x00,0xc0,0xdd,0x09,0x00,0x00,0x00,0x00,0x01,
	0xf8,0x94,0x04,0x00,0xb8,0xdd,0x09,0x00,0x00,0x00,0x01,0x02,0x68,0xa9,0xb4,0xa9,
	0x01,0x00,0x01,0x04,0x01,0x00,0x00,0x00,0xbc,0xdd,0x09,0x00,0x4f,0x00,0x00,0x01,
	0x88,0x94,0x04,0x00,0x64,0xdd,0x09,0x00,0x00,0x8b,0x04,0x01,0x64,0xdd,0x09,0x00,
	0xb8,0xdd,0x09,0x00,0x01,0x00,0x01,0x04,0x40,0x00,0x00,0x00,0xb8,0xdd,0x09,0x00,
	0x00,0x00,0x00,0x04,0xbc,0xdd,0x09,0x00,0xc0,0xdd,0x09,0x00,0x00,0x08,0x01,0x02,
	0xb4,0xa9,0xc8,0xa9,0x00,0x00,0x01,0x02,0x68,0xa9,0xb4,0xa9,0x00,0x00,0x01,0x01,
	0x01,0x00,0x00,0x00,0x18,0xf5,0x05,0x00,0x00,0x00,0x01,0x02,0xc8,0xa9,0x0c,0xaa,
	0x00,0x00,0x01,0x01,0x02,0x00,0x00,0x00,0x90,0xf4,0x05,0x00,0x00,0x15,0x03,0x05,
	0x00,0x00,0x00,0x01,0x18,0xf5,0x05,0x00,0xa8,0xdd,0x09,0x00,0x04,0x00,0x01,0x04,
	0x00,0x01,0x00,0x00,0xa8,0xdd,0x09,0x00,0x00,0x00,0x01,0x04,0x00,0x01,0x00,0x00,
	0xa8,0xdd,0x09,0x00,0x00,0x08,0x01,0x02,0x0c,0xaa,0x24,0xaa,0x00,0x00,0x01,0x02,
	0xc8,0xa9,0x0c,0xaa,0x04,0x00,0x01,0x04,0xfe,0xff,0xff,0xff,0x18,0xf5,0x05,0x00,
	0x00,0x00,0x01,0x01,0x05,0x00,0x00,0x00,0xe0,0x94,0x04,0x00,0x00,0x00,0x01,0x01,
	0x00,0x00,0x00,0x00,0xb0,0xdd,0x09,0x00,0x00,0x00,0x00,0x01,0xc8,0x94,0x04,0x00,
	0x84,0x94,0x04,0x00,0x00,0x00,0x00,0x01,0xd0,0x94,0x04,0x00,0xb4,0xdd,0x09,0x00,
	0x00,0x00,0x00,0x01,0xfc,0x94,0x04,0x00,0xac,0xdd,0x09,0x00,0x00,0x00,0x01,0x02,
	0x5c,0xaa,0xa8,0xaa,0x01,0x00,0x01,0x04,0x01,0x00,0x00,0x00,0xb0,0xdd,0x09,0x00,
	0x4f,0x00,0x00,0x01,0x88,0x94,0x04,0x00,0x24,0xdd,0x09,0x00,0x00,0x8b,0x04,0x01,
	0x24,0xdd,0x09,0x00,0xac,0xdd,0x09,0x00,0x01,0x00,0x01,0x04,0x40,0x00,0x00,0x00,
	0xac,0xdd,0x09,0x00,0x00,0x00,0x00,0x04,0xb0,0xdd,0x09,0x00,0xb4,0xdd,0x09,0x00,
	0x00,0x08,0x01,0x02,0xa8,0xaa,0xbc,0xaa,0x00,0x00,0x01,0x02,0x5c,0xaa,0xa8,0xaa,
	0x00,0x00,0x01,0x01,0x01,0x00,0x00,0x00,0x18,0xf5,0x05,0x00,0x00,0x00,0x01,0x02,
	0xbc,0xaa,0x00,0xab,0x00,0x00,0x01,0x01,0x02,0x00,0x00,0x00,0x90,0xf4,0x05,0x00,
	0x00,0x15,0x03,0x05,0x00,0x00,0x00,0x01,0x18,0xf5,0x05,0x00,0xa8,0xdd,0x09,0x00,
	0x04,0x00,0x01,0x04,0x00,0x01,0x00,0x00,0xa8,0xdd,0x09,0x00,0x00,0x00,0x01,0x04,
	0x00,0x01,0x00,0x00,0xa8,0xdd,0x09,0x00,0x00,0x08,0x01,0x02,0x00,0xab,0x18,0xab,
	0x00,0x00,0x01,0x02,0xbc,0xaa,0x00,0xab,0x04,0x00,0x01,0x04,0xfe,0xff,0xff,0xff,
	0x18,0xf5,0x05,0x00,0x00,0x00,0x01,0x01,0x00,0x00,0x05,0x00,0xe0,0x94,0x04,0x00,
	0x05,0x00,0x01,0x04,0x00,0x00,0x00,0x80,0x84,0xf4,0x05,0x00,0x00,0x00,0x00,0x01,
	0x60,0xf4,0x05,0x00,0xe0,0xdc,0x09,0x00,0x00,0x00,0x00,0x01,0xe0,0xdc,0x09,0x00,
	0xec,0xdc,0x09,0x00,0x04,0x00,0x01,0x04,0x00,0x00,0x00,0x80,0xec,0xdc,0x09,0x00,
	0x00,0x00,0x01,0x04,0x00,0x00,0x00,0x80,0xec,0xdc,0x09,0x00,0x00,0x08,0x01,0x02,
	0xc0,0xae,0xcc,0xae,0x00,0x00,0x00,0x01,0xe0,0xdc,0x09,0x00,0xec,0xdc,0x09,0x00,
	0x04,0x00,0x01,0x04,0x0f,0x00,0x00,0x00,0xec,0xdc,0x09,0x00,0x00,0x00,0x01,0x04,
	0x05,0x00,0x00,0x00,0xec,0xdc,0x09,0x00,0x00,0x08,0x01,0x02,0xc0,0xae,0xcc,0xae,
	0x00,0x00,0x01,0x04,0x06,0x00,0x00,0x00,0xec,0xdc,0x09,0x00,0x00,0x08,0x01,0x02,
	0xc0,0xae,0xcc,0xae,0x00,0x00,0x01,0x04,0x08,0x00,0x00,0x00,0xec,0xdc,0x09,0x00,
	0x00,0x08,0x01,0x02,0xc0,0xae,0xcc,0xae,0x00,0x00,0x00,0x01,0x78,0xf4,0x05,0x00,
	0xe4,0xdc,0x09,0x00,0x00,0x00,0x00,0x01,0xe4,0xdc,0x09,0x00,0xf8,0xdc,0x09,0x00,
	0x04,0x00,0x01,0x04,0x00,0x00,0x00,0x80,0xf8,0xdc,0x09,0x00,0x00,0x00,0x01,0x04,
	0x00,0x00,0x00,0x80,0xf8,0xdc,0x09,0x00,0x00,0x08,0x00,0x02,0xc0,0xae,0xcc,0xae,
	0x00,0x00,0x00,0x01,0xe4,0xdc,0x09,0x00,0x18,0xdd,0x09,0x00,0x04,0x00,0x01,0x04,
	0x01,0x00,0x00,0x00,0x18,0xdd,0x09,0x00,0x00,0x00,0x01,0x04,0x01,0x00,0x00,0x00,
	0x18,0xdd,0x09,0x00,0x00,0x08,0x01,0x02,0xc0,0xae,0xcc,0xae,0x00,0x00,0x00,0x04,
	0x30,0xf5,0x05,0x00,0x04,0x84,0x09,0x00,0x00,0x08,0x00,0x02,0x98,0xae,0xb4,0xae,
	0x00,0x00,0x01,0x02,0x30,0xac,0x88,0xac,0x00,0x00,0x01,0x01,0x00,0x00,0x00,0x00,
	0xf4,0xdc,0x09,0x00,0x00,0x00,0x01,0x01,0x00,0x00,0x00,0x00,0xf0,0xdc,0x09,0x00,
	0x00,0x00,0x01,0x01,0x08,0x80,0x09,0x00,0x28,0xf5,0x05,0x00,0x00,0x00,0x00,0x01,
	0x2c,0xf5,0x05,0x00,0x10,0xdd,0x09,0x00,0x04,0x00,0x01,0x04,0x1f,0x00,0x00,0x00,
	0x10,0xdd,0x09,0x00,0x00,0x00,0x00,0x04,0x10,0xdd,0x09,0x00,0x04,0x84,0x09,0x00,
	0x00,0x08,0x01,0x02,0xc0,0xae,0xcc,0xae,0x00,0x00,0x01,0x02,0x88,0xac,0x1c,0xad,
	0x00,0x00,0x00,0x01,0x34,0xf5,0x05,0x00,0x1c,0xdd,0x09,0x00,0x00,0x00,0x00,0x01,
	0x30,0xf5,0x05,0x00,0x0c,0xdd,0x09,0x00,0x04,0x00,0x01,0x04,0x0f,0x00,0x00,0x00,
	0x0c,0xdd,0x09,0x00,0x0b,0x00,0x01,0x04,0x05,0x00,0x00,0x00,0x0c,0xdd,0x09,0x00,
	0x0b,0x00,0x01,0x04,0x04,0x00,0x00,0x00,0x0c,0xdd,0x09,0x00,0x01,0x00,0x00,0x04,
	0x28,0xf5,0x05,0x00,0x0c,0xdd,0x09,0x00,0x00,0x00,0x02,0x01,0x0c,0xdd,0x09,0x00,
	0x20,0xdd,0x09,0x00,0x00,0x00,0x00,0x01,0x1c,0xdd,0x09,0x00,0xe8,0xdc,0x09,0x00,
	0x03,0x00,0x00,0x04,0x20,0xdd,0x09,0x00,0xe8,0xdc,0x09,0x00,0x04,0x00,0x01,0x04,
	0x00,0x00,0x00,0x80,0xe8,0xdc,0x09,0x00,0x00,0x00,0x01,0x04,0x00,0x00,0x00,0x80,
	0xe8,0xdc,0x09,0x00,0x00,0x08,0x01,0x02,0xcc,0xae,0xe8,0xae,0x00,0x00,0x01,0x02,
	0x1c,0xad,0x34,0xae,0x00,0x00,0x00,0x01,0x34,0xf5,0x05,0x00,0x00,0x84,0x09,0x00,
	0x00,0x00,0x00,0x01,0x0c,0xdd,0x09,0x00,0x14,0xdd,0x09,0x00,0x00,0x00,0x04,0x01,
	0x1c,0xdd,0x09,0x00,0x0c,0xdd,0x09,0x00,0x01,0x00,0x01,0x04,0x04,0x00,0x00,0x00,
	0x14,0xdd,0x09,0x00,0x00,0x00,0x02,0x01,0x14,0xdd,0x09,0x00,0x08,0xdd,0x09,0x00,
	0x01,0x00,0x01,0x04,0x04,0x00,0x00,0x00,0x14,0xdd,0x09,0x00,0x00,0x00,0x02,0x01,
	0x14,0xdd,0x09,0x00,0x00,0xdd,0x09,0x00,0x00,0x00,0x04,0x01,0x00,0xdd,0x09,0x00,
	0x08,0xdd,0x09,0x00,0x01,0x00,0x01,0x04,0x04,0x00,0x00,0x00,0x14,0xdd,0x09,0x00,
	0x00,0x00,0x02,0x01,0x14,0xdd,0x09,0x00,0x04,0xdd,0x09,0x00,0x01,0x00,0x01,0x04,
	0x04,0x00,0x00,0x00,0x14,0xdd,0x09,0x00,0x00,0x00,0x02,0x01,0x14,0xdd,0x09,0x00,
	0xfc,0xdc,0x09,0x00,0x00,0x00,0x04,0x01,0xfc,0xdc,0x09,0x00,0x04,0xdd,0x09,0x00,
	0x00,0x00,0x01,0x01,0x01,0x00,0x00,0x00,0xf0,0xdc,0x09,0x00,0x00,0x00,0x00,0x01,
	0x08,0xdd,0x09,0x00,0x14,0xdd,0x09,0x00,0x04,0x00,0x01,0x04,0x00,0x00,0x00,0x80,
	0x14,0xdd,0x09,0x00,0x05,0x00,0x00,0x04,0x14,0xdd,0x09,0x00,0xf4,0xdc,0x09,0x00,
	0x01,0x00,0x01,0x04,0x04,0x00,0x00,0x00,0x0c,0xdd,0x09,0x00,0x01,0x00,0x01,0x04,
	0x01,0x00,0x00,0x00,0x04,0x84,0x09,0x00,0x04,0x00,0x01,0x04,0x1f,0x00,0x00,0x00,
	0x04,0x84,0x09,0x00,0x00,0x00,0x00,0x01,0x04,0x84,0x09,0x00,0x30,0xf5,0x05,0x00,
	0x00,0x00,0x00,0x04,0x10,0xdd,0x09,0x00,0x04,0x84,0x09,0x00,0x00,0x08,0x01,0x02,
	0x50,0xae,0x7c,0xae,0x00,0x00,0x01,0x02,0x88,0xac,0x1c,0xad,0x00,0x00,0x01,0x03,
	0xc0,0xae,0xcc,0xae,0x00,0x31,0x03,0x05,0x01,0x00,0x00,0x06,0x00,0x00,0x01,0x01,
	0x00,0x00,0x00,0x00,0xf4,0xdc,0x09,0x00,0x05,0x00,0x01,0x04,0x00,0x00,0x00,0x40,
	0x70,0x1a,0x06,0x00,0x00,0x00,0x01,0x01,0x00,0x00,0x00,0x00,0xf0,0xdc,0x09,0x00,
	0x00,0x00,0x00,0x01,0x34,0xf5,0x05,0x00,0xfc,0x83,0x09,0x00,0x00,0x00,0x01,0x02,
	0x7c,0xae,0x98,0xae,0x00,0x00,0x01,0x04,0x00,0x00,0x00,0x80,0xf4,0xdc,0x09,0x00,
	0x00,0x08,0x01,0x02,0x34,0xae,0x50,0xae,0x00,0x00,0x01,0x02,0xc0,0xae,0xcc,0xae,
	0x00,0x00,0x01,0x04,0x00,0x00,0x00,0x00,0x30,0xf5,0x05,0x00,0x00,0x08,0x01,0x03,
	0xb4,0xae,0xc0,0xae,0x00,0x00,0x01,0x02,0x30,0xac,0x88,0xac,0x00,0x00,0x01,0x01,
	0x00,0x00,0x00,0x00,0x04,0x84,0x09,0x00,0x04,0x00,0x01,0x04,0xff,0xff,0xff,0x7f,
	0x84,0xf4,0x05,0x00,0x00,0x00,0x01,0x04,0x01,0x00,0x00,0x00,0xf0,0xdc,0x09,0x00,
	0x00,0x08,0x01,0x02,0x50,0xae,0x7c,0xae,0x00,0x00,0x01,0x02,0xc0,0xae,0xcc,0xae,
	0x00,0x00,0x00,0x01,0x80,0xf4,0x05,0x00,0xdc,0xdc,0x09,0x00,0x04,0x00,0x01,0x04,
	0x00,0x00,0x00,0x80,0xdc,0xdc,0x09,0x00,0x00,0x00,0x01,0x04,0x00,0x00,0x00,0x80,
	0xdc,0xdc,0x09,0x00,0x00,0x08,0x01,0x02,0x14,0xaf,0x60,0xaf,0x05,0x00,0x01,0x04,
	0x01,0x00,0x00,0x00,0x84,0xf4,0x05,0x00,0x00,0x33,0x03,0x05,0x00,0x33,0x03,0x05,
	0x00,0x00,0x01,0x04,0x01,0x00,0x00,0x00,0xdc,0x83,0x09,0x00,0x00,0x08,0x01,0x02,
	0x60,0xaf,0xa8,0xaf,0x05,0x00,0x01,0x04,0x01,0x00,0x00,0x00,0x14,0x44,0x04,0x00,
	0x00,0x00,0x01,0x01,0x01,0x00,0x00,0x00,0xdc,0x83,0x09,0x00,0x04,0x00,0x01,0x04,
	0xfe,0xff,0xff,0xff,0x84,0xf4,0x05,0x00,0x04,0x00,0x01,0x04,0xfe,0xff,0xff,0xff,
	0x14,0x44,0x04,0x00,0x00,0x00,0x01,0x04,0x00,0x00,0x00,0x00,0xd8,0x83,0x09,0x00,
	0x00,0x08,0x01,0x02,0xd0,0xaf,0xe8,0xaf,0x00,0x00,0x00,0x04,0xe4,0x83,0x09,0x00,
	0x9c,0x11,0x07,0x00,0x00,0x08,0x01,0x02,0xa8,0xaf,0xd0,0xaf,0x00,0x00,0x00,0x01,
	0xe4,0x83,0x09,0x00,0x9c,0x11,0x07,0x00,0x00,0x00,0x01,0x02,0xa8,0xaf,0xd0,0xaf,
	0x00,0x00,0x00,0x04,0xe0,0x83,0x09,0x00,0x9c,0x14,0x07,0x00,0x00,0x08,0x01,0x02,
	0xd0,0xaf,0xe8,0xaf,0x00,0x00,0x00,0x01,0xe0,0x83,0x09,0x00,0x9c,0x14,0x07,0x00,
	0x00,0x00,0x01,0x02,0xd0,0xaf,0xe8,0xaf,0x00,0x00,0x01,0x01,0x00,0x00,0x00,0x00,
	0xdc,0x83,0x09,0x00,0x04,0x00,0x01,0x04,0xfe,0xff,0xff,0xff,0x84,0xf4,0x05,0x00,
	0x3e,0x3e,0x40,0x40,0x40,0x03,0x04,0x0c,0x0a,0x0c,0x00,0x00,0x36,0x02,0x00,0x00,
	0x07,0x00,0x00,0x00,0x00,0x20,0x05,0x00,0x00,0x00,0x00,0x00,0x00,0x00,0x00,0x00,
	0x00,0x00,0x00,0x00,0x00,0x00,0x00,0x00,0x00,0x00,0x00,0x00,0x00,0x00,0x00,0x00,
	0x00,0x00,0x00,0x00,0x00,0x00,0x00,0x00,0x00,0x00,0x00,0x00,0x34,0x01,0x03,0x31,
	0x34,0x3c,0x40,0x2f,0x36,0x47,0x2f,0x40,0x39,0x40,0x35,0x13,0x2f,0x00,0xfe,0x07,
	0xfe,0x34,0xd0,0xfd,0x34,0x35,0x46,0x39,0x33,0x35,0xd0,0x14,0x05,0x00,0x00,0x00,
	0x74,0xf8,0x05,0x00,0x3c,0xf8,0x05,0x00,0x0c,0xf8,0x05,0x00,0x40,0xf8,0x05,0x00,
	0x10,0xf8,0x05,0x00,0x00,0x00,0x00,0x00,0x00,0x00,0x00,0x00,0x00,0x00,0x00,0x00,
	0x00,0x00,0x00,0x00,0x00,0x00,0x00,0x00,0x00,0x00,0x00,0x00,0x00,0x00,0x00,0x00,
	0x00,0x00,0x00,0x00,0x00,0x00,0x00,0x00,0x00,0x00,0x00,0x00,0x00,0x00,0x00,0x00,
	0x00,0x00,0x00,0x00,0x00,0x00,0x00,0x00,0x00,0x00,0x00,0x00,0x00,0x00,0x00,0x00,
	0xc0,0x3f,0x05,0x00,0x00,0x2c,0x03,0xc0,0x08,0x24,0x20,0x25,0x00,0x31,0x03,0xc0,
	0xd8,0x27,0x04,0x28,0x00,0x00,0x00,0x00,0x00,0x00,0x00,0x00,0x00,0x00,0x00,0x00,
	0x00,0x00,0x00,0x00,0x00,0x00,0x00,0x00,0x00,0x00,0x00,0x00,0x00,0x00,0x00,0x00,
	0x00,0x00,0x00,0x00,0x00,0x00,0x00,0x00,0x00,0x00,0x00,0x00,0x00,0x00,0x00,0x00,
	0x00,0x00,0x00,0x00,0x00,0x00,0x00,0x00,0x00,0x00,0x00,0x00,0x00,0x00,0x00,0x00,
	0x40,0x40,0x0a,0x0c,0x07,0x00,0x00,0x00,0x00,0x00,0x00,0x00,0x00,0x00,0x00,0x00,
	0x00,0x00,0x00,0x00,0x00,0x00,0x00,0x00,0x00,0x00,0x00,0x00,0x00,0x00,0x00,0x00,
	0x00,0x00,0x00,0x00,0x00,0x00,0x00,0x00,0x00,0x00,0x00,0x00,0x00,0x00,0x00,0x00,
	0x00,0x00,0x00,0x00,0x00,0x00,0x00,0x00,0x00,0x00,0x00,0x00,0x00,0x00,0x00,0x00,
	0x00,0x00,0x00,0x00,0x00,0x00,0x00,0x00,0x00,0x00,0x00,0x00,0x00,0x00,0x00,0x00,
	0x00,0x00,0x00,0x00,0x00,0x00,0x00,0x00,0x00,0x00,0x00,0x00,0x00,0x00,0x00,0x00,
	0x00,0x00,0x00,0x00,0x00,0x00,0x00,0x00,0x00,0x00,0x00,0x00,0x00,0x00,0x00,0x00,
	0x00,0x00,0x00,0x00,0x00,0x00,0x00,0x00,0x00,0x00,0x00,0x00,0x00,0x00,0x00,0x00,
	0x00,0x00,0x00,0x00,0x00,0x00,0x00,0x00,0x00,0x00,0x00,0x00,0x00,0x00,0x00,0x00,
	0x00,0x00,0x00,0x00,0x00,0x00,0x00,0x00,0x00,0x00,0x00,0x00,0x00,0x00,0x00,0x00,
	0x00,0x00,0x00,0x00,0x00,0x00,0x00,0x00,0x00,0x00,0x00,0x00,0x00,0x00,0x00,0x00,
	0x00,0x00,0x00,0x00,0x00,0x00,0x00,0x00,0x00,0x00,0x00,0x00,0x00,0x00,0x00,0x00,
	0x00,0x00,0x00,0x00,0x00,0x00,0x00,0x00,0x00,0x00,0x00,0x00,0x00,0x00,0x00,0x00,
	0x00,0x00,0x00,0x00,0x00,0x00,0x00,0x00,0x00,0x00,0x00,0x00,0x00,0x00,0x00,0x00,
	0x00,0x00,0x00,0x00,0x00,0x00,0x00,0x00,0x00,0x00,0x00,0x00,0x00,0x00,0x00,0x00,
	0x00,0x00,0x00,0x00,0x00,0x00,0x00,0x00,0x00,0x00,0x00,0x00,0x00,0x00,0x00,0x00,
	0x00,0x00,0x00,0x00,0x00,0x00,0x00,0x00,0x00,0x00,0x00,0x00,0x00,0x00,0x00,0x00,
	0x00,0x00,0x00,0x00,0x00,0x00,0x00,0x00,0x00,0x00,0x00,0x00,0x00,0x00,0x00,0x00,
	0x00,0x00,0x00,0x00,0x00,0x00,0x00,0x00,0x00,0x00,0x00,0x00,0x00,0x00,0x00,0x00,
	0x00,0x00,0x00,0x00,0x00,0x00,0x00,0x00,0x00,0x00,0x00,0x00,0x00,0x00,0x00,0x00,
	0x00,0x00,0x00,0x00,0x00,0x00,0x00,0x00,0x00,0x00,0x00,0x00,0x00,0x00,0x00,0x00,
	0x00,0x00,0x00,0x00,0x00,0x00,0x00,0x00,0x00,0x00,0x00,0x00,0x00,0x00,0x00,0x00,
	0x00,0x00,0x00,0x00,0x00,0x00,0x00,0x00,0x00,0x00,0x00,0x00,0x00,0x00,0x00,0x00,
	0x00,0x00,0x00,0x00,0x00,0x00,0x00,0x00,0x00,0x00,0x00,0x00,0x00,0x00,0x00,0x00,
	0x00,0x00,0x00,0x00,0x00,0x00,0x00,0x00,0x00,0x00,0x00,0x00,0x00,0x00,0x00,0x00,
	0x00,0x00,0x00,0x00,0x00,0x00,0x00,0x00,0x00,0x00,0x00,0x00,0x00,0x00,0x00,0x00,
	0x00,0x00,0x00,0x00,0x00,0x00,0x00,0x00,0x00,0x00,0x00,0x00,0x00,0x00,0x00,0x00,
	0x00,0x00,0x00,0x00,0x00,0x00,0x00,0x00,0x00,0x00,0x00,0x00,0x00,0x00,0x00,0x00,
	0x00,0x00,0x00,0x00,0x00,0x00,0x00,0x00,0x00,0x00,0x00,0x00,0x00,0x00,0x00,0x00,
	0x00,0x00,0x00,0x00,0x00,0x00,0x00,0x00,0x00,0x00,0x00,0x00,0x00,0x00,0x00,0x00,
	0x00,0x00,0x00,0x00,0x00,0x00,0x00,0x00,0x00,0x00,0x00,0x00,0x00,0x00,0x00,0x00,
	0x00,0x00,0x00,0x00,0x00,0x00,0x00,0x00,0x00,0x00,0x00,0x00,0x00,0x00,0x00,0x00,
	0x00,0x00,0x00,0x00,0x00,0x00,0x00,0x00,0x00,0x00,0x00,0x00,0x00,0x00,0x00,0x00,
	0x00,0x00,0x00,0x00,0x00,0x00,0x00,0x00,0x00,0x00,0x00,0x00,0x00,0x00,0x00,0x00,
	0x00,0x00,0x00,0x00,0x00,0x00,0x00,0x00,0x00,0x00,0x00,0x00,0x00,0x00,0x00,0x00,
	0x00,0x00,0x00,0x00,0x00,0x00,0x00,0x00,0x00,0x00,0x00,0x00,0x00,0x00,0x00,0x00,
	0x00,0x00,0x00,0x00,0x00,0x00,0x00,0x00,0x00,0x00,0x00,0x00,0x00,0x00,0x00,0x00,
	0x00,0x00,0x00,0x00,0x00,0x00,0x00,0x00,0x00,0x00,0x00,0x00,0x00,0x00,0x00,0x00,
	0x00,0x00,0x00,0x00,0x00,0x00,0x00,0x00,0x00,0x00,0x00,0x00,0x00,0x00,0x00,0x00,
	0x00,0x00,0x00,0x00,0x00,0x00,0x00,0x00,0x00,0x00,0x00,0x00,0x00,0x00,0x00,0x00,
	0x00,0x00,0x00,0x00,0x00,0x00,0x00,0x00,0x00,0x00,0x00,0x00,0x00,0x00,0x00,0x00,
	0x00,0x00,0x00,0x00,0x00,0x00,0x00,0x00,0x00,0x00,0x00,0x00,0x00,0x00,0x00,0x00,
	0x00,0x00,0x00,0x00,0x00,0x00,0x00,0x00,0x00,0x00,0x00,0x00,0x00,0x00,0x00,0x00,
	0x00,0x00,0x00,0x00,0x00,0x00,0x00,0x00,0x00,0x00,0x00,0x00,0x00,0x00,0x00,0x00,
	0x00,0x00,0x00,0x00,0x00,0x00,0x00,0x00,0x00,0x00,0x00,0x00,0x00,0x00,0x00,0x00,
	0x00,0x00,0x00,0x00,0x00,0x00,0x00,0x00,0x00,0x00,0x00,0x00,0x00,0x00,0x00,0x00,
	0x00,0x00,0x00,0x00,0x00,0x00,0x00,0x00,0x00,0x00,0x00,0x00,0x00,0x00,0x00,0x00,
	0x00,0x00,0x00,0x00,0x00,0x00,0x00,0x00,0x00,0x00,0x00,0x00,0x00,0x00,0x00,0x00,
	0x00,0x00,0x00,0x00,0x00,0x00,0x00,0x00,0x00,0x00,0x00,0x00,0x00,0x00,0x00,0x00,
	0x00,0x00,0x00,0x00,0x00,0x00,0x00,0x00,0x00,0x00,0x00,0x00,0x00,0x00,0x00,0x00,
	0x00,0x00,0x00,0x00,0x00,0x00,0x00,0x00,0x00,0x00,0x00,0x00,0x00,0x00,0x00,0x00,
	0x00,0x00,0x00,0x00,0x00,0x00,0x00,0x00,0x00,0x00,0x00,0x00,0x00,0x00,0x00,0x00,
	0x00,0x00,0x00,0x00,0x00,0x00,0x00,0x00,0x00,0x00,0x00,0x00,0x00,0x00,0x00,0x00,
	0x00,0x00,0x00,0x00,0x00,0x00,0x00,0x00,0x00,0x00,0x00,0x00,0x00,0x00,0x00,0x00,
	0x00,0x00,0x00,0x00,0x00,0x00,0x00,0x00,0x00,0x00,0x00,0x00,0x00,0x00,0x00,0x00,
	0x00,0x00,0x00,0x00,0x00,0x00,0x00,0x00,0x00,0x00,0x00,0x00,0x00,0x00,0x00,0x00,
	0x00,0x00,0x00,0x00,0x00,0x00,0x00,0x00,0x00,0x00,0x00,0x00,0x00,0x00,0x00,0x00,
	0x00,0x00,0x00,0x00,0x00,0x00,0x00,0x00,0x00,0x00,0x00,0x00,0x00,0x00,0x00,0x00,
	0x00,0x00,0x00,0x00,0x00,0x00,0x00,0x00,0x00,0x00,0x00,0x00,0x00,0x00,0x00,0x00,
	0x00,0x00,0x00,0x00,0x00,0x00,0x00,0x00,0x00,0x00,0x00,0x00,0x00,0x00,0x00,0x00,
	0x00,0x00,0x00,0x00,0x00,0x00,0x00,0x00,0x00,0x00,0x00,0x00,0x00,0x00,0x00,0x00,
	0x00,0x00,0x00,0x00,0x00,0x00,0x00,0x00,0x00,0x00,0x00,0x00,0x00,0x00,0x00,0x00,
	0x00,0x00,0x00,0x00,0x00,0x00,0x00,0x00,0x00,0x00,0x00,0x00,0x00,0x00,0x00,0x00,
	0x00,0x00,0x00,0x00,0x00,0x00,0x00,0x00,0x00,0x00,0x00,0x00,0x00,0x00,0x00,0x00,
	0x00,0x00,0x00,0x00,0x00,0x00,0x00,0x00,0x05,0x00,0x01,0x04,0x00,0x00,0x00,0x80,
	0x84,0xf8,0x05,0x00,0x00,0x00,0x00,0x01,0x60,0xf8,0x05,0x00,0x7c,0x3f,0x05,0x00,
	0x00,0x00,0x00,0x01,0x7c,0x3f,0x05,0x00,0x88,0x3f,0x05,0x00,0x04,0x00,0x01,0x04,
	0x00,0x00,0x00,0x80,0x88,0x3f,0x05,0x00,0x00,0x00,0x01,0x04,0x00,0x00,0x00,0x80,
	0x88,0x3f,0x05,0x00,0x00,0x08,0x01,0x02,0xb0,0x27,0xbc,0x27,0x00,0x00,0x00,0x01,
	0x7c,0x3f,0x05,0x00,0x88,0x3f,0x05,0x00,0x04,0x00,0x01,0x04,0x0f,0x00,0x00,0x00,
	0x88,0x3f,0x05,0x00,0x00,0x00,0x01,0x04,0x05,0x00,0x00,0x00,0x88,0x3f,0x05,0x00,
	0x00,0x08,0x01,0x02,0xb0,0x27,0xbc,0x27,0x00,0x00,0x01,0x04,0x06,0x00,0x00,0x00,
	0x88,0x3f,0x05,0x00,0x00,0x08,0x01,0x02,0xb0,0x27,0xbc,0x27,0x00,0x00,0x01,0x04,
	0x08,0x00,0x00,0x00,0x88,0x3f,0x05,0x00,0x00,0x08,0x01,0x02,0xb0,0x27,0xbc,0x27,
	0x00,0x00,0x00,0x01,0x78,0xf8,0x05,0x00,0x80,0x3f,0x05,0x00,0x00,0x00,0x00,0x01,
	0x80,0x3f,0x05,0x00,0x94,0x3f,0x05,0x00,0x04,0x00,0x01,0x04,0x00,0x00,0x00,0x80,
	0x94,0x3f,0x05,0x00,0x00,0x00,0x01,0x04,0x00,0x00,0x00,0x80,0x94,0x3f,0x05,0x00,
	0x00,0x08,0x00,0x02,0xb0,0x27,0xbc,0x27,0x00,0x00,0x00,0x01,0x80,0x3f,0x05,0x00,
	0xb4,0x3f,0x05,0x00,0x04,0x00,0x01,0x04,0x01,0x00,0x00,0x00,0xb4,0x3f,0x05,0x00,
	0x00,0x00,0x01,0x04,0x01,0x00,0x00,0x00,0xb4,0x3f,0x05,0x00,0x00,0x08,0x01,0x02,
	0xb0,0x27,0xbc,0x27,0x00,0x00,0x00,0x04,0x30,0xf9,0x05,0x00,0x04,0x24,0x05,0x00,
	0x00,0x08,0x00,0x02,0x88,0x27,0xa4,0x27,0x00,0x00,0x01,0x02,0x20,0x25,0x78,0x25,
	0x00,0x00,0x01,0x01,0x00,0x00,0x00,0x00,0x90,0x3f,0x05,0x00,0x00,0x00,0x01,0x01,
	0x00,0x00,0x00,0x00,0x8c,0x3f,0x05,0x00,0x00,0x00,0x01,0x01,0x08,0x20,0x05,0x00,
	0x28,0xf9,0x05,0x00,0x00,0x00,0x00,0x01,0x2c,0xf9,0x05,0x00,0xac,0x3f,0x05,0x00,
	0x04,0x00,0x01,0x04,0x1f,0x00,0x00,0x00,0xac,0x3f,0x05,0x00,0x00,0x00,0x00,0x04,
	0xac,0x3f,0x05,0x00,0x04,0x24,0x05,0x00,0x00,0x08,0x01,0x02,0xb0,0x27,0xbc,0x27,
	0x00,0x00,0x01,0x02,0x78,0x25,0x0c,0x26,0x00,0x00,0x00,0x01,0x34,0xf9,0x05,0x00,
	0xb8,0x3f,0x05,0x00,0x00,0x00,0x00,0x01,0x30,0xf9,0x05,0x00,0xa8,0x3f,0x05,0x00,
	0x04,0x00,0x01,0x04,0x0f,0x00,0x00,0x00,0xa8,0x3f,0x05,0x00,0x0b,0x00,0x01,0x04,
	0x05,0x00,0x00,0x00,0xa8,0x3f,0x05,0x00,0x0b,0x00,0x01,0x04,0x04,0x00,0x00,0x00,
	0xa8,0x3f,0x05,0x00,0x01,0x00,0x00,0x04,0x28,0xf9,0x05,0x00,0xa8,0x3f,0x05,0x00,
	0x00,0x00,0x02,0x01,0xa8,0x3f,0x05,0x00,0xbc,0x3f,0x05,0x00,0x00,0x00,0x00,0x01,
	0xb8,0x3f,0x05,0x00,0x84,0x3f,0x05,0x00,0x03,0x00,0x00,0x04,0xbc,0x3f,0x05,0x00,
	0x84,0x3f,0x05,0x00,0x04,0x00,0x01,0x04,0x00,0x00,0x00,0x80,0x84,0x3f,0x05,0x00,
	0x00,0x00,0x01,0x04,0x00,0x00,0x00,0x80,0x84,0x3f,0x05,0x00,0x00,0x08,0x01,0x02,
	0xbc,0x27,0xd8,0x27,0x00,0x00,0x01,0x02,0x0c,0x26,0x24,0x27,0x00,0x00,0x00,0x01,
	0x34,0xf9,0x05,0x00,0x00,0x24,0x05,0x00,0x00,0x00,0x00,0x01,0xa8,0x3f,0x05,0x00,
	0xb0,0x3f,0x05,0x00,0x00,0x00,0x04,0x01,0xb8,0x3f,0x05,0x00,0xa8,0x3f,0x05,0x00,
	0x01,0x00,0x01,0x04,0x04,0x00,0x00,0x00,0xb0,0x3f,0x05,0x00,0x00,0x00,0x02,0x01,
	0xb0,0x3f,0x05,0x00,0xa4,0x3f,0x05,0x00,0x01,0x00,0x01,0x04,0x04,0x00,0x00,0x00,
	0xb0,0x3f,0x05,0x00,0x00,0x00,0x02,0x01,0xb0,0x3f,0x05,0x00,0x9c,0x3f,0x05,0x00,
	0x00,0x00,0x04,0x01,0x9c,0x3f,0x05,0x00,0xa4,0x3f,0x05,0x00,0x01,0x00,0x01,0x04,
	0x04,0x00,0x00,0x00,0xb0,0x3f,0x05,0x00,0x00,0x00,0x02,0x01,0xb0,0x3f,0x05,0x00,
	0xa0,0x3f,0x05,0x00,0x01,0x00,0x01,0x04,0x04,0x00,0x00,0x00,0xb0,0x3f,0x05,0x00,
	0x00,0x00,0x02,0x01,0xb0,0x3f,0x05,0x00,0x98,0x3f,0x05,0x00,0x00,0x00,0x04,0x01,
	0x98,0x3f,0x05,0x00,0xa0,0x3f,0x05,0x00,0x00,0x00,0x01,0x01,0x01,0x00,0x00,0x00,
	0x8c,0x3f,0x05,0x00,0x00,0x00,0x00,0x01,0xa4,0x3f,0x05,0x00,0xb0,0x3f,0x05,0x00,
	0x04,0x00,0x01,0x04,0x00,0x00,0x00,0x80,0xb0,0x3f,0x05,0x00,0x05,0x00,0x00,0x04,
	0xb0,0x3f,0x05,0x00,0x90,0x3f,0x05,0x00,0x01,0x00,0x01,0x04,0x04,0x00,0x00,0x00,
	0xa8,0x3f,0x05,0x00,0x01,0x00,0x01,0x04,0x01,0x00,0x00,0x00,0x04,0x24,0x05,0x00,
	0x04,0x00,0x01,0x04,0x1f,0x00,0x00,0x00,0x04,0x24,0x05,0x00,0x00,0x00,0x00,0x01,
	0x04,0x24,0x05,0x00,0x30,0xf9,0x05,0x00,0x00,0x00,0x00,0x04,0xac,0x3f,0x05,0x00,
	0x04,0x24,0x05,0x00,0x00,0x08,0x01,0x02,0x40,0x27,0x6c,0x27,0x00,0x00,0x01,0x02,
	0x78,0x25,0x0c,0x26,0x00,0x00,0x01,0x03,0xb0,0x27,0xbc,0x27,0x00,0x31,0x03,0x05,
	0x01,0x00,0x00,0x06,0x00,0x00,0x01,0x01,0x00,0x00,0x00,0x00,0x90,0x3f,0x05,0x00,
	0x05,0x00,0x01,0x04,0x00,0x00,0x00,0x40,0x70,0x2a,0x06,0x00,0x00,0x00,0x01,0x01,
	0x00,0x00,0x00,0x00,0x8c,0x3f,0x05,0x00,0x00,0x00,0x00,0x01,0x34,0xf9,0x05,0x00,
	0xfc,0x23,0x05,0x00,0x00,0x00,0x01,0x02,0x6c,0x27,0x88,0x27,0x00,0x00,0x01,0x04,
	0x00,0x00,0x00,0x80,0x90,0x3f,0x05,0x00,0x00,0x08,0x01,0x02,0x24,0x27,0x40,0x27,
	0x00,0x00,0x01,0x02,0xb0,0x27,0xbc,0x27,0x00,0x00,0x01,0x04,0x00,0x00,0x00,0x00,
	0x30,0xf9,0x05,0x00,0x00,0x08,0x01,0x03,0xa4,0x27,0xb0,0x27,0x00,0x00,0x01,0x02,
	0x20,0x25,0x78,0x25,0x00,0x00,0x01,0x01,0x00,0x00,0x00,0x00,0x04,0x24,0x05,0x00,
	0x04,0x00,0x01,0x04,0xff,0xff,0xff,0x7f,0x84,0xf8,0x05,0x00,0x00,0x00,0x01,0x04,
	0x01,0x00,0x00,0x00,0x8c,0x3f,0x05,0x00,0x00,0x08,0x01,0x02,0x40,0x27,0x6c,0x27,
	0x00,0x00,0x01,0x02,0xb0,0x27,0xbc,0x27,0x00,0x00,0x00,0x01,0x80,0xf8,0x05,0x00,
	0x78,0x3f,0x05,0x00,0x04,0x00,0x01,0x04,0x00,0x00,0x00,0x80,0x78,0x3f,0x05,0x00,
	0x00,0x00,0x01,0x04,0x00,0x00,0x00,0x80,0x78,0x3f,0x05,0x00,0x00,0x08,0x01,0x02,
	0x04,0x28,0x50,0x28,0x05,0x00,0x01,0x04,0x01,0x00,0x00,0x00,0x84,0xf8,0x05,0x00,
	0x00,0x33,0x03,0x05,0x00,0x33,0x03,0x05,0x00,0x00,0x01,0x04,0x01,0x00,0x00,0x00,
	0xdc,0x23,0x05,0x00,0x00,0x08,0x01,0x02,0x50,0x28,0x98,0x28,0x05,0x00,0x01,0x04,
	0x01,0x00,0x00,0x00,0x24,0x44,0x04,0x00,0x00,0x00,0x01,0x01,0x01,0x00,0x00,0x00,
	0xdc,0x23,0x05,0x00,0x04,0x00,0x01,0x04,0xfe,0xff,0xff,0xff,0x84,0xf8,0x05,0x00,
	0x04,0x00,0x01,0x04,0xfe,0xff,0xff,0xff,0x24,0x44,0x04,0x00,0x00,0x00,0x01,0x04,
	0x00,0x00,0x00,0x00,0xd8,0x23,0x05,0x00,0x00,0x08,0x01,0x02,0xc0,0x28,0xd8,0x28,
	0x00,0x00,0x00,0x04,0xe4,0x23,0x05,0x00,0x9c,0x21,0x07,0x00,0x00,0x08,0x01,0x02,
	0x98,0x28,0xc0,0x28,0x00,0x00,0x00,0x01,0xe4,0x23,0x05,0x00,0x9c,0x21,0x07,0x00,
	0x00,0x00,0x01,0x02,0x98,0x28,0xc0,0x28,0x00,0x00,0x00,0x04,0xe0,0x23,0x05,0x00,
	0x9c,0x24,0x07,0x00,0x00,0x08,0x01,0x02,0xc0,0x28,0xd8,0x28,0x00,0x00,0x00,0x01,
	0xe0,0x23,0x05,0x00,0x9c,0x24,0x07,0x00,0x00,0x00,0x01,0x02,0xc0,0x28,0xd8,0x28,
	0x00,0x00,0x01,0x01,0x00,0x00,0x00,0x00,0xdc,0x23,0x05,0x00,0x04,0x00,0x01,0x04,
	0xfe,0xff,0xff,0xff,0x84,0xf8,0x05,0x00,0x3e,0x3e,0x40,0x40,0x40,0x03,0x04,0x0c,
	0x0a,0x0c,0x00,0x00,0x36,0x02,0x00,0x00,0x07,0x00,0x00,0x00,0x00,0x90,0x05,0x00,
	0x00,0x00,0x00,0x00,0x00,0x00,0x00,0x00,0x00,0x00,0x00,0x00,0x00,0x00,0x00,0x00,
	0x00,0x00,0x00,0x00,0x00,0x00,0x00,0x00,0x00,0x00,0x00,0x00,0x00,0x00,0x00,0x00,
	0x00,0x00,0x00,0x00,0x34,0x01,0x03,0x31,0x34,0x3c,0x40,0x2f,0x36,0x47,0x2f,0x40,
	0x39,0x40,0x35,0x14,0x2f,0x00,0xfe,0x07,0xfe,0x34,0xd0,0xfd,0x34,0x35,0x46,0x39,
	0x33,0x35,0xd0,0x14,0x05,0x00,0x00,0x00,0x74,0xfc,0x05,0x00,0x3c,0xfc,0x05,0x00,
	0x0c,0xfc,0x05,0x00,0x40,0xfc,0x05,0x00,0x10,0xfc,0x05,0x00,0x00,0x00,0x00,0x00,
	0x00,0x00,0x00,0x00,0x00,0x00,0x00,0x00,0x00,0x00,0x00,0x00,0x00,0x00,0x00,0x00,
	0x00,0x00,0x00,0x00,0x00,0x00,0x00,0x00,0x00,0x00,0x00,0x00,0x00,0x00,0x00,0x00,
	0x00,0x00,0x00,0x00,0x00,0x00,0x00,0x00,0x00,0x00,0x00,0x00,0x00,0x00,0x00,0x00,
	0x00,0x00,0x00,0x00,0x00,0x00,0x00,0x00,0xc0,0xaf,0x05,0x00,0x00,0x2c,0x03,0xc0,
	0x08,0x94,0x20,0x95,0x00,0x31,0x03,0xc0,0xd8,0x97,0x04,0x98,0x00,0x00,0x00,0x00,
	0x00,0x00,0x00,0x00,0x00,0x00,0x00,0x00,0x00,0x00,0x00,0x00,0x00,0x00,0x00,0x00,
	0x00,0x00,0x00,0x00,0x00,0x00,0x00,0x00,0x00,0x00,0x00,0x00,0x00,0x00,0x00,0x00,
	0x00,0x00,0x00,0x00,0x00,0x00,0x00,0x00,0x00,0x00,0x00,0x00,0x00,0x00,0x00,0x00,
	0x00,0x00,0x00,0x00,0x00,0x00,0x00,0x00,0x40,0x40,0x0a,0x0c,0x07,0x00,0x00,0x00,
	0x00,0x00,0x00,0x00,0x00,0x00,0x00,0x00,0x00,0x00,0x00,0x00,0x00,0x00,0x00,0x00,
	0x00,0x00,0x00,0x00,0x00,0x00,0x00,0x00,0x00,0x00,0x00,0x00,0x00,0x00,0x00,0x00,
	0x00,0x00,0x00,0x00,0x00,0x00,0x00,0x00,0x00,0x00,0x00,0x00,0x00,0x00,0x00,0x00,
	0x00,0x00,0x00,0x00,0x00,0x00,0x00,0x00,0x00,0x00,0x00,0x00,0x00,0x00,0x00,0x00,
	0x00,0x00,0x00,0x00,0x00,0x00,0x00,0x00,0x00,0x00,0x00,0x00,0x00,0x00,0x00,0x00,
	0x00,0x00,0x00,0x00,0x00,0x00,0x00,0x00,0x00,0x00,0x00,0x00,0x00,0x00,0x00,0x00,
	0x00,0x00,0x00,0x00,0x00,0x00,0x00,0x00,0x00,0x00,0x00,0x00,0x00,0x00,0x00,0x00,
	0x00,0x00,0x00,0x00,0x00,0x00,0x00,0x00,0x00,0x00,0x00,0x00,0x00,0x00,0x00,0x00,
	0x00,0x00,0x00,0x00,0x00,0x00,0x00,0x00,0x00,0x00,0x00,0x00,0x00,0x00,0x00,0x00,
	0x00,0x00,0x00,0x00,0x00,0x00,0x00,0x00,0x00,0x00,0x00,0x00,0x00,0x00,0x00,0x00,
	0x00,0x00,0x00,0x00,0x00,0x00,0x00,0x00,0x00,0x00,0x00,0x00,0x00,0x00,0x00,0x00,
	0x00,0x00,0x00,0x00,0x00,0x00,0x00,0x00,0x00,0x00,0x00,0x00,0x00,0x00,0x00,0x00,
	0x00,0x00,0x00,0x00,0x00,0x00,0x00,0x00,0x00,0x00,0x00,0x00,0x00,0x00,0x00,0x00,
	0x00,0x00,0x00,0x00,0x00,0x00,0x00,0x00,0x00,0x00,0x00,0x00,0x00,0x00,0x00,0x00,
	0x00,0x00,0x00,0x00,0x00,0x00,0x00,0x00,0x00,0x00,0x00,0x00,0x00,0x00,0x00,0x00,
	0x00,0x00,0x00,0x00,0x00,0x00,0x00,0x00,0x00,0x00,0x00,0x00,0x00,0x00,0x00,0x00,
	0x00,0x00,0x00,0x00,0x00,0x00,0x00,0x00,0x00,0x00,0x00,0x00,0x00,0x00,0x00,0x00,
	0x00,0x00,0x00,0x00,0x00,0x00,0x00,0x00,0x00,0x00,0x00,0x00,0x00,0x00,0x00,0x00,
	0x00,0x00,0x00,0x00,0x00,0x00,0x00,0x00,0x00,0x00,0x00,0x00,0x00,0x00,0x00,0x00,
	0x00,0x00,0x00,0x00,0x00,0x00,0x00,0x00,0x00,0x00,0x00,0x00,0x00,0x00,0x00,0x00,
	0x00,0x00,0x00,0x00,0x00,0x00,0x00,0x00,0x00,0x00,0x00,0x00,0x00,0x00,0x00,0x00,
	0x00,0x00,0x00,0x00,0x00,0x00,0x00,0x00,0x00,0x00,0x00,0x00,0x00,0x00,0x00,0x00,
	0x00,0x00,0x00,0x00,0x00,0x00,0x00,0x00,0x00,0x00,0x00,0x00,0x00,0x00,0x00,0x00,
	0x00,0x00,0x00,0x00,0x00,0x00,0x00,0x00,0x00,0x00,0x00,0x00,0x00,0x00,0x00,0x00,
	0x00,0x00,0x00,0x00,0x00,0x00,0x00,0x00,0x00,0x00,0x00,0x00,0x00,0x00,0x00,0x00,
	0x00,0x00,0x00,0x00,0x00,0x00,0x00,0x00,0x00,0x00,0x00,0x00,0x00,0x00,0x00,0x00,
	0x00,0x00,0x00,0x00,0x00,0x00,0x00,0x00,0x00,0x00,0x00,0x00,0x00,0x00,0x00,0x00,
	0x00,0x00,0x00,0x00,0x00,0x00,0x00,0x00,0x00,0x00,0x00,0x00,0x00,0x00,0x00,0x00,
	0x00,0x00,0x00,0x00,0x00,0x00,0x00,0x00,0x00,0x00,0x00,0x00,0x00,0x00,0x00,0x00,
	0x00,0x00,0x00,0x00,0x00,0x00,0x00,0x00,0x00,0x00,0x00,0x00,0x00,0x00,0x00,0x00,
	0x00,0x00,0x00,0x00,0x00,0x00,0x00,0x00,0x00,0x00,0x00,0x00,0x00,0x00,0x00,0x00,
	0x00,0x00,0x00,0x00,0x00,0x00,0x00,0x00,0x00,0x00,0x00,0x00,0x00,0x00,0x00,0x00,
	0x00,0x00,0x00,0x00,0x00,0x00,0x00,0x00,0x00,0x00,0x00,0x00,0x00,0x00,0x00,0x00,
	0x00,0x00,0x00,0x00,0x00,0x00,0x00,0x00,0x00,0x00,0x00,0x00,0x00,0x00,0x00,0x00,
	0x00,0x00,0x00,0x00,0x00,0x00,0x00,0x00,0x00,0x00,0x00,0x00,0x00,0x00,0x00,0x00,
	0x00,0x00,0x00,0x00,0x00,0x00,0x00,0x00,0x00,0x00,0x00,0x00,0x00,0x00,0x00,0x00,
	0x00,0x00,0x00,0x00,0x00,0x00,0x00,0x00,0x00,0x00,0x00,0x00,0x00,0x00,0x00,0x00,
	0x00,0x00,0x00,0x00,0x00,0x00,0x00,0x00,0x00,0x00,0x00,0x00,0x00,0x00,0x00,0x00,
	0x00,0x00,0x00,0x00,0x00,0x00,0x00,0x00,0x00,0x00,0x00,0x00,0x00,0x00,0x00,0x00,
	0x00,0x00,0x00,0x00,0x00,0x00,0x00,0x00,0x00,0x00,0x00,0x00,0x00,0x00,0x00,0x00,
	0x00,0x00,0x00,0x00,0x00,0x00,0x00,0x00,0x00,0x00,0x00,0x00,0x00,0x00,0x00,0x00,
	0x00,0x00,0x00,0x00,0x00,0x00,0x00,0x00,0x00,0x00,0x00,0x00,0x00,0x00,0x00,0x00,
	0x00,0x00,0x00,0x00,0x00,0x00,0x00,0x00,0x00,0x00,0x00,0x00,0x00,0x00,0x00,0x00,
	0x00,0x00,0x00,0x00,0x00,0x00,0x00,0x00,0x00,0x00,0x00,0x00,0x00,0x00,0x00,0x00,
	0x00,0x00,0x00,0x00,0x00,0x00,0x00,0x00,0x00,0x00,0x00,0x00,0x00,0x00,0x00,0x00,
	0x00,0x00,0x00,0x00,0x00,0x00,0x00,0x00,0x00,0x00,0x00,0x00,0x00,0x00,0x00,0x00,
	0x00,0x00,0x00,0x00,0x00,0x00,0x00,0x00,0x00,0x00,0x00,0x00,0x00,0x00,0x00,0x00,
	0x00,0x00,0x00,0x00,0x00,0x00,0x00,0x00,0x00,0x00,0x00,0x00,0x00,0x00,0x00,0x00,
	0x00,0x00,0x00,0x00,0x00,0x00,0x00,0x00,0x00,0x00,0x00,0x00,0x00,0x00,0x00,0x00,
	0x00,0x00,0x00,0x00,0x00,0x00,0x00,0x00,0x00,0x00,0x00,0x00,0x00,0x00,0x00,0x00,
	0x00,0x00,0x00,0x00,0x00,0x00,0x00,0x00,0x00,0x00,0x00,0x00,0x00,0x00,0x00,0x00,
	0x00,0x00,0x00,0x00,0x00,0x00,0x00,0x00,0x00,0x00,0x00,0x00,0x00,0x00,0x00,0x00,
	0x00,0x00,0x00,0x00,0x00,0x00,0x00,0x00,0x00,0x00,0x00,0x00,0x00,0x00,0x00,0x00,
	0x00,0x00,0x00,0x00,0x00,0x00,0x00,0x00,0x00,0x00,0x00,0x00,0x00,0x00,0x00,0x00,
	0x00,0x00,0x00,0x00,0x00,0x00,0x00,0x00,0x00,0x00,0x00,0x00,0x00,0x00,0x00,0x00,
	0x00,0x00,0x00,0x00,0x00,0x00,0x00,0x00,0x00,0x00,0x00,0x00,0x00,0x00,0x00,0x00,
	0x00,0x00,0x00,0x00,0x00,0x00,0x00,0x00,0x00,0x00,0x00,0x00,0x00,0x00,0x00,0x00,
	0x00,0x00,0x00,0x00,0x00,0x00,0x00,0x00,0x00,0x00,0x00,0x00,0x00,0x00,0x00,0x00,
	0x00,0x00,0x00,0x00,0x00,0x00,0x00,0x00,0x00,0x00,0x00,0x00,0x00,0x00,0x00,0x00,
	0x00,0x00,0x00,0x00,0x00,0x00,0x00,0x00,0x00,0x00,0x00,0x00,0x00,0x00,0x00,0x00,
	0x00,0x00,0x00,0x00,0x00,0x00,0x00,0x00,0x00,0x00,0x00,0x00,0x00,0x00,0x00,0x00,
	0x00,0x00,0x00,0x00,0x00,0x00,0x00,0x00,0x00,0x00,0x00,0x00,0x00,0x00,0x00,0x00,
	0x00,0x00,0x00,0x00,0x00,0x00,0x00,0x00,0x00,0x00,0x00,0x00,0x00,0x00,0x00,0x00,
	0x00,0x00,0x00,0x00,0x00,0x00,0x00,0x00,0x00,0x00,0x00,0x00,0x00,0x00,0x00,0x00,
	0x05,0x00,0x01,0x04,0x00,0x00,0x00,0x80,0x84,0xfc,0x05,0x00,0x00,0x00,0x00,0x01,
	0x60,0xfc,0x05,0x00,0x7c,0xaf,0x05,0x00,0x00,0x00,0x00,0x01,0x7c,0xaf,0x05,0x00,
	0x88,0xaf,0x05,0x00,0x04,0x00,0x01,0x04,0x00,0x00,0x00,0x80,0x88,0xaf,0x05,0x00,
	0x00,0x00,0x01,0x04,0x00,0x00,0x00,0x80,0x88,0xaf,0x05,0x00,0x00,0x08,0x01,0x02,
	0xb0,0x97,0xbc,0x97,0x00,0x00,0x00,0x01,0x7c,0xaf,0x05,0x00,0x88,0xaf,0x05,0x00,
	0x04,0x00,0x01,0x04,0x0f,0x00,0x00,0x00,0x88,0xaf,0x05,0x00,0x00,0x00,0x01,0x04,
	0x05,0x00,0x00,0x00,0x88,0xaf,0x05,0x00,0x00,0x08,0x01,0x02,0xb0,0x97,0xbc,0x97,
	0x00,0x00,0x01,0x04,0x06,0x00,0x00,0x00,0x88,0xaf,0x05,0x00,0x00,0x08,0x01,0x02,
	0xb0,0x97,0xbc,0x97,0x00,0x00,0x01,0x04,0x08,0x00,0x00,0x00,0x88,0xaf,0x05,0x00,
	0x00,0x08,0x01,0x02,0xb0,0x97,0xbc,0x97,0x00,0x00,0x00,0x01,0x78,0xfc,0x05,0x00,
	0x80,0xaf,0x05,0x00,0x00,0x00,0x00,0x01,0x80,0xaf,0x05,0x00,0x94,0xaf,0x05,0x00,
	0x04,0x00,0x01,0x04,0x00,0x00,0x00,0x80,0x94,0xaf,0x05,0x00,0x00,0x00,0x01,0x04,
	0x00,0x00,0x00,0x80,0x94,0xaf,0x05,0x00,0x00,0x08,0x00,0x02,0xb0,0x97,0xbc,0x97,
	0x00,0x00,0x00,0x01,0x80,0xaf,0x05,0x00,0xb4,0xaf,0x05,0x00,0x04,0x00,0x01,0x04,
	0x01,0x00,0x00,0x00,0xb4,0xaf,0x05,0x00,0x00,0x00,0x01,0x04,0x01,0x00,0x00,0x00,
	0xb4,0xaf,0x05,0x00,0x00,0x08,0x01,0x02,0xb0,0x97,0xbc,0x97,0x00,0x00,0x00,0x04,
	0x30,0xfd,0x05,0x00,0x04,0x94,0x05,0x00,0x00,0x08,0x00,0x02,0x88,0x97,0xa4,0x97,
	0x00,0x00,0x01,0x02,0x20,0x95,0x78,0x95,0x00,0x00,0x01,0x01,0x00,0x00,0x00,0x00,
	0x90,0xaf,0x05,0x00,0x00,0x00,0x01,0x01,0x00,0x00,0x00,0x00,0x8c,0xaf,0x05,0x00,
	0x00,0x00,0x01,0x01,0x08,0x90,0x05,0x00,0x28,0xfd,0x05,0x00,0x00,0x00,0x00,0x01,
	0x2c,0xfd,0x05,0x00,0xac,0xaf,0x05,0x00,0x04,0x00,0x01,0x04,0x1f,0x00,0x00,0x00,
	0xac,0xaf,0x05,0x00,0x00,0x00,0x00,0x04,0xac,0xaf,0x05,0x00,0x04,0x94,0x05,0x00,
	0x00,0x08,0x01,0x02,0xb0,0x97,0xbc,0x97,0x00,0x00,0x01,0x02,0x78,0x95,0x0c,0x96,
	0x00,0x00,0x00,0x01,0x34,0xfd,0x05,0x00,0xb8,0xaf,0x05,0x00,0x00,0x00,0x00,0x01,
	0x30,0xfd,0x05,0x00,0xa8,0xaf,0x05,0x00,0x04,0x00,0x01,0x04,0x0f,0x00,0x00,0x00,
	0xa8,0xaf,0x05,0x00,0x0b,0x00,0x01,0x04,0x05,0x00,0x00,0x00,0xa8,0xaf,0x05,0x00,
	0x0b,0x00,0x01,0x04,0x04,0x00,0x00,0x00,0xa8,0xaf,0x05,0x00,0x01,0x00,0x00,0x04,
	0x28,0xfd,0x05,0x00,0xa8,0xaf,0x05,0x00,0x00,0x00,0x02,0x01,0xa8,0xaf,0x05,0x00,
	0xbc,0xaf,0x05,0x00,0x00,0x00,0x00,0x01,0xb8,0xaf,0x05,0x00,0x84,0xaf,0x05,0x00,
	0x03,0x00,0x00,0x04,0xbc,0xaf,0x05,0x00,0x84,0xaf,0x05,0x00,0x04,0x00,0x01,0x04,
	0x00,0x00,0x00,0x80,0x84,0xaf,0x05,0x00,0x00,0x00,0x01,0x04,0x00,0x00,0x00,0x80,
	0x84,0xaf,0x05,0x00,0x00,0x08,0x01,0x02,0xbc,0x97,0xd8,0x97,0x00,0x00,0x01,0x02,
	0x0c,0x96,0x24,0x97,0x00,0x00,0x00,0x01,0x34,0xfd,0x05,0x00,0x00,0x94,0x05,0x00,
	0x00,0x00,0x00,0x01,0xa8,0xaf,0x05,0x00,0xb0,0xaf,0x05,0x00,0x00,0x00,0x04,0x01,
	0xb8,0xaf,0x05,0x00,0xa8,0xaf,0x05,0x00,0x01,0x00,0x01,0x04,0x04,0x00,0x00,0x00,
	0xb0,0xaf,0x05,0x00,0x00,0x00,0x02,0x01,0xb0,0xaf,0x05,0x00,0xa4,0xaf,0x05,0x00,
	0x01,0x00,0x01,0x04,0x04,0x00,0x00,0x00,0xb0,0xaf,0x05,0x00,0x00,0x00,0x02,0x01,
	0xb0,0xaf,0x05,0x00,0x9c,0xaf,0x05,0x00,0x00,0x00,0x04,0x01,0x9c,0xaf,0x05,0x00,
	0xa4,0xaf,0x05,0x00,0x01,0x00,0x01,0x04,0x04,0x00,0x00,0x00,0xb0,0xaf,0x05,0x00,
	0x00,0x00,0x02,0x01,0xb0,0xaf,0x05,0x00,0xa0,0xaf,0x05,0x00,0x01,0x00,0x01,0x04,
	0x04,0x00,0x00,0x00,0xb0,0xaf,0x05,0x00,0x00,0x00,0x02,0x01,0xb0,0xaf,0x05,0x00,
	0x98,0xaf,0x05,0x00,0x00,0x00,0x04,0x01,0x98,0xaf,0x05,0x00,0xa0,0xaf,0x05,0x00,
	0x00,0x00,0x01,0x01,0x01,0x00,0x00,0x00,0x8c,0xaf,0x05,0x00,0x00,0x00,0x00,0x01,
	0xa4,0xaf,0x05,0x00,0xb0,0xaf,0x05,0x00,0x04,0x00,0x01,0x04,0x00,0x00,0x00,0x80,
	0xb0,0xaf,0x05,0x00,0x05,0x00,0x00,0x04,0xb0,0xaf,0x05,0x00,0x90,0xaf,0x05,0x00,
	0x01,0x00,0x01,0x04,0x04,0x00,0x00,0x00,0xa8,0xaf,0x05,0x00,0x01,0x00,0x01,0x04,
	0x01,0x00,0x00,0x00,0x04,0x94,0x05,0x00,0x04,0x00,0x01,0x04,0x1f,0x00,0x00,0x00,
	0x04,0x94,0x05,0x00,0x00,0x00,0x00,0x01,0x04,0x94,0x05,0x00,0x30,0xfd,0x05,0x00,
	0x00,0x00,0x00,0x04,0xac,0xaf,0x05,0x00,0x04,0x94,0x05,0x00,0x00,0x08,0x01,0x02,
	0x40,0x97,0x6c,0x97,0x00,0x00,0x01,0x02,0x78,0x95,0x0c,0x96,0x00,0x00,0x01,0x03,
	0xb0,0x97,0xbc,0x97,0x00,0x31,0x03,0x05,0x01,0x00,0x00,0x06,0x00,0x00,0x01,0x01,
	0x00,0x00,0x00,0x00,0x90,0xaf,0x05,0x00,0x05,0x00,0x01,0x04,0x00,0x00,0x00,0x40,
	0x70,0x3a,0x06,0x00,0x00,0x00,0x01,0x01,0x00,0x00,0x00,0x00,0x8c,0xaf,0x05,0x00,
	0x00,0x00,0x00,0x01,0x34,0xfd,0x05,0x00,0xfc,0x93,0x05,0x00,0x00,0x00,0x01,0x02,
	0x6c,0x97,0x88,0x97,0x00,0x00,0x01,0x04,0x00,0x00,0x00,0x80,0x90,0xaf,0x05,0x00,
	0x00,0x08,0x01,0x02,0x24,0x97,0x40,0x97,0x00,0x00,0x01,0x02,0xb0,0x97,0xbc,0x97,
	0x00,0x00,0x01,0x04,0x00,0x00,0x00,0x00,0x30,0xfd,0x05,0x00,0x00,0x08,0x01,0x03,
	0xa4,0x97,0xb0,0x97,0x00,0x00,0x01,0x02,0x20,0x95,0x78,0x95,0x00,0x00,0x01,0x01,
	0x00,0x00,0x00,0x00,0x04,0x94,0x05,0x00,0x04,0x00,0x01,0x04,0xff,0xff,0xff,0x7f,
	0x84,0xfc,0x05,0x00,0x00,0x00,0x01,0x04,0x01,0x00,0x00,0x00,0x8c,0xaf,0x05,0x00,
	0x00,0x08,0x01,0x02,0x40,0x97,0x6c,0x97,0x00,0x00,0x01,0x02,0xb0,0x97,0xbc,0x97,
	0x00,0x00,0x00,0x01,0x80,0xfc,0x05,0x00,0x78,0xaf,0x05,0x00,0x04,0x00,0x01,0x04,
	0x00,0x00,0x00,0x80,0x78,0xaf,0x05,0x00,0x00,0x00,0x01,0x04,0x00,0x00,0x00,0x80,
	0x78,0xaf,0x05,0x00,0x00,0x08,0x01,0x02,0x04,0x98,0x50,0x98,0x05,0x00,0x01,0x04,
	0x01,0x00,0x00,0x00,0x84,0xfc,0x05,0x00,0x00,0x33,0x03,0x05,0x00,0x33,0x03,0x05,
	0x00,0x00,0x01,0x04,0x01,0x00,0x00,0x00,0xdc,0x93,0x05,0x00,0x00,0x08,0x01,0x02,
	0x50,0x98,0x98,0x98,0x05,0x00,0x01,0x04,0x01,0x00,0x00,0x00,0x34,0x44,0x04,0x00,
	0x00,0x00,0x01,0x01,0x01,0x00,0x00,0x00,0xdc,0x93,0x05,0x00,0x04,0x00,0x01,0x04,
	0xfe,0xff,0xff,0xff,0x84,0xfc,0x05,0x00,0x04,0x00,0x01,0x04,0xfe,0xff,0xff,0xff,
	0x34,0x44,0x04,0x00,0x00,0x00,0x01,0x04,0x00,0x00,0x00,0x00,0xd8,0x93,0x05,0x00,
	0x00,0x08,0x01,0x02,0xc0,0x98,0xd8,0x98,0x00,0x00,0x00,0x04,0xe4,0x93,0x05,0x00,
	0x9c,0x31,0x07,0x00,0x00,0x08,0x01,0x02,0x98,0x98,0xc0,0x98,0x00,0x00,0x00,0x01,
	0xe4,0x93,0x05,0x00,0x9c,0x31,0x07,0x00,0x00,0x00,0x01,0x02,0x98,0x98,0xc0,0x98,
	0x00,0x00,0x00,0x04,0xe0,0x93,0x05,0x00,0x9c,0x34,0x07,0x00,0x00,0x08,0x01,0x02,
	0xc0,0x98,0xd8,0x98,0x00,0x00,0x00,0x01,0xe0,0x93,0x05,0x00,0x9c,0x34,0x07,0x00,
	0x00,0x00,0x01,0x02,0xc0,0x98,0xd8,0x98,0x00,0x00,0x01,0x01,0x00,0x00,0x00,0x00,
	0xdc,0x93,0x05,0x00,0x04,0x00,0x01,0x04,0xfe,0xff,0xff,0xff,0x84,0xfc,0x05,0x00,
};
const unsigned drv_i915_firmware_adlp_dmc_size = 79088u;
const unsigned drv_i915_firmware_adlp_dmc_checksum = 0x002b075au;
