/* WS031 - embedded reference DMC firmware i915/tgl_dmc_ver2_12.bin (v2.12, 19760 bytes).
 * Do NOT edit: byte-for-byte copy of the fixed reference blob (linux-firmware, Debian 13).
 * sha256=3c013ef0ad96ba73aee8e5bd04a8e27cc9b1c6e9183b1a83ce124485f325afca
 * byte-sum checksum=0x0009303c */
const unsigned char parity_fw_tgl_dmc[19760] = {
	0x09,0x00,0x00,0x00,0x20,0x00,0x00,0x00,0x00,0x00,0x01,0x00,0x00,0x00,0x00,0x00,
	0x00,0x00,0x00,0x00,0x09,0x06,0xe5,0x07,0x4c,0x13,0x00,0x00,0x00,0x00,0x00,0x00,
	0x00,0x00,0x00,0x00,0x00,0x00,0x00,0x00,0x00,0x00,0x00,0x00,0x00,0x00,0x00,0x00,
	0x00,0x00,0x00,0x00,0x00,0x00,0x00,0x00,0x00,0x00,0x00,0x00,0x00,0x00,0x00,0x00,
	0x00,0x00,0x00,0x00,0x00,0x00,0x00,0x00,0x00,0x00,0x00,0x00,0x00,0x00,0x00,0x00,
	0x00,0x00,0x00,0x00,0x00,0x00,0x00,0x00,0x0c,0x00,0x02,0x00,0x00,0x00,0x00,0x00,
	0x00,0x00,0x00,0x00,0x00,0x00,0x00,0x00,0x00,0x00,0x00,0x00,0x00,0x00,0x00,0x00,
	0x00,0x00,0x00,0x00,0x00,0x00,0x00,0x00,0x00,0x00,0x00,0x00,0x00,0x00,0x00,0x00,
	0x64,0x02,0x00,0x00,0x00,0x00,0x00,0x00,0x00,0x00,0x00,0x00,0x02,0x00,0x00,0x00,
	0x00,0x00,0x2a,0x2a,0x00,0x00,0x00,0x00,0x00,0x00,0x00,0x00,0x00,0x01,0x2a,0x2a,
	0xac,0x11,0x00,0x00,0x00,0x00,0x00,0x00,0x00,0x00,0x00,0x00,0x00,0x00,0x00,0x00,
	0x00,0x00,0x00,0x00,0x00,0x00,0x00,0x00,0x00,0x00,0x00,0x00,0x00,0x00,0x00,0x00,
	0x00,0x00,0x00,0x00,0x00,0x00,0x00,0x00,0x00,0x00,0x00,0x00,0x00,0x00,0x00,0x00,
	0x00,0x00,0x00,0x00,0x00,0x00,0x00,0x00,0x00,0x00,0x00,0x00,0x00,0x00,0x00,0x00,
	0x00,0x00,0x00,0x00,0x00,0x00,0x00,0x00,0x00,0x00,0x00,0x00,0x00,0x00,0x00,0x00,
	0x00,0x00,0x00,0x00,0x00,0x00,0x00,0x00,0x00,0x00,0x00,0x00,0x00,0x00,0x00,0x00,
	0x00,0x00,0x00,0x00,0x00,0x00,0x00,0x00,0x00,0x00,0x00,0x00,0x00,0x00,0x00,0x00,
	0x00,0x00,0x00,0x00,0x00,0x00,0x00,0x00,0x00,0x00,0x00,0x00,0x00,0x00,0x00,0x00,
	0x00,0x00,0x00,0x00,0x00,0x00,0x00,0x00,0x00,0x00,0x00,0x00,0x00,0x00,0x00,0x00,
	0x00,0x00,0x00,0x00,0x00,0x00,0x00,0x00,0x00,0x00,0x00,0x00,0x00,0x00,0x00,0x00,
	0x00,0x00,0x00,0x00,0x00,0x00,0x00,0x00,0x00,0x00,0x00,0x00,0x00,0x00,0x00,0x00,
	0x00,0x00,0x00,0x00,0x00,0x00,0x00,0x00,0x00,0x00,0x00,0x00,0x00,0x00,0x00,0x00,
	0x00,0x00,0x00,0x00,0x00,0x00,0x00,0x00,0x00,0x00,0x00,0x00,0x00,0x00,0x00,0x00,
	0x00,0x00,0x00,0x00,0x00,0x00,0x00,0x00,0x00,0x00,0x00,0x00,0x00,0x00,0x00,0x00,
	0x00,0x00,0x00,0x00,0x00,0x00,0x00,0x00,0x00,0x00,0x00,0x00,0x00,0x00,0x00,0x00,
	0x00,0x00,0x00,0x00,0x00,0x00,0x00,0x00,0x00,0x00,0x00,0x00,0x00,0x00,0x00,0x00,
	0x00,0x00,0x00,0x00,0x00,0x00,0x00,0x00,0x00,0x00,0x00,0x00,0x00,0x00,0x00,0x00,
	0x00,0x00,0x00,0x00,0x00,0x00,0x00,0x00,0x00,0x00,0x00,0x00,0x00,0x00,0x00,0x00,
	0x00,0x00,0x00,0x00,0x00,0x00,0x00,0x00,0x00,0x00,0x00,0x00,0x00,0x00,0x00,0x00,
	0x00,0x00,0x00,0x00,0x00,0x00,0x00,0x00,0x00,0x00,0x00,0x00,0x00,0x00,0x00,0x00,
	0x00,0x00,0x00,0x00,0x00,0x00,0x00,0x00,0x00,0x00,0x00,0x00,0x00,0x00,0x00,0x00,
	0x00,0x00,0x00,0x00,0x00,0x00,0x00,0x00,0x00,0x00,0x00,0x00,0x00,0x00,0x00,0x00,
	0x00,0x00,0x00,0x00,0x00,0x00,0x00,0x00,0x00,0x00,0x00,0x00,0x00,0x00,0x00,0x00,
	0x3e,0x3e,0x40,0x40,0x40,0x03,0x02,0x0c,0x00,0x0c,0x00,0x00,0x6c,0x11,0x00,0x00,
	0x02,0x00,0x01,0x00,0x00,0x00,0x08,0x00,0x00,0x00,0x00,0x00,0x00,0x00,0x00,0x00,
	0x00,0x00,0x00,0x00,0x00,0x00,0x00,0x00,0x00,0x00,0x00,0x00,0x00,0x00,0x00,0x00,
	0x00,0x00,0x00,0x00,0x00,0x00,0x00,0x00,0x00,0x00,0x00,0x00,0x44,0x37,0x3c,0x2f,
	0x36,0x47,0x2f,0x3d,0x31,0x39,0x3e,0x2f,0x01,0xfe,0x02,0xfe,0x34,0xd0,0xfd,0x34,
	0x35,0x46,0x39,0x33,0x35,0xd0,0x14,0x01,0x02,0xd0,0xfd,0x3d,0x09,0x00,0x00,0x00,
	0x74,0xf0,0x08,0x00,0x34,0xf0,0x08,0x00,0x04,0xf0,0x08,0x00,0x38,0xf0,0x08,0x00,
	0x08,0xf0,0x08,0x00,0x3c,0xf0,0x08,0x00,0x0c,0xf0,0x08,0x00,0x40,0xf0,0x08,0x00,
	0x10,0xf0,0x08,0x00,0x00,0x00,0x00,0x00,0x00,0x00,0x00,0x00,0x00,0x00,0x00,0x00,
	0x00,0x00,0x00,0x00,0x00,0x00,0x00,0x00,0x00,0x00,0x00,0x00,0x00,0x00,0x00,0x00,
	0x00,0x00,0x00,0x00,0x00,0x00,0x00,0x00,0x00,0x00,0x00,0x00,0x00,0x00,0x00,0x00,
	0xc0,0x6f,0x08,0x00,0x00,0xb4,0x03,0xc0,0x88,0x01,0xa4,0x01,0x00,0xb2,0x03,0xc0,
	0xc0,0x3c,0xbc,0x3e,0x00,0x32,0x03,0xc0,0xb0,0x41,0xdc,0x41,0x00,0xbf,0x03,0xc0,
	0xb4,0x42,0x34,0x43,0x00,0x00,0x00,0x00,0x00,0x00,0x00,0x00,0x00,0x00,0x00,0x00,
	0x00,0x00,0x00,0x00,0x00,0x00,0x00,0x00,0x00,0x00,0x00,0x00,0x00,0x00,0x00,0x00,
	0x00,0x00,0x00,0x00,0x00,0x00,0x00,0x00,0x00,0x00,0x00,0x00,0x00,0x00,0x00,0x00,
	0x40,0x40,0x00,0x0c,0x02,0x00,0x01,0x00,0x00,0x00,0x00,0x00,0x00,0x00,0x00,0x00,
	0x00,0x00,0x00,0x00,0x00,0x00,0x00,0x00,0x00,0x00,0x00,0x00,0x00,0x00,0x00,0x00,
	0x00,0x00,0x00,0x00,0x00,0x00,0x00,0x00,0x00,0x00,0x00,0x00,0x00,0x00,0x00,0x00,
	0x00,0x00,0x00,0x00,0x00,0x00,0x00,0x00,0x00,0x00,0x00,0x00,0x00,0x00,0x00,0x00,
	0x00,0x00,0x00,0x00,0x00,0x00,0x00,0x00,0x00,0x00,0x00,0x00,0x00,0x00,0x00,0x00,
	0x00,0x00,0x00,0x00,0x00,0x00,0x00,0x00,0x00,0x00,0x00,0x00,0x00,0x00,0x00,0x00,
	0x00,0x00,0x00,0x00,0x00,0x00,0x00,0x00,0x00,0x00,0x00,0x00,0x00,0x00,0x00,0x00,
	0x00,0x00,0x00,0x00,0x00,0x00,0x00,0x00,0x00,0x00,0x00,0x00,0x00,0x00,0x00,0x00,
	0x00,0x00,0x00,0x00,0x00,0x00,0x00,0x00,0x00,0x00,0x00,0x00,0x00,0x00,0x00,0x00,
	0x00,0x00,0x00,0x00,0x00,0x00,0x00,0x00,0x00,0x00,0x00,0x00,0x00,0x00,0x00,0x00,
	0x00,0x00,0x00,0x00,0x00,0x00,0x00,0x00,0x00,0x00,0x00,0x00,0x00,0x00,0x00,0x00,
	0x00,0x00,0x00,0x00,0x00,0x00,0x00,0x00,0x00,0x00,0x00,0x00,0x00,0x00,0x00,0x00,
	0x00,0x00,0x00,0x00,0x00,0x00,0x00,0x00,0x00,0x00,0x00,0x00,0x00,0x00,0x00,0x00,
	0x00,0x00,0x00,0x00,0x00,0x00,0x00,0x00,0x00,0x00,0x00,0x00,0x00,0x00,0x00,0x00,
	0x00,0x00,0x00,0x00,0x00,0x00,0x00,0x00,0x00,0x00,0x00,0x00,0x00,0x00,0x00,0x00,
	0x00,0x00,0x00,0x00,0x00,0x00,0x00,0x00,0x00,0x00,0x00,0x00,0x00,0x00,0x00,0x00,
	0x00,0x00,0x00,0x00,0x00,0x00,0x00,0x00,0x00,0x00,0x00,0x00,0x00,0x00,0x00,0x00,
	0x00,0x00,0x00,0x00,0x00,0x00,0x00,0x00,0x00,0x00,0x00,0x00,0x00,0x00,0x00,0x00,
	0x00,0x00,0x00,0x00,0x00,0x00,0x00,0x00,0x00,0x00,0x00,0x00,0x00,0x00,0x00,0x00,
	0x00,0x00,0x00,0x00,0x00,0x00,0x00,0x00,0x00,0x00,0x00,0x00,0x00,0x00,0x00,0x00,
	0x00,0x00,0x00,0x00,0x00,0x00,0x00,0x00,0x00,0x00,0x00,0x00,0x00,0x00,0x00,0x00,
	0x00,0x00,0x00,0x00,0x00,0x00,0x00,0x00,0x00,0x00,0x00,0x00,0x00,0x00,0x00,0x00,
	0x00,0x00,0x00,0x00,0x00,0x00,0x00,0x00,0x00,0x00,0x00,0x00,0x00,0x00,0x00,0x00,
	0x00,0x00,0x00,0x00,0x00,0x00,0x00,0x00,0x00,0x00,0x00,0x00,0x00,0x00,0x00,0x00,
	0x00,0x00,0x00,0x00,0x00,0x00,0x00,0x00,0x00,0x00,0x01,0x04,0x05,0x00,0x00,0x00,
	0x00,0x55,0x04,0x00,0x00,0x08,0x01,0x02,0xf4,0x38,0x8c,0x39,0x00,0x00,0x01,0x02,
	0xa4,0x01,0x38,0x02,0x00,0x00,0x01,0x01,0x00,0x00,0x00,0x00,0x80,0x01,0x08,0x00,
	0x00,0x00,0x01,0x01,0x00,0x00,0x00,0x00,0x7c,0x01,0x08,0x00,0x00,0x00,0x01,0x01,
	0x00,0x00,0x00,0x00,0x78,0x01,0x08,0x00,0x00,0x00,0x01,0x01,0x00,0x00,0x00,0x00,
	0x74,0x01,0x08,0x00,0x00,0x00,0x01,0x01,0x00,0x00,0x00,0x00,0x70,0x01,0x08,0x00,
	0x00,0x00,0x01,0x01,0x00,0x00,0x00,0x00,0x6c,0x01,0x08,0x00,0x00,0x00,0x01,0x01,
	0x00,0x00,0x00,0x00,0x64,0x01,0x08,0x00,0x00,0x00,0x01,0x01,0x01,0x00,0x00,0x10,
	0x50,0x01,0x08,0x00,0x00,0x00,0x00,0x01,0x28,0x40,0x06,0x00,0x38,0x5f,0x08,0x00,
	0x04,0x00,0x01,0x04,0x00,0x00,0xe0,0x01,0x38,0x5f,0x08,0x00,0x00,0x00,0x01,0x04,
	0x00,0x00,0x00,0x00,0x38,0x5f,0x08,0x00,0x00,0x08,0x01,0x02,0x38,0x02,0x2c,0x03,
	0x00,0x00,0x01,0x02,0xc8,0x39,0xe0,0x39,0x00,0x00,0x01,0x01,0x00,0x00,0x00,0xd0,
	0xe0,0xf0,0x08,0x00,0x00,0x00,0x00,0x01,0x10,0xf0,0x08,0x00,0xbc,0x6f,0x08,0x00,
	0x00,0x00,0x00,0x01,0x40,0xf0,0x08,0x00,0xb8,0x6f,0x08,0x00,0x00,0x00,0x01,0x01,
	0x00,0x00,0x00,0x00,0x10,0xf0,0x08,0x00,0x00,0x00,0x01,0x01,0x00,0x00,0x00,0x00,
	0x40,0xf0,0x08,0x00,0x00,0x00,0x00,0x01,0x54,0x54,0x04,0x00,0x5c,0x5f,0x08,0x00,
	0x04,0x00,0x01,0x04,0x05,0x00,0x00,0x00,0x5c,0x5f,0x08,0x00,0x00,0x00,0x01,0x04,
	0x05,0x00,0x00,0x00,0x5c,0x5f,0x08,0x00,0x00,0x08,0x01,0x02,0x98,0x39,0xc8,0x39,
	0x00,0x00,0x00,0x01,0x04,0x55,0x04,0x00,0x2c,0x5f,0x08,0x00,0x04,0x00,0x01,0x04,
	0x03,0x00,0x00,0x00,0x2c,0x5f,0x08,0x00,0x00,0x00,0x01,0x04,0x00,0x00,0x00,0x00,
	0x2c,0x5f,0x08,0x00,0x00,0x08,0x01,0x02,0x98,0x39,0xc8,0x39,0x00,0x00,0x00,0x01,
	0x24,0x54,0x04,0x00,0x5c,0x5f,0x08,0x00,0x04,0x00,0x01,0x04,0x04,0x00,0x00,0x00,
	0x5c,0x5f,0x08,0x00,0x00,0x00,0x01,0x04,0x04,0x00,0x00,0x00,0x5c,0x5f,0x08,0x00,
	0x00,0x08,0x01,0x02,0x98,0x39,0xc8,0x39,0x00,0x00,0x00,0x01,0x00,0x42,0x04,0x00,
	0x44,0x5f,0x08,0x00,0x04,0x00,0x01,0x04,0xff,0xff,0xff,0x7f,0x44,0x5f,0x08,0x00,
	0x00,0x00,0x01,0x04,0x00,0x00,0x00,0x00,0x44,0x5f,0x08,0x00,0x00,0x08,0x01,0x02,
	0xa8,0x03,0x08,0x04,0x00,0x00,0x01,0x02,0x2c,0x03,0xa8,0x03,0x00,0x00,0x01,0x01,
	0x00,0x00,0x00,0x00,0x40,0x5f,0x08,0x00,0x05,0x00,0x00,0x04,0x68,0x44,0x04,0x00,
	0x40,0x5f,0x08,0x00,0x05,0x00,0x00,0x04,0x88,0x44,0x04,0x00,0x40,0x5f,0x08,0x00,
	0x05,0x00,0x00,0x04,0x78,0x44,0x04,0x00,0x40,0x5f,0x08,0x00,0x05,0x00,0x00,0x04,
	0x08,0x44,0x04,0x00,0x40,0x5f,0x08,0x00,0x05,0x00,0x00,0x04,0x48,0x44,0x04,0x00,
	0x40,0x5f,0x08,0x00,0x05,0x00,0x00,0x04,0x18,0x08,0x06,0x00,0x40,0x5f,0x08,0x00,
	0x05,0x00,0x00,0x04,0x58,0x70,0x06,0x00,0x40,0x5f,0x08,0x00,0x00,0x00,0x01,0x04,
	0x00,0x00,0x00,0x00,0x40,0x5f,0x08,0x00,0x00,0x08,0x01,0x02,0xa8,0x03,0x08,0x04,
	0x00,0x00,0x01,0x02,0x98,0x39,0xc8,0x39,0x00,0x00,0x00,0x01,0x00,0x08,0x06,0x00,
	0x58,0x5f,0x08,0x00,0x04,0x00,0x01,0x04,0x00,0x00,0x00,0x80,0x58,0x5f,0x08,0x00,
	0x00,0x00,0x01,0x04,0x00,0x00,0x00,0x80,0x58,0x5f,0x08,0x00,0x00,0x08,0x01,0x02,
	0x08,0x04,0x58,0x04,0x00,0x00,0x00,0x01,0x00,0x09,0x06,0x00,0x5c,0x5f,0x08,0x00,
	0x04,0x00,0x01,0x04,0x00,0x00,0x00,0x80,0x5c,0x5f,0x08,0x00,0x00,0x00,0x01,0x04,
	0x00,0x00,0x00,0x80,0x5c,0x5f,0x08,0x00,0x00,0x08,0x01,0x02,0x58,0x04,0xa8,0x04,
	0x00,0x00,0x01,0x02,0xa8,0x04,0xdc,0x04,0x05,0x00,0x01,0x04,0x01,0x00,0x00,0x00,
	0x84,0x20,0x04,0x00,0x00,0x00,0x01,0x01,0x05,0x00,0x00,0x00,0x8c,0xf0,0x08,0x00,
	0x00,0x14,0x03,0x05,0x00,0x00,0x00,0x01,0x40,0x08,0x06,0x00,0x54,0x5f,0x08,0x00,
	0x04,0x00,0x01,0x04,0x00,0x00,0x00,0xe0,0x54,0x5f,0x08,0x00,0x00,0x00,0x01,0x04,
	0x00,0x00,0x00,0x40,0x54,0x5f,0x08,0x00,0x00,0x08,0x01,0x02,0xa8,0x04,0xdc,0x04,
	0x00,0x00,0x01,0x02,0xbc,0x3a,0xf8,0x3a,0x05,0x00,0x01,0x04,0x01,0x00,0x00,0x00,
	0x84,0x20,0x04,0x00,0x00,0x00,0x01,0x01,0x05,0x00,0x00,0x00,0x90,0xf0,0x08,0x00,
	0x00,0x15,0x03,0x05,0x00,0x00,0x00,0x01,0x40,0x09,0x06,0x00,0x5c,0x5f,0x08,0x00,
	0x04,0x00,0x01,0x04,0x00,0x00,0x00,0xf0,0x5c,0x5f,0x08,0x00,0x00,0x00,0x01,0x04,
	0x00,0x00,0x00,0x80,0x5c,0x5f,0x08,0x00,0x00,0x08,0x01,0x02,0xa8,0x04,0xdc,0x04,
	0x00,0x00,0x01,0x02,0xbc,0x3a,0xf8,0x3a,0x00,0x00,0x00,0x01,0x24,0x54,0x04,0x00,
	0x5c,0x5f,0x08,0x00,0x04,0x00,0x01,0x04,0x02,0x00,0x00,0x00,0x5c,0x5f,0x08,0x00,
	0x00,0x00,0x01,0x04,0x02,0x00,0x00,0x00,0x5c,0x5f,0x08,0x00,0x00,0x08,0x01,0x03,
	0xdc,0x04,0x54,0x05,0x00,0x00,0x01,0x02,0x54,0x05,0x74,0x11,0x00,0x00,0x01,0x01,
	0x01,0x00,0x00,0x00,0x64,0x01,0x08,0x00,0x09,0x00,0x00,0x01,0x08,0x80,0x07,0x00,
	0x90,0x6f,0x08,0x00,0x00,0x00,0x00,0x01,0x34,0x80,0x07,0x00,0x8c,0x6f,0x08,0x00,
	0x04,0x00,0x00,0x01,0x50,0x80,0x07,0x00,0x78,0x6f,0x08,0x00,0x10,0x00,0x00,0x01,
	0x70,0x80,0x07,0x00,0x34,0x6f,0x08,0x00,0x09,0x00,0x00,0x01,0x08,0x81,0x07,0x00,
	0x0c,0x6f,0x08,0x00,0x00,0x00,0x00,0x01,0x34,0x81,0x07,0x00,0x08,0x6f,0x08,0x00,
	0x04,0x00,0x00,0x01,0x50,0x81,0x07,0x00,0xf4,0x6e,0x08,0x00,0x0e,0x00,0x00,0x01,
	0x70,0x81,0x07,0x00,0xb8,0x6e,0x08,0x00,0x01,0x00,0x00,0x01,0xac,0x81,0x07,0x00,
	0xb0,0x6e,0x08,0x00,0x01,0x00,0x01,0x04,0x01,0x00,0x00,0x00,0x30,0x01,0x08,0x00,
	0x01,0x00,0x01,0x04,0x01,0x00,0x00,0x00,0x54,0xf0,0x08,0x00,0x00,0x00,0x00,0x01,
	0x00,0x32,0x04,0x00,0xac,0x6e,0x08,0x00,0x01,0x00,0x00,0x01,0x08,0x32,0x04,0x00,
	0xa4,0x6e,0x08,0x00,0x03,0x00,0x00,0x01,0x20,0x32,0x04,0x00,0x94,0x6e,0x08,0x00,
	0x00,0x00,0x00,0x01,0x04,0x44,0x04,0x00,0x90,0x6e,0x08,0x00,0x00,0x00,0x00,0x01,
	0x0c,0x44,0x04,0x00,0x8c,0x6e,0x08,0x00,0x00,0x00,0x00,0x01,0x50,0x52,0x04,0x00,
	0x88,0x6e,0x08,0x00,0x00,0x00,0x00,0x01,0x70,0x52,0x04,0x00,0x84,0x6e,0x08,0x00,
	0x00,0x00,0x00,0x01,0x00,0x90,0x04,0x00,0x80,0x6e,0x08,0x00,0x05,0x00,0x00,0x01,
	0x10,0x90,0x04,0x00,0x68,0x6e,0x08,0x00,0x02,0x00,0x00,0x01,0x30,0x90,0x04,0x00,
	0x5c,0x6e,0x08,0x00,0x02,0x00,0x00,0x01,0x40,0x90,0x04,0x00,0x50,0x6e,0x08,0x00,
	0x0c,0x00,0x00,0x01,0x50,0x90,0x04,0x00,0x1c,0x6e,0x08,0x00,0x05,0x00,0x00,0x01,
	0x90,0x90,0x04,0x00,0x04,0x6e,0x08,0x00,0x00,0x00,0x00,0x01,0xc8,0x90,0x04,0x00,
	0x00,0x6e,0x08,0x00,0x00,0x00,0x00,0x01,0x00,0x94,0x04,0x00,0xfc,0x6d,0x08,0x00,
	0x00,0x00,0x00,0x01,0x04,0x94,0x04,0x00,0xf8,0x6d,0x08,0x00,0x00,0x00,0x00,0x01,
	0x0c,0x94,0x04,0x00,0xf4,0x6d,0x08,0x00,0x00,0x00,0x00,0x01,0x20,0x94,0x04,0x00,
	0xf0,0x6d,0x08,0x00,0x01,0x00,0x00,0x01,0x3c,0x94,0x04,0x00,0xe8,0x6d,0x08,0x00,
	0x02,0x00,0x00,0x01,0x60,0x94,0x04,0x00,0xdc,0x6d,0x08,0x00,0x01,0x00,0x00,0x01,
	0x70,0x94,0x04,0x00,0xd4,0x6d,0x08,0x00,0x00,0x00,0x00,0x01,0x00,0xa4,0x04,0x00,
	0xd0,0x6d,0x08,0x00,0x02,0x00,0x00,0x01,0x10,0xa4,0x04,0x00,0xc4,0x6d,0x08,0x00,
	0x02,0x00,0x00,0x01,0x20,0xa4,0x04,0x00,0xb8,0x6d,0x08,0x00,0x02,0x00,0x00,0x01,
	0x30,0xa4,0x04,0x00,0xac,0x6d,0x08,0x00,0x00,0x00,0x00,0x01,0x80,0xa4,0x04,0x00,
	0xa8,0x6d,0x08,0x00,0x0d,0x00,0x00,0x01,0x00,0x00,0x06,0x00,0x70,0x6d,0x08,0x00,
	0x07,0x00,0x00,0x01,0x40,0x00,0x06,0x00,0x50,0x6d,0x08,0x00,0x00,0x00,0x00,0x01,
	0x74,0x00,0x06,0x00,0x4c,0x6d,0x08,0x00,0x00,0x00,0x00,0x01,0x80,0x00,0x06,0x00,
	0x48,0x6d,0x08,0x00,0x00,0x00,0x00,0x01,0x00,0x02,0x06,0x00,0x44,0x6d,0x08,0x00,
	0x00,0x00,0x00,0x01,0x10,0x02,0x06,0x00,0x40,0x6d,0x08,0x00,0x07,0x00,0x00,0x01,
	0x20,0x02,0x06,0x00,0x20,0x6d,0x08,0x00,0x07,0x00,0x00,0x01,0x60,0x02,0x06,0x00,
	0x00,0x6d,0x08,0x00,0x07,0x00,0x00,0x01,0xa0,0x02,0x06,0x00,0xe0,0x6c,0x08,0x00,
	0x08,0x00,0x00,0x01,0xe0,0x02,0x06,0x00,0xbc,0x6c,0x08,0x00,0x08,0x00,0x00,0x01,
	0x20,0x03,0x06,0x00,0x98,0x6c,0x08,0x00,0x20,0x00,0x00,0x01,0x50,0x03,0x06,0x00,
	0x14,0x6c,0x08,0x00,0x01,0x00,0x00,0x01,0x00,0x04,0x06,0x00,0x0c,0x6c,0x08,0x00,
	0x00,0x00,0x00,0x01,0x10,0x04,0x06,0x00,0x08,0x6c,0x08,0x00,0x0f,0x00,0x00,0x01,
	0x20,0x04,0x06,0x00,0xc8,0x6b,0x08,0x00,0x00,0x00,0x00,0x01,0x80,0x04,0x06,0x00,
	0xc4,0x6b,0x08,0x00,0x01,0x00,0x00,0x01,0x40,0x05,0x06,0x00,0xbc,0x6b,0x08,0x00,
	0x00,0x00,0x00,0x01,0xe0,0x05,0x06,0x00,0xb8,0x6b,0x08,0x00,0x03,0x00,0x00,0x01,
	0xf0,0x05,0x06,0x00,0xa8,0x6b,0x08,0x00,0x00,0x00,0x00,0x01,0x00,0x08,0x06,0x00,
	0xa4,0x6b,0x08,0x00,0x01,0x00,0x00,0x01,0x14,0x08,0x06,0x00,0x9c,0x6b,0x08,0x00,
	0x00,0x00,0x00,0x01,0x44,0x08,0x06,0x00,0x98,0x6b,0x08,0x00,0x00,0x00,0x00,0x01,
	0x48,0x08,0x06,0x00,0x94,0x6b,0x08,0x00,0x00,0x00,0x00,0x01,0x60,0x08,0x06,0x00,
	0x90,0x6b,0x08,0x00,0x00,0x00,0x00,0x01,0x00,0x09,0x06,0x00,0x8c,0x6b,0x08,0x00,
	0x00,0x00,0x00,0x01,0x10,0x09,0x06,0x00,0x88,0x6b,0x08,0x00,0x00,0x00,0x00,0x01,
	0x48,0x09,0x06,0x00,0x84,0x6b,0x08,0x00,0x02,0x00,0x00,0x01,0x60,0x0a,0x06,0x00,
	0x78,0x6b,0x08,0x00,0x00,0x00,0x00,0x01,0x70,0x0a,0x06,0x00,0x74,0x6b,0x08,0x00,
	0x00,0x00,0x00,0x01,0x00,0x40,0x06,0x00,0x70,0x6b,0x08,0x00,0x07,0x00,0x00,0x01,
	0x10,0x40,0x06,0x00,0x50,0x6b,0x08,0x00,0x00,0x00,0x00,0x01,0x50,0x40,0x06,0x00,
	0x4c,0x6b,0x08,0x00,0x00,0x00,0x00,0x01,0x70,0x40,0x06,0x00,0x48,0x6b,0x08,0x00,
	0x01,0x00,0x00,0x01,0x90,0x40,0x06,0x00,0x40,0x6b,0x08,0x00,0x00,0x00,0x00,0x01,
	0x00,0x41,0x06,0x00,0x3c,0x6b,0x08,0x00,0x07,0x00,0x00,0x01,0x10,0x41,0x06,0x00,
	0x1c,0x6b,0x08,0x00,0x00,0x00,0x00,0x01,0x50,0x41,0x06,0x00,0x18,0x6b,0x08,0x00,
	0x00,0x00,0x00,0x01,0x70,0x41,0x06,0x00,0x14,0x6b,0x08,0x00,0x01,0x00,0x00,0x01,
	0x90,0x41,0x06,0x00,0x0c,0x6b,0x08,0x00,0x00,0x00,0x00,0x01,0x00,0x42,0x06,0x00,
	0x08,0x6b,0x08,0x00,0x07,0x00,0x00,0x01,0x10,0x42,0x06,0x00,0xe8,0x6a,0x08,0x00,
	0x00,0x00,0x00,0x01,0x50,0x42,0x06,0x00,0xe4,0x6a,0x08,0x00,0x00,0x00,0x00,0x01,
	0x70,0x42,0x06,0x00,0xe0,0x6a,0x08,0x00,0x01,0x00,0x00,0x01,0x90,0x42,0x06,0x00,
	0xd8,0x6a,0x08,0x00,0x02,0x00,0x00,0x01,0x90,0x64,0x06,0x00,0xcc,0x6a,0x08,0x00,
	0x00,0x00,0x00,0x01,0xb0,0x64,0x06,0x00,0xc8,0x6a,0x08,0x00,0x00,0x00,0x00,0x01,
	0x00,0x6f,0x06,0x00,0xc4,0x6a,0x08,0x00,0x00,0x00,0x00,0x01,0x00,0x70,0x06,0x00,
	0xc0,0x6a,0x08,0x00,0x01,0x00,0x00,0x01,0x10,0x70,0x06,0x00,0xb8,0x6a,0x08,0x00,
	0x01,0x00,0x00,0x01,0x54,0x70,0x06,0x00,0xb0,0x6a,0x08,0x00,0x02,0x00,0x00,0x01,
	0x60,0x81,0x06,0x00,0xa4,0x6a,0x08,0x00,0x00,0x00,0x00,0x01,0x70,0x81,0x06,0x00,
	0xa0,0x6a,0x08,0x00,0x00,0x00,0x00,0x01,0x80,0x81,0x06,0x00,0x9c,0x6a,0x08,0x00,
	0x00,0x00,0x00,0x01,0x88,0x81,0x06,0x00,0x98,0x6a,0x08,0x00,0x00,0x00,0x00,0x01,
	0x94,0x81,0x06,0x00,0x94,0x6a,0x08,0x00,0x01,0x00,0x00,0x01,0xa8,0x81,0x06,0x00,
	0x8c,0x6a,0x08,0x00,0x00,0x00,0x00,0x01,0xd0,0x81,0x06,0x00,0x88,0x6a,0x08,0x00,
	0x02,0x00,0x00,0x01,0x60,0x82,0x06,0x00,0x7c,0x6a,0x08,0x00,0x00,0x00,0x00,0x01,
	0x70,0x82,0x06,0x00,0x78,0x6a,0x08,0x00,0x00,0x00,0x00,0x01,0x80,0x82,0x06,0x00,
	0x74,0x6a,0x08,0x00,0x00,0x00,0x00,0x01,0x88,0x82,0x06,0x00,0x70,0x6a,0x08,0x00,
	0x00,0x00,0x00,0x01,0x94,0x82,0x06,0x00,0x6c,0x6a,0x08,0x00,0x01,0x00,0x00,0x01,
	0xa8,0x82,0x06,0x00,0x64,0x6a,0x08,0x00,0x00,0x00,0x00,0x01,0xd0,0x82,0x06,0x00,
	0x60,0x6a,0x08,0x00,0x07,0x00,0x00,0x01,0x04,0x00,0x07,0x00,0x40,0x6a,0x08,0x00,
	0x05,0x00,0x00,0x01,0x28,0x00,0x07,0x00,0x28,0x6a,0x08,0x00,0x01,0x00,0x00,0x01,
	0x48,0x00,0x07,0x00,0x20,0x6a,0x08,0x00,0x01,0x00,0x00,0x01,0x54,0x00,0x07,0x00,
	0x18,0x6a,0x08,0x00,0x00,0x00,0x00,0x01,0x80,0x00,0x07,0x00,0x14,0x6a,0x08,0x00,
	0x00,0x00,0x00,0x01,0x88,0x00,0x07,0x00,0x10,0x6a,0x08,0x00,0x04,0x00,0x00,0x01,
	0x90,0x00,0x07,0x00,0xfc,0x69,0x08,0x00,0x00,0x00,0x00,0x01,0xc0,0x00,0x07,0x00,
	0xf8,0x69,0x08,0x00,0x05,0x00,0x00,0x01,0xd0,0x00,0x07,0x00,0xe0,0x69,0x08,0x00,
	0x07,0x00,0x00,0x01,0x40,0x01,0x07,0x00,0xc0,0x69,0x08,0x00,0x00,0x00,0x00,0x01,
	0x68,0x01,0x07,0x00,0xbc,0x69,0x08,0x00,0x01,0x00,0x00,0x01,0x7c,0x01,0x07,0x00,
	0xb4,0x69,0x08,0x00,0x04,0x00,0x00,0x01,0x88,0x01,0x07,0x00,0xa0,0x69,0x08,0x00,
	0x08,0x00,0x00,0x01,0xa0,0x01,0x07,0x00,0x7c,0x69,0x08,0x00,0x01,0x00,0x00,0x01,
	0xc8,0x01,0x07,0x00,0x74,0x69,0x08,0x00,0x1f,0x00,0x00,0x01,0xe0,0x01,0x07,0x00,
	0xf4,0x68,0x08,0x00,0x01,0x00,0x00,0x01,0x68,0x02,0x07,0x00,0xec,0x68,0x08,0x00,
	0x01,0x00,0x00,0x01,0x7c,0x02,0x07,0x00,0xe4,0x68,0x08,0x00,0x04,0x00,0x00,0x01,
	0x88,0x02,0x07,0x00,0xd0,0x68,0x08,0x00,0x08,0x00,0x00,0x01,0xa0,0x02,0x07,0x00,
	0xac,0x68,0x08,0x00,0x01,0x00,0x00,0x01,0xc8,0x02,0x07,0x00,0xa4,0x68,0x08,0x00,
	0x1f,0x00,0x00,0x01,0xe0,0x02,0x07,0x00,0x24,0x68,0x08,0x00,0x01,0x00,0x00,0x01,
	0x68,0x03,0x07,0x00,0x1c,0x68,0x08,0x00,0x01,0x00,0x00,0x01,0x7c,0x03,0x07,0x00,
	0x14,0x68,0x08,0x00,0x04,0x00,0x00,0x01,0x88,0x03,0x07,0x00,0x00,0x68,0x08,0x00,
	0x08,0x00,0x00,0x01,0xa0,0x03,0x07,0x00,0xdc,0x67,0x08,0x00,0x01,0x00,0x00,0x01,
	0xc8,0x03,0x07,0x00,0xd4,0x67,0x08,0x00,0x1f,0x00,0x00,0x01,0xe0,0x03,0x07,0x00,
	0x54,0x67,0x08,0x00,0x01,0x00,0x00,0x01,0x68,0x04,0x07,0x00,0x4c,0x67,0x08,0x00,
	0x01,0x00,0x00,0x01,0x7c,0x04,0x07,0x00,0x44,0x67,0x08,0x00,0x04,0x00,0x00,0x01,
	0x88,0x04,0x07,0x00,0x30,0x67,0x08,0x00,0x00,0x00,0x01,0x01,0x00,0x00,0x00,0x80,
	0x30,0xf0,0x08,0x00,0x01,0x00,0x00,0x01,0xa0,0x04,0x07,0x00,0x28,0x67,0x08,0x00,
	0x05,0x00,0x00,0x01,0xac,0x04,0x07,0x00,0x10,0x67,0x08,0x00,0x00,0x00,0x00,0x01,
	0xcc,0x04,0x07,0x00,0x0c,0x67,0x08,0x00,0x07,0x00,0x00,0x01,0x40,0x05,0x07,0x00,
	0xec,0x66,0x08,0x00,0x01,0x00,0x00,0x01,0x68,0x05,0x07,0x00,0xe4,0x66,0x08,0x00,
	0x01,0x00,0x00,0x01,0x7c,0x05,0x07,0x00,0xdc,0x66,0x08,0x00,0x04,0x00,0x00,0x01,
	0x88,0x05,0x07,0x00,0xc8,0x66,0x08,0x00,0x01,0x00,0x00,0x01,0xa0,0x05,0x07,0x00,
	0xc0,0x66,0x08,0x00,0x05,0x00,0x00,0x01,0xac,0x05,0x07,0x00,0xa8,0x66,0x08,0x00,
	0x00,0x00,0x00,0x01,0xcc,0x05,0x07,0x00,0xa4,0x66,0x08,0x00,0x07,0x00,0x00,0x01,
	0x40,0x06,0x07,0x00,0x84,0x66,0x08,0x00,0x01,0x00,0x00,0x01,0x68,0x06,0x07,0x00,
	0x7c,0x66,0x08,0x00,0x01,0x00,0x00,0x01,0x7c,0x06,0x07,0x00,0x74,0x66,0x08,0x00,
	0x04,0x00,0x00,0x01,0x88,0x06,0x07,0x00,0x60,0x66,0x08,0x00,0x01,0x00,0x00,0x01,
	0xa0,0x06,0x07,0x00,0x58,0x66,0x08,0x00,0x05,0x00,0x00,0x01,0xac,0x06,0x07,0x00,
	0x40,0x66,0x08,0x00,0x00,0x00,0x00,0x01,0xcc,0x06,0x07,0x00,0x3c,0x66,0x08,0x00,
	0x07,0x00,0x00,0x01,0x40,0x07,0x07,0x00,0x1c,0x66,0x08,0x00,0x01,0x00,0x00,0x01,
	0x68,0x07,0x07,0x00,0x14,0x66,0x08,0x00,0x01,0x00,0x00,0x01,0x7c,0x07,0x07,0x00,
	0x0c,0x66,0x08,0x00,0x04,0x00,0x00,0x01,0x88,0x07,0x07,0x00,0xf8,0x65,0x08,0x00,
	0x01,0x00,0x00,0x01,0xa0,0x07,0x07,0x00,0xf0,0x65,0x08,0x00,0x05,0x00,0x00,0x01,
	0xac,0x07,0x07,0x00,0xd8,0x65,0x08,0x00,0x00,0x00,0x00,0x01,0xcc,0x07,0x07,0x00,
	0xd4,0x65,0x08,0x00,0x07,0x00,0x00,0x01,0x40,0x08,0x07,0x00,0xb4,0x65,0x08,0x00,
	0x01,0x00,0x00,0x01,0x68,0x08,0x07,0x00,0xac,0x65,0x08,0x00,0x01,0x00,0x00,0x01,
	0x7c,0x08,0x07,0x00,0xa4,0x65,0x08,0x00,0x03,0x00,0x00,0x01,0x90,0x08,0x07,0x00,
	0x94,0x65,0x08,0x00,0x03,0x00,0x00,0x01,0xb0,0x08,0x07,0x00,0x84,0x65,0x08,0x00,
	0x03,0x00,0x00,0x01,0xd0,0x08,0x07,0x00,0x74,0x65,0x08,0x00,0x03,0x00,0x00,0x01,
	0xf0,0x08,0x07,0x00,0x64,0x65,0x08,0x00,0x03,0x00,0x00,0x01,0x20,0x09,0x07,0x00,
	0x54,0x65,0x08,0x00,0x03,0x00,0x00,0x01,0x40,0x09,0x07,0x00,0x44,0x65,0x08,0x00,
	0x03,0x00,0x00,0x01,0x60,0x09,0x07,0x00,0x34,0x65,0x08,0x00,0x02,0x00,0x00,0x01,
	0x0c,0x0b,0x07,0x00,0x28,0x65,0x08,0x00,0x00,0x00,0x00,0x01,0x1c,0x0b,0x07,0x00,
	0x24,0x65,0x08,0x00,0x00,0x00,0x00,0x01,0x28,0x0b,0x07,0x00,0x20,0x65,0x08,0x00,
	0x06,0x00,0x00,0x01,0x30,0x0b,0x07,0x00,0x04,0x65,0x08,0x00,0x00,0x00,0x00,0x01,
	0xf0,0x0b,0x07,0x00,0x00,0x65,0x08,0x00,0x02,0x00,0x00,0x01,0x0c,0x0c,0x07,0x00,
	0xf4,0x64,0x08,0x00,0x00,0x00,0x00,0x01,0x1c,0x0c,0x07,0x00,0xf0,0x64,0x08,0x00,
	0x00,0x00,0x00,0x01,0x28,0x0c,0x07,0x00,0xec,0x64,0x08,0x00,0x06,0x00,0x00,0x01,
	0x30,0x0c,0x07,0x00,0xd0,0x64,0x08,0x00,0x00,0x00,0x00,0x01,0xf0,0x0c,0x07,0x00,
	0xcc,0x64,0x08,0x00,0x02,0x00,0x00,0x01,0x0c,0x0d,0x07,0x00,0xc0,0x64,0x08,0x00,
	0x00,0x00,0x00,0x01,0x1c,0x0d,0x07,0x00,0xbc,0x64,0x08,0x00,0x00,0x00,0x00,0x01,
	0x28,0x0d,0x07,0x00,0xb8,0x64,0x08,0x00,0x06,0x00,0x00,0x01,0x30,0x0d,0x07,0x00,
	0x9c,0x64,0x08,0x00,0x00,0x00,0x00,0x01,0xf0,0x0d,0x07,0x00,0x98,0x64,0x08,0x00,
	0x01,0x00,0x00,0x01,0x00,0x80,0x07,0x00,0x90,0x64,0x08,0x00,0x00,0x00,0x00,0x01,
	0xc0,0x90,0x04,0x00,0x8c,0x64,0x08,0x00,0x05,0x00,0x01,0x04,0x00,0x08,0x00,0x00,
	0xc0,0x90,0x04,0x00,0x04,0x00,0x01,0x04,0x80,0xff,0xff,0xff,0xc0,0x90,0x04,0x00,
	0x60,0x00,0x00,0x01,0xc4,0x90,0x04,0x00,0x84,0x5e,0x08,0x00,0x00,0x00,0x00,0x01,
	0x08,0xa4,0x04,0x00,0x88,0x64,0x08,0x00,0x00,0x00,0x01,0x01,0x00,0x80,0x00,0x00,
	0x08,0xa4,0x04,0x00,0x51,0x00,0x00,0x01,0x0c,0xa4,0x04,0x00,0x3c,0x5e,0x08,0x00,
	0x00,0x00,0x00,0x01,0x84,0xa4,0x04,0x00,0x84,0x64,0x08,0x00,0x00,0x00,0x01,0x01,
	0x00,0x04,0x00,0x00,0x84,0xa4,0x04,0x00,0x62,0x00,0x00,0x01,0x88,0xa4,0x04,0x00,
	0xb0,0x5d,0x08,0x00,0x00,0x00,0x00,0x01,0x98,0x81,0x06,0x00,0x80,0x64,0x08,0x00,
	0x00,0x00,0x01,0x01,0x00,0x04,0x00,0x00,0x98,0x81,0x06,0x00,0x7b,0x00,0x00,0x01,
	0x9c,0x81,0x06,0x00,0xc0,0x5c,0x08,0x00,0x00,0x00,0x00,0x01,0xa0,0x81,0x06,0x00,
	0x7c,0x64,0x08,0x00,0x00,0x00,0x01,0x01,0x00,0x04,0x00,0x00,0xa0,0x81,0x06,0x00,
	0x7b,0x00,0x00,0x01,0xa4,0x81,0x06,0x00,0xd0,0x5b,0x08,0x00,0x00,0x00,0x00,0x01,
	0x98,0x82,0x06,0x00,0x78,0x64,0x08,0x00,0x00,0x00,0x01,0x01,0x00,0x04,0x00,0x00,
	0x98,0x82,0x06,0x00,0x7b,0x00,0x00,0x01,0x9c,0x82,0x06,0x00,0xe0,0x5a,0x08,0x00,
	0x00,0x00,0x00,0x01,0xa0,0x82,0x06,0x00,0x74,0x64,0x08,0x00,0x00,0x00,0x01,0x01,
	0x00,0x04,0x00,0x00,0xa0,0x82,0x06,0x00,0x7b,0x00,0x00,0x01,0xa4,0x82,0x06,0x00,
	0xf0,0x59,0x08,0x00,0x00,0x00,0x00,0x01,0xb0,0x00,0x07,0x00,0x70,0x64,0x08,0x00,
	0x00,0x00,0x01,0x01,0x00,0x04,0x00,0x00,0xb0,0x00,0x07,0x00,0x62,0x00,0x00,0x01,
	0xb4,0x00,0x07,0x00,0x64,0x59,0x08,0x00,0x00,0x00,0x00,0x01,0xd0,0x01,0x07,0x00,
	0x6c,0x64,0x08,0x00,0x00,0x00,0x01,0x01,0x00,0x04,0x00,0x00,0xd0,0x01,0x07,0x00,
	0x7e,0x00,0x00,0x01,0xd4,0x01,0x07,0x00,0x58,0x57,0x08,0x00,0x7e,0x00,0x00,0x01,
	0xd4,0x01,0x07,0x00,0x54,0x58,0x08,0x00,0x44,0x00,0x00,0x01,0xd4,0x01,0x07,0x00,
	0x50,0x59,0x08,0x00,0x00,0x00,0x00,0x01,0xd8,0x01,0x07,0x00,0x68,0x64,0x08,0x00,
	0x00,0x00,0x01,0x01,0x00,0x04,0x00,0x00,0xd8,0x01,0x07,0x00,0x62,0x00,0x00,0x01,
	0xdc,0x01,0x07,0x00,0xcc,0x56,0x08,0x00,0x00,0x00,0x00,0x01,0xd0,0x02,0x07,0x00,
	0x64,0x64,0x08,0x00,0x00,0x00,0x01,0x01,0x00,0x04,0x00,0x00,0xd0,0x02,0x07,0x00,
	0x7e,0x00,0x00,0x01,0xd4,0x02,0x07,0x00,0xc0,0x54,0x08,0x00,0x7e,0x00,0x00,0x01,
	0xd4,0x02,0x07,0x00,0xbc,0x55,0x08,0x00,0x44,0x00,0x00,0x01,0xd4,0x02,0x07,0x00,
	0xb8,0x56,0x08,0x00,0x00,0x00,0x00,0x01,0xd8,0x02,0x07,0x00,0x60,0x64,0x08,0x00,
	0x00,0x00,0x01,0x01,0x00,0x04,0x00,0x00,0xd8,0x02,0x07,0x00,0x62,0x00,0x00,0x01,
	0xdc,0x02,0x07,0x00,0x34,0x54,0x08,0x00,0x00,0x00,0x00,0x01,0xd0,0x03,0x07,0x00,
	0x5c,0x64,0x08,0x00,0x00,0x00,0x01,0x01,0x00,0x04,0x00,0x00,0xd0,0x03,0x07,0x00,
	0x7e,0x00,0x00,0x01,0xd4,0x03,0x07,0x00,0x28,0x52,0x08,0x00,0x7e,0x00,0x00,0x01,
	0xd4,0x03,0x07,0x00,0x24,0x53,0x08,0x00,0x44,0x00,0x00,0x01,0xd4,0x03,0x07,0x00,
	0x20,0x54,0x08,0x00,0x00,0x00,0x00,0x01,0xd8,0x03,0x07,0x00,0x58,0x64,0x08,0x00,
	0x00,0x00,0x01,0x01,0x00,0x04,0x00,0x00,0xd8,0x03,0x07,0x00,0x62,0x00,0x00,0x01,
	0xdc,0x03,0x07,0x00,0x9c,0x51,0x08,0x00,0x00,0x00,0x00,0x01,0xd0,0x04,0x07,0x00,
	0x54,0x64,0x08,0x00,0x00,0x00,0x01,0x01,0x00,0x04,0x00,0x00,0xd0,0x04,0x07,0x00,
	0x62,0x00,0x00,0x01,0xd4,0x04,0x07,0x00,0x10,0x51,0x08,0x00,0x00,0x00,0x00,0x01,
	0xd8,0x04,0x07,0x00,0x50,0x64,0x08,0x00,0x00,0x00,0x01,0x01,0x00,0x04,0x00,0x00,
	0xd8,0x04,0x07,0x00,0x62,0x00,0x00,0x01,0xdc,0x04,0x07,0x00,0x84,0x50,0x08,0x00,
	0x00,0x00,0x00,0x01,0xd0,0x05,0x07,0x00,0x4c,0x64,0x08,0x00,0x00,0x00,0x01,0x01,
	0x00,0x04,0x00,0x00,0xd0,0x05,0x07,0x00,0x62,0x00,0x00,0x01,0xd4,0x05,0x07,0x00,
	0xf8,0x4f,0x08,0x00,0x00,0x00,0x00,0x01,0xd8,0x05,0x07,0x00,0x48,0x64,0x08,0x00,
	0x00,0x00,0x01,0x01,0x00,0x04,0x00,0x00,0xd8,0x05,0x07,0x00,0x62,0x00,0x00,0x01,
	0xdc,0x05,0x07,0x00,0x6c,0x4f,0x08,0x00,0x00,0x00,0x00,0x01,0xd0,0x06,0x07,0x00,
	0x44,0x64,0x08,0x00,0x00,0x00,0x01,0x01,0x00,0x04,0x00,0x00,0xd0,0x06,0x07,0x00,
	0x62,0x00,0x00,0x01,0xd4,0x06,0x07,0x00,0xe0,0x4e,0x08,0x00,0x00,0x00,0x00,0x01,
	0xd8,0x06,0x07,0x00,0x40,0x64,0x08,0x00,0x00,0x00,0x01,0x01,0x00,0x04,0x00,0x00,
	0xd8,0x06,0x07,0x00,0x62,0x00,0x00,0x01,0xdc,0x06,0x07,0x00,0x54,0x4e,0x08,0x00,
	0x00,0x00,0x00,0x01,0xd0,0x07,0x07,0x00,0x3c,0x64,0x08,0x00,0x00,0x00,0x01,0x01,
	0x00,0x04,0x00,0x00,0xd0,0x07,0x07,0x00,0x62,0x00,0x00,0x01,0xd4,0x07,0x07,0x00,
	0xc8,0x4d,0x08,0x00,0x00,0x00,0x00,0x01,0xd8,0x07,0x07,0x00,0x38,0x64,0x08,0x00,
	0x00,0x00,0x01,0x01,0x00,0x04,0x00,0x00,0xd8,0x07,0x07,0x00,0x62,0x00,0x00,0x01,
	0xdc,0x07,0x07,0x00,0x3c,0x4d,0x08,0x00,0x00,0x00,0x00,0x01,0x28,0x90,0x04,0x00,
	0x34,0x64,0x08,0x00,0x00,0x00,0x00,0x01,0x74,0x81,0x06,0x00,0x30,0x64,0x08,0x00,
	0x00,0x00,0x00,0x01,0x74,0x82,0x06,0x00,0x2c,0x64,0x08,0x00,0x00,0x00,0x00,0x01,
	0x9c,0x01,0x07,0x00,0x28,0x64,0x08,0x00,0x00,0x00,0x00,0x01,0x9c,0x02,0x07,0x00,
	0x24,0x64,0x08,0x00,0x00,0x00,0x00,0x01,0x9c,0x03,0x07,0x00,0x20,0x64,0x08,0x00,
	0x00,0x00,0x00,0x01,0x9c,0x04,0x07,0x00,0x1c,0x64,0x08,0x00,0x00,0x00,0x00,0x01,
	0x9c,0x05,0x07,0x00,0x18,0x64,0x08,0x00,0x00,0x00,0x00,0x01,0x9c,0x06,0x07,0x00,
	0x14,0x64,0x08,0x00,0x00,0x00,0x00,0x01,0x9c,0x07,0x07,0x00,0x10,0x64,0x08,0x00,
	0x00,0x00,0x00,0x01,0x84,0x00,0x07,0x00,0x0c,0x64,0x08,0x00,0x00,0x00,0x01,0x02,
	0x74,0x11,0xfc,0x12,0x00,0x00,0x00,0x01,0x04,0x55,0x04,0x00,0x5c,0x5f,0x08,0x00,
	0x04,0x00,0x01,0x04,0x03,0x00,0x00,0x00,0x5c,0x5f,0x08,0x00,0x00,0x00,0x01,0x04,
	0x02,0x00,0x00,0x00,0x5c,0x5f,0x08,0x00,0x00,0x08,0x01,0x03,0x04,0x13,0x64,0x16,
	0x00,0x00,0x00,0x01,0x00,0x54,0x04,0x00,0x08,0x64,0x08,0x00,0x00,0x00,0x00,0x01,
	0x04,0x54,0x04,0x00,0x04,0x64,0x08,0x00,0x00,0x00,0x00,0x01,0x0c,0x54,0x04,0x00,
	0x00,0x64,0x08,0x00,0x00,0x00,0x00,0x01,0x40,0x54,0x04,0x00,0xfc,0x63,0x08,0x00,
	0x00,0x00,0x00,0x01,0x44,0x54,0x04,0x00,0xf8,0x63,0x08,0x00,0x00,0x00,0x00,0x01,
	0x4c,0x54,0x04,0x00,0xf4,0x63,0x08,0x00,0x00,0x00,0x00,0x01,0x50,0x54,0x04,0x00,
	0xf0,0x63,0x08,0x00,0x00,0x00,0x00,0x01,0x54,0x54,0x04,0x00,0xec,0x63,0x08,0x00,
	0x00,0x00,0x00,0x01,0x5c,0x54,0x04,0x00,0xe8,0x63,0x08,0x00,0x00,0x00,0x00,0x01,
	0x04,0x55,0x04,0x00,0xe4,0x63,0x08,0x00,0x00,0x00,0x00,0x01,0x00,0x60,0x04,0x00,
	0xe0,0x63,0x08,0x00,0x00,0x00,0x00,0x01,0x08,0x50,0x04,0x00,0xdc,0x63,0x08,0x00,
	0x00,0x00,0x00,0x01,0xe8,0x4f,0x04,0x00,0xd8,0x63,0x08,0x00,0x00,0x00,0x00,0x01,
	0x50,0x40,0x04,0x00,0xd4,0x63,0x08,0x00,0x00,0x00,0x00,0x01,0x54,0x40,0x04,0x00,
	0xd0,0x63,0x08,0x00,0x00,0x00,0x00,0x01,0x70,0x60,0x04,0x00,0xcc,0x63,0x08,0x00,
	0x00,0x00,0x00,0x01,0x10,0x60,0x04,0x00,0xc8,0x63,0x08,0x00,0x00,0x00,0x00,0x01,
	0x14,0x60,0x04,0x00,0xc4,0x63,0x08,0x00,0x00,0x00,0x00,0x01,0x18,0x60,0x04,0x00,
	0xc0,0x63,0x08,0x00,0x04,0x00,0x01,0x04,0x55,0x55,0xfd,0xff,0x50,0x54,0x04,0x00,
	0x04,0x00,0x01,0x04,0x55,0x55,0xfd,0xff,0x54,0x54,0x04,0x00,0x04,0x00,0x01,0x04,
	0x55,0x55,0xfd,0xff,0x5c,0x54,0x04,0x00,0x04,0x00,0x01,0x04,0x55,0x55,0x55,0xd5,
	0x40,0x54,0x04,0x00,0x04,0x00,0x01,0x04,0x55,0x55,0x55,0xd5,0x44,0x54,0x04,0x00,
	0x04,0x00,0x01,0x04,0x55,0x55,0x55,0xd5,0x4c,0x54,0x04,0x00,0x04,0x00,0x01,0x04,
	0xff,0xff,0xff,0x7f,0x08,0x50,0x04,0x00,0x04,0x00,0x01,0x04,0xff,0xff,0xff,0x7f,
	0xe8,0x4f,0x04,0x00,0x00,0x00,0x01,0x01,0x05,0x00,0x00,0x00,0x90,0xf0,0x08,0x00,
	0x00,0x15,0x03,0x05,0x00,0x00,0x01,0x02,0xfc,0x12,0x04,0x13,0x00,0x00,0x01,0x02,
	0x64,0x16,0x00,0x17,0x01,0x00,0x00,0x01,0x00,0x10,0x04,0x00,0xb8,0x63,0x08,0x00,
	0x02,0x00,0x00,0x01,0x30,0x20,0x04,0x00,0xac,0x63,0x08,0x00,0x0c,0x00,0x00,0x01,
	0x60,0x20,0x04,0x00,0x78,0x63,0x08,0x00,0x06,0x00,0x00,0x01,0xb0,0x20,0x04,0x00,
	0x5c,0x63,0x08,0x00,0x02,0x00,0x00,0x01,0xd8,0x20,0x04,0x00,0x50,0x63,0x08,0x00,
	0x00,0x00,0x00,0x01,0x00,0x23,0x04,0x00,0x4c,0x63,0x08,0x00,0x00,0x00,0x00,0x01,
	0x0c,0x23,0x04,0x00,0x48,0x63,0x08,0x00,0x00,0x00,0x00,0x01,0x30,0x40,0x04,0x00,
	0x44,0x63,0x08,0x00,0x05,0x00,0x00,0x01,0x38,0x40,0x04,0x00,0x2c,0x63,0x08,0x00,
	0x00,0x00,0x00,0x01,0x58,0x40,0x04,0x00,0x28,0x63,0x08,0x00,0x01,0x00,0x00,0x01,
	0x70,0x40,0x04,0x00,0x20,0x63,0x08,0x00,0x00,0x00,0x00,0x01,0x00,0x42,0x04,0x00,
	0x1c,0x63,0x08,0x00,0x02,0x00,0x00,0x01,0x10,0x42,0x04,0x00,0x10,0x63,0x08,0x00,
	0x00,0x00,0x00,0x01,0x44,0x44,0x04,0x00,0x0c,0x63,0x08,0x00,0x00,0x00,0x00,0x01,
	0x4c,0x44,0x04,0x00,0x08,0x63,0x08,0x00,0x00,0x00,0x00,0x01,0x64,0x44,0x04,0x00,
	0x04,0x63,0x08,0x00,0x00,0x00,0x00,0x01,0x6c,0x44,0x04,0x00,0x00,0x63,0x08,0x00,
	0x00,0x00,0x00,0x01,0x74,0x44,0x04,0x00,0xfc,0x62,0x08,0x00,0x00,0x00,0x00,0x01,
	0x7c,0x44,0x04,0x00,0xf8,0x62,0x08,0x00,0x00,0x00,0x00,0x01,0x84,0x44,0x04,0x00,
	0xf4,0x62,0x08,0x00,0x00,0x00,0x00,0x01,0x8c,0x44,0x04,0x00,0xf0,0x62,0x08,0x00,
	0x00,0x00,0x00,0x01,0x00,0x45,0x04,0x00,0xec,0x62,0x08,0x00,0x00,0x00,0x00,0x01,
	0xe4,0x4f,0x04,0x00,0xe8,0x62,0x08,0x00,0x06,0x00,0x00,0x01,0xec,0x4f,0x04,0x00,
	0xcc,0x62,0x08,0x00,0x06,0x00,0x00,0x01,0x0c,0x50,0x04,0x00,0xb0,0x62,0x08,0x00,
	0x00,0x00,0x00,0x01,0x30,0x50,0x04,0x00,0xac,0x62,0x08,0x00,0x03,0x00,0x00,0x01,
	0x38,0x50,0x04,0x00,0x9c,0x62,0x08,0x00,0x01,0x00,0x00,0x01,0x48,0x50,0x04,0x00,
	0x94,0x62,0x08,0x00,0x07,0x00,0x00,0x01,0x5c,0x50,0x04,0x00,0x74,0x62,0x08,0x00,
	0x06,0x00,0x00,0x01,0x80,0x50,0x04,0x00,0x58,0x62,0x08,0x00,0x06,0x00,0x00,0x01,
	0xa0,0x50,0x04,0x00,0x3c,0x62,0x08,0x00,0x02,0x00,0x00,0x01,0xc0,0x50,0x04,0x00,
	0x30,0x62,0x08,0x00,0x0a,0x00,0x00,0x01,0x1c,0x52,0x04,0x00,0x04,0x62,0x08,0x00,
	0x00,0x00,0x00,0x01,0x60,0x52,0x04,0x00,0x00,0x62,0x08,0x00,0x00,0x00,0x00,0x01,
	0x80,0x52,0x04,0x00,0xfc,0x61,0x08,0x00,0x00,0x00,0x00,0x01,0xa4,0x52,0x04,0x00,
	0xf8,0x61,0x08,0x00,0x00,0x00,0x00,0x01,0xa0,0x52,0x04,0x00,0xf4,0x61,0x08,0x00,
	0x00,0x00,0x00,0x01,0xb0,0x52,0x04,0x00,0xf0,0x61,0x08,0x00,0x00,0x00,0x00,0x01,
	0x10,0x53,0x04,0x00,0xec,0x61,0x08,0x00,0x01,0x00,0x00,0x01,0x18,0x54,0x04,0x00,
	0xe4,0x61,0x08,0x00,0x02,0x00,0x00,0x01,0x30,0x54,0x04,0x00,0xd8,0x61,0x08,0x00,
	0x00,0x00,0x00,0x01,0x60,0x54,0x04,0x00,0xd4,0x61,0x08,0x00,0x00,0x00,0x00,0x01,
	0x04,0x55,0x04,0x00,0xe4,0x63,0x08,0x00,0x00,0x00,0x00,0x01,0x10,0x55,0x04,0x00,
	0xd0,0x61,0x08,0x00,0x00,0x00,0x00,0x01,0x20,0x55,0x04,0x00,0xcc,0x61,0x08,0x00,
	0x01,0x00,0x00,0x01,0x50,0x55,0x04,0x00,0xc4,0x61,0x08,0x00,0x00,0x00,0x00,0x01,
	0x5c,0x55,0x04,0x00,0xc0,0x61,0x08,0x00,0x04,0x00,0x00,0x01,0x00,0x58,0x04,0x00,
	0xac,0x61,0x08,0x00,0x00,0x00,0x00,0x01,0x1c,0x58,0x04,0x00,0xa8,0x61,0x08,0x00,
	0x00,0x00,0x00,0x01,0x20,0x60,0x04,0x00,0xa4,0x61,0x08,0x00,0x05,0x00,0x00,0x01,
	0x30,0x60,0x04,0x00,0x8c,0x61,0x08,0x00,0x05,0x00,0x00,0x01,0x0c,0x61,0x04,0x00,
	0x74,0x61,0x08,0x00,0x03,0x00,0x00,0x01,0x40,0x61,0x04,0x00,0x64,0x61,0x08,0x00,
	0x00,0x00,0x00,0x01,0x00,0x64,0x04,0x00,0x60,0x61,0x08,0x00,0x00,0x00,0x00,0x01,
	0x08,0x64,0x04,0x00,0x5c,0x61,0x08,0x00,0x01,0x00,0x00,0x01,0x30,0x64,0x04,0x00,
	0x54,0x61,0x08,0x00,0x10,0x00,0x00,0x01,0x20,0x65,0x04,0x00,0x10,0x61,0x08,0x00,
	0x01,0x00,0x00,0x01,0x50,0x82,0x04,0x00,0x08,0x61,0x08,0x00,0x03,0x00,0x00,0x01,
	0x00,0x84,0x04,0x00,0xf8,0x60,0x08,0x00,0x00,0x00,0x00,0x01,0x14,0x84,0x04,0x00,
	0xf4,0x60,0x08,0x00,0x00,0x00,0x00,0x01,0x10,0xe0,0x04,0x00,0xf0,0x60,0x08,0x00,
	0x04,0x00,0x00,0x01,0x00,0x10,0x05,0x00,0xdc,0x60,0x08,0x00,0x01,0x00,0x00,0x01,
	0x80,0x10,0x05,0x00,0xd4,0x60,0x08,0x00,0x02,0x00,0x00,0x01,0x00,0x4c,0x06,0x00,
	0xc8,0x60,0x08,0x00,0x00,0x00,0x00,0x01,0x04,0xf0,0x08,0x00,0xc4,0x60,0x08,0x00,
	0x00,0x00,0x00,0x01,0x34,0xf0,0x08,0x00,0xc0,0x60,0x08,0x00,0x00,0x00,0x00,0x01,
	0x08,0xf0,0x08,0x00,0xbc,0x60,0x08,0x00,0x00,0x00,0x00,0x01,0x38,0xf0,0x08,0x00,
	0xb8,0x60,0x08,0x00,0x00,0x00,0x00,0x01,0x0c,0xf0,0x08,0x00,0xb4,0x60,0x08,0x00,
	0x00,0x00,0x00,0x01,0x3c,0xf0,0x08,0x00,0xb0,0x60,0x08,0x00,0x00,0x00,0x00,0x01,
	0x80,0xf0,0x08,0x00,0xac,0x60,0x08,0x00,0x00,0x00,0x00,0x01,0x54,0xf0,0x08,0x00,
	0xa8,0x60,0x08,0x00,0x00,0x00,0x00,0x01,0x08,0x50,0x04,0x00,0x5c,0x5f,0x08,0x00,
	0x04,0x00,0x01,0x04,0x00,0x00,0x00,0x40,0x5c,0x5f,0x08,0x00,0x00,0x00,0x01,0x04,
	0x00,0x00,0x00,0x40,0x5c,0x5f,0x08,0x00,0x00,0x08,0x01,0x02,0xec,0x39,0xf8,0x39,
	0x00,0x00,0x00,0x01,0xe8,0x4f,0x04,0x00,0x5c,0x5f,0x08,0x00,0x04,0x00,0x01,0x04,
	0x00,0x00,0x00,0x40,0x5c,0x5f,0x08,0x00,0x00,0x00,0x01,0x04,0x00,0x00,0x00,0x40,
	0x5c,0x5f,0x08,0x00,0x00,0x08,0x01,0x02,0xec,0x39,0xf8,0x39,0x05,0x00,0x01,0x04,
	0x00,0x00,0x00,0x08,0x70,0x60,0x04,0x00,0x04,0x00,0x01,0x04,0xff,0xff,0xff,0x7f,
	0x70,0x60,0x04,0x00,0x04,0x00,0x01,0x04,0xff,0xff,0xff,0x7f,0x10,0x60,0x04,0x00,
	0x04,0x00,0x01,0x04,0xff,0xff,0xff,0x7f,0x14,0x60,0x04,0x00,0x04,0x00,0x01,0x04,
	0xff,0xff,0xff,0x7f,0x18,0x60,0x04,0x00,0x00,0x00,0x01,0x02,0x00,0x17,0x5c,0x17,
	0x01,0x00,0x01,0x04,0x01,0x00,0x00,0x00,0x74,0x01,0x08,0x00,0x00,0x00,0x01,0x01,
	0x10,0x00,0x00,0x00,0x90,0xf0,0x08,0x00,0x00,0x15,0x03,0x05,0x00,0x00,0x00,0x01,
	0x70,0x60,0x04,0x00,0x5c,0x5f,0x08,0x00,0x04,0x00,0x01,0x04,0x00,0x00,0x00,0x40,
	0x5c,0x5f,0x08,0x00,0x00,0x00,0x01,0x04,0x00,0x00,0x00,0x00,0x5c,0x5f,0x08,0x00,
	0x00,0x08,0x01,0x02,0x0c,0x38,0xf4,0x38,0x00,0x00,0x01,0x04,0x01,0x00,0x00,0x00,
	0x74,0x01,0x08,0x00,0x00,0x08,0x01,0x02,0xf8,0x39,0x10,0x3a,0x00,0x00,0x01,0x01,
	0x00,0x00,0x00,0xd0,0xe0,0xf0,0x08,0x00,0x05,0x00,0x01,0x04,0x10,0x02,0x00,0x00,
	0x04,0x55,0x04,0x00,0x00,0x00,0x00,0x01,0x1c,0x63,0x08,0x00,0x00,0x42,0x04,0x00,
	0x00,0x00,0x00,0x01,0xac,0x60,0x08,0x00,0x80,0xf0,0x08,0x00,0x00,0x00,0x00,0x01,
	0xc4,0x60,0x08,0x00,0x04,0xf0,0x08,0x00,0x00,0x00,0x00,0x01,0xc0,0x60,0x08,0x00,
	0x34,0xf0,0x08,0x00,0x00,0x00,0x00,0x01,0xbc,0x60,0x08,0x00,0x08,0xf0,0x08,0x00,
	0x00,0x00,0x00,0x01,0xb8,0x60,0x08,0x00,0x38,0xf0,0x08,0x00,0x00,0x00,0x00,0x01,
	0xb4,0x60,0x08,0x00,0x0c,0xf0,0x08,0x00,0x00,0x00,0x00,0x01,0xb0,0x60,0x08,0x00,
	0x3c,0xf0,0x08,0x00,0x00,0x00,0x00,0x01,0xa8,0x60,0x08,0x00,0x54,0xf0,0x08,0x00,
	0x00,0x00,0x00,0x01,0xa4,0x60,0x08,0x00,0x58,0xf0,0x08,0x00,0x00,0x00,0x00,0x01,
	0xa0,0x60,0x08,0x00,0x60,0xf0,0x08,0x00,0x00,0x00,0x01,0x01,0x05,0x00,0x00,0x00,
	0x00,0x55,0x04,0x00,0x00,0x00,0x01,0x01,0x05,0x00,0x00,0x00,0x60,0xf0,0x08,0x00,
	0x00,0x00,0x01,0x02,0x18,0x18,0xa8,0x18,0x00,0x00,0x01,0x01,0x01,0x00,0x00,0x00,
	0x84,0x20,0x04,0x00,0x00,0x00,0x01,0x01,0x01,0x00,0x00,0x10,0x50,0x01,0x08,0x00,
	0x00,0x00,0x01,0x01,0xff,0xff,0xff,0xff,0x50,0x40,0x04,0x00,0x00,0x00,0x01,0x01,
	0xff,0xff,0xff,0xff,0x54,0x40,0x04,0x00,0x00,0x00,0x00,0x01,0xe0,0x63,0x08,0x00,
	0x00,0x60,0x04,0x00,0x00,0x00,0x00,0x01,0x04,0x64,0x08,0x00,0x04,0x54,0x04,0x00,
	0x05,0x00,0x01,0x04,0x02,0x00,0x00,0x00,0x04,0x54,0x04,0x00,0x00,0x00,0x01,0x01,
	0x10,0x00,0x00,0x00,0x90,0xf0,0x08,0x00,0x00,0x15,0x03,0x05,0x00,0x00,0x00,0x01,
	0x08,0x64,0x08,0x00,0x00,0x54,0x04,0x00,0x00,0x00,0x00,0x01,0x00,0x64,0x08,0x00,
	0x0c,0x54,0x04,0x00,0x00,0x00,0x01,0x01,0x00,0x00,0x00,0x00,0x50,0x5f,0x08,0x00,
	0x00,0x00,0x01,0x02,0xa8,0x18,0x0c,0x19,0x00,0x00,0x01,0x04,0x03,0x00,0x00,0x00,
	0x50,0x5f,0x08,0x00,0x00,0x08,0x01,0x02,0x2c,0x3a,0x38,0x3a,0x01,0x00,0x01,0x04,
	0x01,0x00,0x00,0x00,0x50,0x5f,0x08,0x00,0x00,0x00,0x01,0x01,0x0a,0x00,0x00,0x00,
	0x90,0xf0,0x08,0x00,0x00,0x15,0x03,0x05,0x00,0x00,0x00,0x01,0x04,0x54,0x04,0x00,
	0x5c,0x5f,0x08,0x00,0x04,0x00,0x01,0x04,0x01,0x00,0x00,0x00,0x5c,0x5f,0x08,0x00,
	0x00,0x00,0x01,0x04,0x00,0x00,0x00,0x00,0x5c,0x5f,0x08,0x00,0x00,0x08,0x01,0x02,
	0xa8,0x18,0x0c,0x19,0x00,0x00,0x01,0x02,0xf8,0x19,0x78,0x1a,0x00,0x00,0x01,0x01,
	0x00,0x00,0x00,0xd0,0xe0,0xf0,0x08,0x00,0x05,0x00,0x01,0x04,0x00,0x00,0x00,0x08,
	0x70,0x60,0x04,0x00,0x05,0x00,0x01,0x04,0x10,0x02,0x00,0x00,0x04,0x55,0x04,0x00,
	0x00,0x00,0x01,0x01,0x01,0x00,0x00,0x00,0x50,0x01,0x08,0x00,0x00,0x00,0x00,0x01,
	0x1c,0x63,0x08,0x00,0x00,0x42,0x04,0x00,0x00,0x00,0x00,0x01,0xac,0x60,0x08,0x00,
	0x80,0xf0,0x08,0x00,0x00,0x00,0x00,0x01,0xc4,0x60,0x08,0x00,0x04,0xf0,0x08,0x00,
	0x00,0x00,0x00,0x01,0xbc,0x60,0x08,0x00,0x08,0xf0,0x08,0x00,0x00,0x00,0x00,0x01,
	0xb4,0x60,0x08,0x00,0x0c,0xf0,0x08,0x00,0x00,0x00,0x00,0x01,0xc0,0x60,0x08,0x00,
	0x34,0xf0,0x08,0x00,0x00,0x00,0x00,0x01,0xb8,0x60,0x08,0x00,0x38,0xf0,0x08,0x00,
	0x00,0x00,0x00,0x01,0xb0,0x60,0x08,0x00,0x3c,0xf0,0x08,0x00,0x00,0x00,0x00,0x01,
	0xa8,0x60,0x08,0x00,0x54,0xf0,0x08,0x00,0x00,0x00,0x00,0x01,0xa4,0x60,0x08,0x00,
	0x58,0xf0,0x08,0x00,0x00,0x00,0x00,0x01,0xa0,0x60,0x08,0x00,0x60,0xf0,0x08,0x00,
	0x00,0x00,0x01,0x01,0x18,0x18,0xa8,0x18,0xe4,0xf0,0x08,0x00,0x04,0x00,0x01,0x04,
	0xef,0xfd,0xff,0xff,0x04,0x55,0x04,0x00,0x00,0x00,0x01,0x01,0x05,0x00,0x00,0x00,
	0x00,0x55,0x04,0x00,0x00,0x00,0x01,0x01,0x05,0x00,0x00,0x00,0x60,0xf0,0x08,0x00,
	0x00,0x00,0x00,0x00,0x00,0x00,0x00,0x00,0x00,0x00,0x00,0x01,0xfc,0x63,0x08,0x00,
	0x40,0x54,0x04,0x00,0x00,0x00,0x00,0x01,0xf8,0x63,0x08,0x00,0x44,0x54,0x04,0x00,
	0x00,0x00,0x00,0x01,0xf4,0x63,0x08,0x00,0x4c,0x54,0x04,0x00,0x00,0x00,0x01,0x01,
	0x0a,0x00,0x00,0x00,0x8c,0xf0,0x08,0x00,0x00,0x14,0x03,0x05,0x00,0x00,0x00,0x01,
	0x40,0x54,0x04,0x00,0x50,0x5f,0x08,0x00,0x05,0x00,0x00,0x04,0x44,0x54,0x04,0x00,
	0x50,0x5f,0x08,0x00,0x05,0x00,0x00,0x04,0x4c,0x54,0x04,0x00,0x50,0x5f,0x08,0x00,
	0x04,0x00,0x01,0x04,0x02,0x00,0x00,0x00,0x50,0x5f,0x08,0x00,0x00,0x00,0x01,0x04,
	0x02,0x00,0x00,0x00,0x50,0x5f,0x08,0x00,0x00,0x08,0x01,0x02,0x10,0x1b,0x44,0x1b,
	0x00,0x00,0x01,0x02,0x78,0x1a,0xc4,0x1a,0x00,0x00,0x00,0x01,0x40,0x54,0x04,0x00,
	0x50,0x5f,0x08,0x00,0x05,0x00,0x00,0x04,0x44,0x54,0x04,0x00,0x50,0x5f,0x08,0x00,
	0x05,0x00,0x00,0x04,0x4c,0x54,0x04,0x00,0x50,0x5f,0x08,0x00,0x04,0x00,0x01,0x04,
	0x08,0x00,0x00,0x00,0x50,0x5f,0x08,0x00,0x00,0x00,0x01,0x04,0x08,0x00,0x00,0x00,
	0x50,0x5f,0x08,0x00,0x00,0x08,0x01,0x02,0x44,0x1b,0x78,0x1b,0x00,0x00,0x01,0x02,
	0xc4,0x1a,0x10,0x1b,0x00,0x00,0x00,0x01,0x40,0x54,0x04,0x00,0x50,0x5f,0x08,0x00,
	0x05,0x00,0x00,0x04,0x44,0x54,0x04,0x00,0x50,0x5f,0x08,0x00,0x05,0x00,0x00,0x04,
	0x4c,0x54,0x04,0x00,0x50,0x5f,0x08,0x00,0x04,0x00,0x01,0x04,0x20,0x00,0x00,0x00,
	0x50,0x5f,0x08,0x00,0x00,0x00,0x01,0x04,0x20,0x00,0x00,0x00,0x50,0x5f,0x08,0x00,
	0x00,0x08,0x01,0x02,0x78,0x1b,0xac,0x1b,0x00,0x00,0x01,0x02,0xac,0x1b,0x2c,0x1c,
	0x00,0x00,0x00,0x01,0x40,0x54,0x04,0x00,0x5c,0x5f,0x08,0x00,0x04,0x00,0x01,0x04,
	0x01,0x00,0x00,0x00,0x5c,0x5f,0x08,0x00,0x00,0x00,0x01,0x04,0x00,0x00,0x00,0x00,
	0x5c,0x5f,0x08,0x00,0x00,0x08,0x01,0x02,0x38,0x3a,0x44,0x3a,0x00,0x00,0x01,0x02,
	0x78,0x1a,0xc4,0x1a,0x00,0x00,0x00,0x01,0x40,0x54,0x04,0x00,0x5c,0x5f,0x08,0x00,
	0x04,0x00,0x01,0x04,0x04,0x00,0x00,0x00,0x5c,0x5f,0x08,0x00,0x00,0x00,0x01,0x04,
	0x00,0x00,0x00,0x00,0x5c,0x5f,0x08,0x00,0x00,0x08,0x01,0x02,0x38,0x3a,0x44,0x3a,
	0x00,0x00,0x01,0x02,0xc4,0x1a,0x10,0x1b,0x00,0x00,0x00,0x01,0x40,0x54,0x04,0x00,
	0x5c,0x5f,0x08,0x00,0x04,0x00,0x01,0x04,0x10,0x00,0x00,0x00,0x5c,0x5f,0x08,0x00,
	0x00,0x00,0x01,0x04,0x00,0x00,0x00,0x00,0x5c,0x5f,0x08,0x00,0x00,0x08,0x01,0x02,
	0x38,0x3a,0x44,0x3a,0x00,0x00,0x01,0x02,0xac,0x1b,0x2c,0x1c,0x00,0x00,0x00,0x01,
	0xf0,0x63,0x08,0x00,0x50,0x54,0x04,0x00,0x00,0x00,0x00,0x01,0xec,0x63,0x08,0x00,
	0x54,0x54,0x04,0x00,0x00,0x00,0x00,0x01,0xe8,0x63,0x08,0x00,0x5c,0x54,0x04,0x00,
	0x00,0x00,0x01,0x01,0x10,0x00,0x00,0x00,0x8c,0xf0,0x08,0x00,0x00,0x14,0x03,0x05,
	0x00,0x00,0x00,0x01,0x50,0x54,0x04,0x00,0x50,0x5f,0x08,0x00,0x00,0x00,0x00,0x01,
	0x54,0x54,0x04,0x00,0x50,0x5f,0x08,0x00,0x00,0x00,0x00,0x01,0x5c,0x54,0x04,0x00,
	0x50,0x5f,0x08,0x00,0x04,0x00,0x01,0x04,0x02,0x00,0x00,0x00,0x50,0x5f,0x08,0x00,
	0x00,0x00,0x01,0x04,0x02,0x00,0x00,0x00,0x50,0x5f,0x08,0x00,0x00,0x08,0x01,0x02,
	0xc4,0x1c,0xf8,0x1c,0x00,0x00,0x01,0x02,0x2c,0x1c,0x78,0x1c,0x00,0x00,0x00,0x01,
	0x50,0x54,0x04,0x00,0x50,0x5f,0x08,0x00,0x05,0x00,0x00,0x04,0x54,0x54,0x04,0x00,
	0x50,0x5f,0x08,0x00,0x05,0x00,0x00,0x04,0x5c,0x54,0x04,0x00,0x50,0x5f,0x08,0x00,
	0x04,0x00,0x01,0x04,0x08,0x00,0x00,0x00,0x50,0x5f,0x08,0x00,0x00,0x00,0x01,0x04,
	0x08,0x00,0x00,0x00,0x50,0x5f,0x08,0x00,0x00,0x08,0x01,0x02,0xf8,0x1c,0x2c,0x1d,
	0x00,0x00,0x01,0x02,0x78,0x1c,0xc4,0x1c,0x00,0x00,0x00,0x01,0x50,0x54,0x04,0x00,
	0x50,0x5f,0x08,0x00,0x05,0x00,0x00,0x04,0x54,0x54,0x04,0x00,0x50,0x5f,0x08,0x00,
	0x05,0x00,0x00,0x04,0x5c,0x54,0x04,0x00,0x50,0x5f,0x08,0x00,0x04,0x00,0x01,0x04,
	0x20,0x00,0x00,0x00,0x50,0x5f,0x08,0x00,0x00,0x00,0x01,0x04,0x20,0x00,0x00,0x00,
	0x50,0x5f,0x08,0x00,0x00,0x08,0x01,0x02,0x2c,0x1d,0x60,0x1d,0x00,0x00,0x01,0x02,
	0x60,0x1d,0x80,0x1d,0x00,0x00,0x00,0x01,0x50,0x54,0x04,0x00,0x5c,0x5f,0x08,0x00,
	0x04,0x00,0x01,0x04,0x01,0x00,0x00,0x00,0x5c,0x5f,0x08,0x00,0x00,0x00,0x01,0x04,
	0x00,0x00,0x00,0x00,0x5c,0x5f,0x08,0x00,0x00,0x08,0x01,0x02,0x38,0x3a,0x44,0x3a,
	0x00,0x00,0x01,0x02,0x2c,0x1c,0x78,0x1c,0x00,0x00,0x00,0x01,0x50,0x54,0x04,0x00,
	0x5c,0x5f,0x08,0x00,0x04,0x00,0x01,0x04,0x04,0x00,0x00,0x00,0x5c,0x5f,0x08,0x00,
	0x00,0x00,0x01,0x04,0x00,0x00,0x00,0x00,0x5c,0x5f,0x08,0x00,0x00,0x08,0x01,0x02,
	0x38,0x3a,0x44,0x3a,0x00,0x00,0x01,0x02,0x78,0x1c,0xc4,0x1c,0x00,0x00,0x00,0x01,
	0x50,0x54,0x04,0x00,0x5c,0x5f,0x08,0x00,0x04,0x00,0x01,0x04,0x10,0x00,0x00,0x00,
	0x5c,0x5f,0x08,0x00,0x00,0x00,0x01,0x04,0x00,0x00,0x00,0x00,0x5c,0x5f,0x08,0x00,
	0x00,0x08,0x01,0x02,0x38,0x3a,0x44,0x3a,0x00,0x00,0x01,0x02,0x60,0x1d,0x80,0x1d,
	0x00,0x00,0x00,0x01,0xcc,0x63,0x08,0x00,0x70,0x60,0x04,0x00,0x05,0x00,0x01,0x04,
	0x00,0x00,0x00,0x80,0x70,0x60,0x04,0x00,0x00,0x00,0x01,0x02,0x80,0x1d,0xe4,0x1d,
	0x01,0x00,0x01,0x04,0x01,0x00,0x00,0x00,0x80,0x01,0x08,0x00,0x00,0x00,0x01,0x01,
	0x08,0x00,0x00,0x00,0x90,0xf0,0x08,0x00,0x00,0x15,0x03,0x05,0x00,0x00,0x00,0x01,
	0x70,0x60,0x04,0x00,0x5c,0x5f,0x08,0x00,0x04,0x00,0x01,0x04,0x00,0x00,0x00,0x40,
	0x5c,0x5f,0x08,0x00,0x00,0x00,0x01,0x04,0x00,0x00,0x00,0x40,0x5c,0x5f,0x08,0x00,
	0x00,0x08,0x01,0x02,0xe4,0x1d,0x74,0x1e,0x00,0x00,0x01,0x04,0x32,0x00,0x00,0x00,
	0x80,0x01,0x08,0x00,0x00,0x08,0x01,0x02,0x44,0x3a,0x5c,0x3a,0x00,0x00,0x01,0x02,
	0x80,0x1d,0xe4,0x1d,0x00,0x00,0x00,0x01,0xc8,0x63,0x08,0x00,0x3c,0x5f,0x08,0x00,
	0x04,0x00,0x01,0x04,0xff,0xff,0xff,0x7f,0x3c,0x5f,0x08,0x00,0x00,0x00,0x00,0x01,
	0x3c,0x5f,0x08,0x00,0x10,0x60,0x04,0x00,0x00,0x00,0x00,0x01,0xc8,0x63,0x08,0x00,
	0x3c,0x5f,0x08,0x00,0x04,0x00,0x01,0x04,0x00,0x00,0x00,0x08,0x3c,0x5f,0x08,0x00,
	0x00,0x00,0x01,0x04,0x00,0x00,0x00,0x08,0x3c,0x5f,0x08,0x00,0x00,0x08,0x01,0x03,
	0x74,0x1e,0xb0,0x1e,0x00,0x00,0x00,0x01,0xc8,0x63,0x08,0x00,0x3c,0x5f,0x08,0x00,
	0x04,0x00,0x01,0x04,0x00,0x00,0x00,0x80,0x3c,0x5f,0x08,0x00,0x05,0x00,0x00,0x04,
	0x3c,0x5f,0x08,0x00,0x10,0x60,0x04,0x00,0x00,0x00,0x01,0x04,0x00,0x00,0x00,0x80,
	0x3c,0x5f,0x08,0x00,0x00,0x08,0x01,0x02,0xb0,0x1e,0x14,0x1f,0x00,0x00,0x01,0x02,
	0x14,0x1f,0xa4,0x1f,0x00,0x00,0x01,0x01,0x05,0x00,0x00,0x00,0x90,0xf0,0x08,0x00,
	0x00,0x15,0x03,0x05,0x00,0x00,0x00,0x01,0x10,0x60,0x04,0x00,0x5c,0x5f,0x08,0x00,
	0x04,0x00,0x01,0x04,0x00,0x00,0x00,0x0c,0x5c,0x5f,0x08,0x00,0x00,0x00,0x01,0x04,
	0x00,0x00,0x00,0x0c,0x5c,0x5f,0x08,0x00,0x00,0x08,0x00,0x02,0x5c,0x3a,0x68,0x3a,
	0x01,0x00,0x01,0x04,0x01,0x00,0x00,0x00,0x70,0x01,0x08,0x00,0x00,0x00,0x01,0x01,
	0x08,0x00,0x00,0x00,0x90,0xf0,0x08,0x00,0x00,0x15,0x03,0x05,0x00,0x00,0x00,0x01,
	0x10,0x60,0x04,0x00,0x5c,0x5f,0x08,0x00,0x04,0x00,0x01,0x04,0x00,0x00,0x00,0xc0,
	0x5c,0x5f,0x08,0x00,0x00,0x00,0x01,0x04,0x00,0x00,0x00,0xc0,0x5c,0x5f,0x08,0x00,
	0x00,0x08,0x01,0x02,0x14,0x1f,0xa4,0x1f,0x00,0x00,0x01,0x04,0x32,0x00,0x00,0x00,
	0x70,0x01,0x08,0x00,0x00,0x08,0x01,0x02,0x68,0x3a,0x80,0x3a,0x00,0x00,0x01,0x02,
	0xb0,0x1e,0x14,0x1f,0x00,0x00,0x00,0x01,0xc4,0x63,0x08,0x00,0x3c,0x5f,0x08,0x00,
	0x04,0x00,0x01,0x04,0xff,0xff,0xff,0x7f,0x3c,0x5f,0x08,0x00,0x00,0x00,0x00,0x01,
	0x3c,0x5f,0x08,0x00,0x14,0x60,0x04,0x00,0x00,0x00,0x00,0x01,0xc4,0x63,0x08,0x00,
	0x3c,0x5f,0x08,0x00,0x04,0x00,0x01,0x04,0x00,0x00,0x00,0x08,0x3c,0x5f,0x08,0x00,
	0x00,0x00,0x01,0x04,0x00,0x00,0x00,0x08,0x3c,0x5f,0x08,0x00,0x00,0x08,0x01,0x03,
	0xa4,0x1f,0xe0,0x1f,0x00,0x00,0x00,0x01,0xc4,0x63,0x08,0x00,0x3c,0x5f,0x08,0x00,
	0x04,0x00,0x01,0x04,0x00,0x00,0x00,0x80,0x3c,0x5f,0x08,0x00,0x05,0x00,0x00,0x04,
	0x3c,0x5f,0x08,0x00,0x14,0x60,0x04,0x00,0x00,0x00,0x01,0x04,0x00,0x00,0x00,0x80,
	0x3c,0x5f,0x08,0x00,0x00,0x08,0x01,0x02,0xe0,0x1f,0x44,0x20,0x00,0x00,0x01,0x02,
	0x44,0x20,0xd4,0x20,0x00,0x00,0x01,0x01,0x05,0x00,0x00,0x00,0x90,0xf0,0x08,0x00,
	0x00,0x15,0x03,0x05,0x00,0x00,0x00,0x01,0x14,0x60,0x04,0x00,0x5c,0x5f,0x08,0x00,
	0x04,0x00,0x01,0x04,0x00,0x00,0x00,0x0c,0x5c,0x5f,0x08,0x00,0x00,0x00,0x01,0x04,
	0x00,0x00,0x00,0x0c,0x5c,0x5f,0x08,0x00,0x00,0x08,0x00,0x02,0x5c,0x3a,0x68,0x3a,
	0x01,0x00,0x01,0x04,0x01,0x00,0x00,0x00,0x6c,0x01,0x08,0x00,0x00,0x00,0x01,0x01,
	0x08,0x00,0x00,0x00,0x90,0xf0,0x08,0x00,0x00,0x15,0x03,0x05,0x00,0x00,0x00,0x01,
	0x14,0x60,0x04,0x00,0x5c,0x5f,0x08,0x00,0x04,0x00,0x01,0x04,0x00,0x00,0x00,0xc0,
	0x5c,0x5f,0x08,0x00,0x00,0x00,0x01,0x04,0x00,0x00,0x00,0xc0,0x5c,0x5f,0x08,0x00,
	0x00,0x08,0x01,0x02,0x44,0x20,0xd4,0x20,0x00,0x00,0x01,0x04,0x32,0x00,0x00,0x00,
	0x6c,0x01,0x08,0x00,0x00,0x08,0x01,0x02,0x80,0x3a,0x98,0x3a,0x00,0x00,0x01,0x02,
	0xe0,0x1f,0x44,0x20,0x00,0x00,0x00,0x01,0xc0,0x63,0x08,0x00,0x3c,0x5f,0x08,0x00,
	0x04,0x00,0x01,0x04,0xff,0xff,0xff,0x7f,0x3c,0x5f,0x08,0x00,0x00,0x00,0x00,0x01,
	0x3c,0x5f,0x08,0x00,0x18,0x60,0x04,0x00,0x00,0x00,0x00,0x01,0xc0,0x63,0x08,0x00,
	0x3c,0x5f,0x08,0x00,0x04,0x00,0x01,0x04,0x00,0x00,0x00,0x08,0x3c,0x5f,0x08,0x00,
	0x00,0x00,0x01,0x04,0x00,0x00,0x00,0x08,0x3c,0x5f,0x08,0x00,0x00,0x08,0x01,0x03,
	0xd4,0x20,0x10,0x21,0x00,0x00,0x00,0x01,0xc0,0x63,0x08,0x00,0x3c,0x5f,0x08,0x00,
	0x04,0x00,0x01,0x04,0x00,0x00,0x00,0x80,0x3c,0x5f,0x08,0x00,0x05,0x00,0x00,0x04,
	0x3c,0x5f,0x08,0x00,0x18,0x60,0x04,0x00,0x00,0x00,0x01,0x04,0x00,0x00,0x00,0x80,
	0x3c,0x5f,0x08,0x00,0x00,0x08,0x01,0x02,0x10,0x21,0x74,0x21,0x00,0x00,0x01,0x02,
	0x74,0x21,0xdc,0x21,0x00,0x00,0x01,0x01,0x05,0x00,0x00,0x00,0x90,0xf0,0x08,0x00,
	0x00,0x15,0x03,0x05,0x00,0x00,0x00,0x01,0x18,0x60,0x04,0x00,0x5c,0x5f,0x08,0x00,
	0x04,0x00,0x01,0x04,0x00,0x00,0x00,0x0c,0x5c,0x5f,0x08,0x00,0x00,0x00,0x01,0x04,
	0x00,0x00,0x00,0x0c,0x5c,0x5f,0x08,0x00,0x00,0x08,0x00,0x02,0x5c,0x3a,0x68,0x3a,
	0x01,0x00,0x01,0x04,0x01,0x00,0x00,0x00,0x6c,0x01,0x08,0x00,0x00,0x00,0x01,0x01,
	0x08,0x00,0x00,0x00,0x90,0xf0,0x08,0x00,0x00,0x15,0x03,0x05,0x00,0x00,0x00,0x01,
	0x18,0x60,0x04,0x00,0x5c,0x5f,0x08,0x00,0x04,0x00,0x01,0x04,0x00,0x00,0x00,0xc0,
	0x5c,0x5f,0x08,0x00,0x00,0x00,0x01,0x04,0x00,0x00,0x00,0xc0,0x5c,0x5f,0x08,0x00,
	0x00,0x08,0x01,0x02,0x74,0x21,0xdc,0x21,0x00,0x00,0x01,0x04,0x32,0x00,0x00,0x00,
	0x6c,0x01,0x08,0x00,0x00,0x08,0x01,0x02,0x98,0x3a,0xb0,0x3a,0x00,0x00,0x01,0x02,
	0x10,0x21,0x74,0x21,0x04,0x00,0x01,0x04,0xff,0xff,0xff,0xf7,0x70,0x60,0x04,0x00,
	0x00,0x00,0x00,0x01,0xdc,0x63,0x08,0x00,0x08,0x50,0x04,0x00,0x00,0x00,0x00,0x01,
	0xd8,0x63,0x08,0x00,0xe8,0x4f,0x04,0x00,0x00,0x00,0x01,0x01,0x0a,0x00,0x00,0x00,
	0x90,0xf0,0x08,0x00,0x00,0x15,0x03,0x05,0x00,0x00,0x00,0x01,0x08,0x50,0x04,0x00,
	0x24,0x5f,0x08,0x00,0x04,0x00,0x01,0x04,0x00,0x00,0x00,0x80,0x24,0x5f,0x08,0x00,
	0x00,0x00,0x01,0x04,0x00,0x00,0x00,0x80,0x24,0x5f,0x08,0x00,0x00,0x08,0x01,0x02,
	0x10,0x22,0x44,0x22,0x00,0x00,0x01,0x02,0xdc,0x21,0x10,0x22,0x00,0x00,0x00,0x01,
	0xe8,0x4f,0x04,0x00,0x20,0x5f,0x08,0x00,0x04,0x00,0x01,0x04,0x00,0x00,0x00,0x80,
	0x20,0x5f,0x08,0x00,0x00,0x00,0x01,0x04,0x00,0x00,0x00,0x80,0x20,0x5f,0x08,0x00,
	0x00,0x08,0x01,0x02,0x44,0x22,0x78,0x22,0x00,0x00,0x01,0x02,0x78,0x22,0x08,0x23,
	0x00,0x00,0x00,0x01,0x08,0x50,0x04,0x00,0x48,0x5f,0x08,0x00,0x04,0x00,0x01,0x04,
	0x00,0x00,0x00,0x40,0x48,0x5f,0x08,0x00,0x00,0x00,0x01,0x04,0x00,0x00,0x00,0x00,
	0x48,0x5f,0x08,0x00,0x00,0x08,0x01,0x02,0xb0,0x3a,0xbc,0x3a,0x00,0x00,0x01,0x02,
	0xdc,0x21,0x10,0x22,0x00,0x00,0x00,0x01,0xe8,0x4f,0x04,0x00,0x4c,0x5f,0x08,0x00,
	0x04,0x00,0x01,0x04,0x00,0x00,0x00,0x40,0x4c,0x5f,0x08,0x00,0x00,0x00,0x01,0x04,
	0x00,0x00,0x00,0x00,0x4c,0x5f,0x08,0x00,0x00,0x08,0x01,0x02,0xb0,0x3a,0xbc,0x3a,
	0x00,0x00,0x01,0x02,0x78,0x22,0x08,0x23,0x00,0x00,0x00,0x01,0xa4,0x6b,0x08,0x00,
	0x5c,0x5f,0x08,0x00,0x04,0x00,0x01,0x04,0x00,0x00,0x00,0x80,0x5c,0x5f,0x08,0x00,
	0x00,0x00,0x01,0x04,0x00,0x00,0x00,0x80,0x5c,0x5f,0x08,0x00,0x00,0x08,0x01,0x02,
	0x20,0x24,0x68,0x24,0x00,0x00,0x00,0x01,0x8c,0x6b,0x08,0x00,0x5c,0x5f,0x08,0x00,
	0x04,0x00,0x01,0x04,0x00,0x00,0x00,0x80,0x5c,0x5f,0x08,0x00,0x00,0x00,0x01,0x04,
	0x00,0x00,0x00,0x80,0x5c,0x5f,0x08,0x00,0x00,0x08,0x01,0x02,0x68,0x24,0xb0,0x24,
	0x00,0x00,0x01,0x03,0x54,0x25,0x74,0x25,0x00,0x00,0x01,0x03,0x8c,0x28,0xd4,0x33,
	0x00,0x00,0x01,0x03,0x74,0x36,0x94,0x37,0x00,0x00,0x01,0x03,0x08,0x23,0x1c,0x23,
	0x00,0x00,0x01,0x03,0xa0,0x23,0x20,0x24,0x00,0x00,0x01,0x01,0x64,0x00,0x00,0x00,
	0x90,0xf0,0x08,0x00,0x00,0x15,0x03,0x05,0x00,0x00,0x01,0x04,0x01,0x00,0x00,0x00,
	0x64,0x01,0x08,0x00,0x00,0x08,0x01,0x02,0x1c,0x23,0x3c,0x23,0x05,0x00,0x01,0x04,
	0x08,0x00,0x00,0x00,0x00,0x54,0x04,0x00,0x00,0x00,0x01,0x01,0x00,0x00,0x00,0x00,
	0x50,0x5f,0x08,0x00,0x00,0x00,0x01,0x02,0x3c,0x23,0xa0,0x23,0x00,0x00,0x01,0x04,
	0x03,0x00,0x00,0x00,0x50,0x5f,0x08,0x00,0x00,0x00,0x00,0x02,0x20,0x3a,0x2c,0x3a,
	0x01,0x00,0x01,0x04,0x01,0x00,0x00,0x00,0x50,0x5f,0x08,0x00,0x00,0x00,0x01,0x01,
	0x0a,0x00,0x00,0x00,0x90,0xf0,0x08,0x00,0x00,0x15,0x03,0x05,0x00,0x00,0x00,0x01,
	0x00,0x54,0x04,0x00,0x5c,0x5f,0x08,0x00,0x04,0x00,0x01,0x04,0x04,0x00,0x00,0x00,
	0x5c,0x5f,0x08,0x00,0x00,0x00,0x01,0x04,0x00,0x00,0x00,0x00,0x5c,0x5f,0x08,0x00,
	0x00,0x00,0x00,0x02,0x3c,0x23,0xa0,0x23,0x00,0x00,0x01,0x02,0xa0,0x37,0x0c,0x38,
	0x00,0x00,0x00,0x01,0x90,0x6e,0x08,0x00,0x04,0x44,0x04,0x00,0x00,0x00,0x00,0x01,
	0x8c,0x6e,0x08,0x00,0x0c,0x44,0x04,0x00,0x00,0x00,0x00,0x01,0xd4,0x63,0x08,0x00,
	0x50,0x40,0x04,0x00,0x00,0x00,0x00,0x01,0xd0,0x63,0x08,0x00,0x54,0x40,0x04,0x00,
	0x00,0x00,0x00,0x01,0xbc,0x6f,0x08,0x00,0x10,0xf0,0x08,0x00,0x00,0x00,0x00,0x01,
	0xb8,0x6f,0x08,0x00,0x40,0xf0,0x08,0x00,0x04,0x00,0x01,0x04,0xef,0xfd,0xff,0xff,
	0x04,0x55,0x04,0x00,0x04,0x00,0x01,0x04,0xfc,0xff,0xff,0xff,0x00,0xf2,0x08,0x00,
	0x00,0x00,0x01,0x01,0x03,0x00,0x00,0x00,0x00,0x55,0x04,0x00,0x00,0x00,0x01,0x01,
	0x03,0x00,0x00,0x00,0x60,0xf0,0x08,0x00,0x00,0x00,0x01,0x03,0xbc,0x3a,0xf8,0x3a,
	0x00,0x00,0x01,0x03,0x54,0x25,0x74,0x25,0x00,0x00,0x01,0x03,0x8c,0x28,0xd4,0x33,
	0x05,0x00,0x01,0x04,0x00,0x00,0x00,0x20,0x00,0x08,0x06,0x00,0x00,0x00,0x01,0x03,
	0x74,0x36,0x94,0x37,0x04,0x00,0x01,0x04,0xff,0xff,0xff,0xdf,0x00,0x08,0x06,0x00,
	0x00,0x00,0x01,0x03,0x08,0x23,0x1c,0x23,0x00,0x00,0x01,0x03,0xa0,0x23,0x20,0x24,
	0x00,0x00,0x01,0x02,0xb0,0x24,0x00,0x25,0x00,0x00,0x01,0x03,0x54,0x25,0x74,0x25,
	0x00,0x00,0x01,0x03,0x8c,0x28,0xd4,0x33,0x05,0x00,0x01,0x04,0x00,0x00,0x00,0x20,
	0x00,0x09,0x06,0x00,0x00,0x00,0x01,0x03,0x74,0x36,0x94,0x37,0x04,0x00,0x01,0x04,
	0xff,0xff,0xff,0xdf,0x00,0x09,0x06,0x00,0x00,0x00,0x01,0x03,0x08,0x23,0x1c,0x23,
	0x00,0x00,0x01,0x03,0xa0,0x23,0x20,0x24,0x00,0x00,0x01,0x02,0x00,0x25,0x50,0x25,
	0x01,0x00,0x01,0x04,0x01,0x00,0x00,0x00,0x7c,0x01,0x08,0x00,0x00,0x00,0x01,0x01,
	0x0a,0x00,0x00,0x00,0x90,0xf0,0x08,0x00,0x00,0x15,0x03,0x05,0x00,0x00,0x00,0x01,
	0x40,0x08,0x06,0x00,0x5c,0x5f,0x08,0x00,0x04,0x00,0x01,0x04,0x00,0x00,0x00,0xe0,
	0x5c,0x5f,0x08,0x00,0x00,0x00,0x01,0x04,0x00,0x00,0x00,0x40,0x5c,0x5f,0x08,0x00,
	0x00,0x08,0x01,0x02,0xf8,0x3a,0x14,0x3b,0x00,0x00,0x01,0x02,0x50,0x25,0x54,0x25,
	0x01,0x00,0x01,0x04,0x01,0x00,0x00,0x00,0x78,0x01,0x08,0x00,0x00,0x00,0x01,0x01,
	0x0a,0x00,0x00,0x00,0x90,0xf0,0x08,0x00,0x00,0x15,0x03,0x05,0x00,0x00,0x00,0x01,
	0x40,0x09,0x06,0x00,0x5c,0x5f,0x08,0x00,0x04,0x00,0x01,0x04,0x00,0x00,0x00,0xf0,
	0x5c,0x5f,0x08,0x00,0x00,0x00,0x01,0x04,0x00,0x00,0x00,0x80,0x5c,0x5f,0x08,0x00,
	0x00,0x08,0x01,0x02,0x14,0x3b,0x30,0x3b,0x00,0x00,0x01,0x02,0x50,0x25,0x54,0x25,
	0x00,0x00,0x00,0x00,0x05,0x00,0x01,0x04,0x10,0x00,0x00,0x00,0xe4,0x63,0x08,0x00,
	0x00,0x00,0x01,0x04,0x01,0x00,0x00,0x00,0x60,0x01,0x08,0x00,0x00,0x08,0x01,0x03,
	0x74,0x25,0x8c,0x28,0x05,0x00,0x01,0x04,0x02,0x00,0x00,0x00,0x00,0xf2,0x08,0x00,
	0x01,0x00,0x00,0x01,0xb8,0x63,0x08,0x00,0x00,0x10,0x04,0x00,0x02,0x00,0x00,0x01,
	0xac,0x63,0x08,0x00,0x30,0x20,0x04,0x00,0x0c,0x00,0x00,0x01,0x78,0x63,0x08,0x00,
	0x60,0x20,0x04,0x00,0x06,0x00,0x00,0x01,0x5c,0x63,0x08,0x00,0xb0,0x20,0x04,0x00,
	0x02,0x00,0x00,0x01,0x50,0x63,0x08,0x00,0xd8,0x20,0x04,0x00,0x00,0x00,0x00,0x01,
	0x4c,0x63,0x08,0x00,0x00,0x23,0x04,0x00,0x00,0x00,0x00,0x01,0x48,0x63,0x08,0x00,
	0x0c,0x23,0x04,0x00,0x00,0x00,0x00,0x01,0x44,0x63,0x08,0x00,0x30,0x40,0x04,0x00,
	0x05,0x00,0x00,0x01,0x2c,0x63,0x08,0x00,0x38,0x40,0x04,0x00,0x00,0x00,0x00,0x01,
	0x28,0x63,0x08,0x00,0x58,0x40,0x04,0x00,0x01,0x00,0x00,0x01,0x20,0x63,0x08,0x00,
	0x70,0x40,0x04,0x00,0x02,0x00,0x00,0x01,0x10,0x63,0x08,0x00,0x10,0x42,0x04,0x00,
	0x00,0x00,0x00,0x01,0x0c,0x63,0x08,0x00,0x44,0x44,0x04,0x00,0x00,0x00,0x00,0x01,
	0x08,0x63,0x08,0x00,0x4c,0x44,0x04,0x00,0x00,0x00,0x00,0x01,0x04,0x63,0x08,0x00,
	0x64,0x44,0x04,0x00,0x00,0x00,0x00,0x01,0x00,0x63,0x08,0x00,0x6c,0x44,0x04,0x00,
	0x00,0x00,0x00,0x01,0xfc,0x62,0x08,0x00,0x74,0x44,0x04,0x00,0x00,0x00,0x00,0x01,
	0xf8,0x62,0x08,0x00,0x7c,0x44,0x04,0x00,0x00,0x00,0x00,0x01,0xf4,0x62,0x08,0x00,
	0x84,0x44,0x04,0x00,0x00,0x00,0x00,0x01,0xf0,0x62,0x08,0x00,0x8c,0x44,0x04,0x00,
	0x00,0x00,0x00,0x01,0xec,0x62,0x08,0x00,0x00,0x45,0x04,0x00,0x00,0x00,0x00,0x01,
	0xe8,0x62,0x08,0x00,0xe4,0x4f,0x04,0x00,0x06,0x00,0x00,0x01,0xcc,0x62,0x08,0x00,
	0xec,0x4f,0x04,0x00,0x06,0x00,0x00,0x01,0xb0,0x62,0x08,0x00,0x0c,0x50,0x04,0x00,
	0x00,0x00,0x00,0x01,0xac,0x62,0x08,0x00,0x30,0x50,0x04,0x00,0x03,0x00,0x00,0x01,
	0x9c,0x62,0x08,0x00,0x38,0x50,0x04,0x00,0x01,0x00,0x00,0x01,0x94,0x62,0x08,0x00,
	0x48,0x50,0x04,0x00,0x07,0x00,0x00,0x01,0x74,0x62,0x08,0x00,0x5c,0x50,0x04,0x00,
	0x06,0x00,0x00,0x01,0x58,0x62,0x08,0x00,0x80,0x50,0x04,0x00,0x06,0x00,0x00,0x01,
	0x3c,0x62,0x08,0x00,0xa0,0x50,0x04,0x00,0x02,0x00,0x00,0x01,0x30,0x62,0x08,0x00,
	0xc0,0x50,0x04,0x00,0x0a,0x00,0x00,0x01,0x04,0x62,0x08,0x00,0x1c,0x52,0x04,0x00,
	0x00,0x00,0x00,0x01,0x00,0x62,0x08,0x00,0x60,0x52,0x04,0x00,0x00,0x00,0x00,0x01,
	0xfc,0x61,0x08,0x00,0x80,0x52,0x04,0x00,0x00,0x00,0x00,0x01,0xf8,0x61,0x08,0x00,
	0xa4,0x52,0x04,0x00,0x00,0x00,0x00,0x01,0xf4,0x61,0x08,0x00,0xa0,0x52,0x04,0x00,
	0x00,0x00,0x00,0x01,0xf0,0x61,0x08,0x00,0xb0,0x52,0x04,0x00,0x00,0x00,0x00,0x01,
	0xec,0x61,0x08,0x00,0x10,0x53,0x04,0x00,0x01,0x00,0x00,0x01,0xe4,0x61,0x08,0x00,
	0x18,0x54,0x04,0x00,0x02,0x00,0x00,0x01,0xd8,0x61,0x08,0x00,0x30,0x54,0x04,0x00,
	0x00,0x00,0x00,0x01,0xd4,0x61,0x08,0x00,0x60,0x54,0x04,0x00,0x00,0x00,0x00,0x01,
	0xe4,0x63,0x08,0x00,0x04,0x55,0x04,0x00,0x00,0x00,0x00,0x01,0xd0,0x61,0x08,0x00,
	0x10,0x55,0x04,0x00,0x00,0x00,0x00,0x01,0xcc,0x61,0x08,0x00,0x20,0x55,0x04,0x00,
	0x01,0x00,0x00,0x01,0xc4,0x61,0x08,0x00,0x50,0x55,0x04,0x00,0x00,0x00,0x00,0x01,
	0xc0,0x61,0x08,0x00,0x5c,0x55,0x04,0x00,0x04,0x00,0x00,0x01,0xac,0x61,0x08,0x00,
	0x00,0x58,0x04,0x00,0x00,0x00,0x00,0x01,0xa8,0x61,0x08,0x00,0x1c,0x58,0x04,0x00,
	0x00,0x00,0x00,0x01,0xa4,0x61,0x08,0x00,0x20,0x60,0x04,0x00,0x05,0x00,0x00,0x01,
	0x8c,0x61,0x08,0x00,0x30,0x60,0x04,0x00,0x05,0x00,0x00,0x01,0x74,0x61,0x08,0x00,
	0x0c,0x61,0x04,0x00,0x03,0x00,0x00,0x01,0x64,0x61,0x08,0x00,0x40,0x61,0x04,0x00,
	0x00,0x00,0x00,0x01,0x60,0x61,0x08,0x00,0x00,0x64,0x04,0x00,0x00,0x00,0x00,0x01,
	0x5c,0x61,0x08,0x00,0x08,0x64,0x04,0x00,0x01,0x00,0x00,0x01,0x54,0x61,0x08,0x00,
	0x30,0x64,0x04,0x00,0x10,0x00,0x00,0x01,0x10,0x61,0x08,0x00,0x20,0x65,0x04,0x00,
	0x01,0x00,0x00,0x01,0x08,0x61,0x08,0x00,0x50,0x82,0x04,0x00,0x03,0x00,0x00,0x01,
	0xf8,0x60,0x08,0x00,0x00,0x84,0x04,0x00,0x00,0x00,0x00,0x01,0xf4,0x60,0x08,0x00,
	0x14,0x84,0x04,0x00,0x00,0x00,0x00,0x01,0xf0,0x60,0x08,0x00,0x10,0xe0,0x04,0x00,
	0x04,0x00,0x00,0x01,0xdc,0x60,0x08,0x00,0x00,0x10,0x05,0x00,0x01,0x00,0x00,0x01,
	0xd4,0x60,0x08,0x00,0x80,0x10,0x05,0x00,0x02,0x00,0x00,0x01,0xc8,0x60,0x08,0x00,
	0x00,0x4c,0x06,0x00,0x04,0x00,0x01,0x04,0xfd,0xff,0xff,0xff,0x00,0xf2,0x08,0x00,
	0x00,0x00,0x01,0x01,0x00,0x00,0x00,0x00,0x60,0x01,0x08,0x00,0x00,0x00,0x00,0x01,
	0xac,0x6e,0x08,0x00,0x00,0x32,0x04,0x00,0x01,0x00,0x00,0x01,0xa4,0x6e,0x08,0x00,
	0x08,0x32,0x04,0x00,0x03,0x00,0x00,0x01,0x94,0x6e,0x08,0x00,0x20,0x32,0x04,0x00,
	0x00,0x00,0x00,0x01,0x88,0x6e,0x08,0x00,0x50,0x52,0x04,0x00,0x00,0x00,0x00,0x01,
	0x84,0x6e,0x08,0x00,0x70,0x52,0x04,0x00,0x00,0x00,0x00,0x01,0x80,0x6e,0x08,0x00,
	0x00,0x90,0x04,0x00,0x05,0x00,0x00,0x01,0x68,0x6e,0x08,0x00,0x10,0x90,0x04,0x00,
	0x02,0x00,0x00,0x01,0x5c,0x6e,0x08,0x00,0x30,0x90,0x04,0x00,0x02,0x00,0x00,0x01,
	0x50,0x6e,0x08,0x00,0x40,0x90,0x04,0x00,0x0c,0x00,0x00,0x01,0x1c,0x6e,0x08,0x00,
	0x50,0x90,0x04,0x00,0x05,0x00,0x00,0x01,0x04,0x6e,0x08,0x00,0x90,0x90,0x04,0x00,
	0x00,0x00,0x00,0x01,0x00,0x6e,0x08,0x00,0xc8,0x90,0x04,0x00,0x00,0x00,0x00,0x01,
	0xfc,0x6d,0x08,0x00,0x00,0x94,0x04,0x00,0x00,0x00,0x00,0x01,0xf8,0x6d,0x08,0x00,
	0x04,0x94,0x04,0x00,0x00,0x00,0x00,0x01,0xf4,0x6d,0x08,0x00,0x0c,0x94,0x04,0x00,
	0x00,0x00,0x00,0x01,0xf0,0x6d,0x08,0x00,0x20,0x94,0x04,0x00,0x01,0x00,0x00,0x01,
	0xe8,0x6d,0x08,0x00,0x3c,0x94,0x04,0x00,0x02,0x00,0x00,0x01,0xdc,0x6d,0x08,0x00,
	0x60,0x94,0x04,0x00,0x01,0x00,0x00,0x01,0xd4,0x6d,0x08,0x00,0x70,0x94,0x04,0x00,
	0x00,0x00,0x00,0x01,0xd0,0x6d,0x08,0x00,0x00,0xa4,0x04,0x00,0x02,0x00,0x00,0x01,
	0xc4,0x6d,0x08,0x00,0x10,0xa4,0x04,0x00,0x02,0x00,0x00,0x01,0xb8,0x6d,0x08,0x00,
	0x20,0xa4,0x04,0x00,0x02,0x00,0x00,0x01,0xac,0x6d,0x08,0x00,0x30,0xa4,0x04,0x00,
	0x00,0x00,0x00,0x01,0xa8,0x6d,0x08,0x00,0x80,0xa4,0x04,0x00,0x0d,0x00,0x00,0x01,
	0x70,0x6d,0x08,0x00,0x00,0x00,0x06,0x00,0x00,0x00,0x00,0x01,0x50,0x6d,0x08,0x00,
	0x40,0x00,0x06,0x00,0x05,0x00,0x00,0x01,0x58,0x6d,0x08,0x00,0x48,0x00,0x06,0x00,
	0x00,0x00,0x00,0x01,0x4c,0x6d,0x08,0x00,0x74,0x00,0x06,0x00,0x00,0x00,0x00,0x01,
	0x48,0x6d,0x08,0x00,0x80,0x00,0x06,0x00,0x00,0x00,0x00,0x01,0x40,0x6d,0x08,0x00,
	0x10,0x02,0x06,0x00,0x07,0x00,0x00,0x01,0x20,0x6d,0x08,0x00,0x20,0x02,0x06,0x00,
	0x07,0x00,0x00,0x01,0x00,0x6d,0x08,0x00,0x60,0x02,0x06,0x00,0x07,0x00,0x00,0x01,
	0xe0,0x6c,0x08,0x00,0xa0,0x02,0x06,0x00,0x08,0x00,0x00,0x01,0xbc,0x6c,0x08,0x00,
	0xe0,0x02,0x06,0x00,0x08,0x00,0x00,0x01,0x98,0x6c,0x08,0x00,0x20,0x03,0x06,0x00,
	0x20,0x00,0x00,0x01,0x14,0x6c,0x08,0x00,0x50,0x03,0x06,0x00,0x00,0x00,0x00,0x01,
	0x08,0x6c,0x08,0x00,0x10,0x04,0x06,0x00,0x00,0x00,0x00,0x01,0xc8,0x6b,0x08,0x00,
	0x20,0x04,0x06,0x00,0x01,0x00,0x00,0x01,0xd0,0x6b,0x08,0x00,0x28,0x04,0x06,0x00,
	0x08,0x00,0x00,0x01,0xe4,0x6b,0x08,0x00,0x3c,0x04,0x06,0x00,0x00,0x00,0x00,0x01,
	0xc4,0x6b,0x08,0x00,0x80,0x04,0x06,0x00,0x00,0x00,0x00,0x01,0xc0,0x6b,0x08,0x00,
	0x44,0x05,0x06,0x00,0x00,0x00,0x00,0x01,0xb8,0x6b,0x08,0x00,0xe0,0x05,0x06,0x00,
	0x02,0x00,0x00,0x01,0xac,0x6b,0x08,0x00,0xf4,0x05,0x06,0x00,0x01,0x00,0x00,0x01,
	0x9c,0x6b,0x08,0x00,0x14,0x08,0x06,0x00,0x00,0x00,0x00,0x01,0x94,0x6b,0x08,0x00,
	0x48,0x08,0x06,0x00,0x00,0x00,0x00,0x01,0x88,0x6b,0x08,0x00,0x10,0x09,0x06,0x00,
	0x00,0x00,0x00,0x01,0x84,0x6b,0x08,0x00,0x48,0x09,0x06,0x00,0x02,0x00,0x00,0x01,
	0x78,0x6b,0x08,0x00,0x60,0x0a,0x06,0x00,0x00,0x00,0x00,0x01,0x74,0x6b,0x08,0x00,
	0x70,0x0a,0x06,0x00,0x07,0x00,0x00,0x01,0x50,0x6b,0x08,0x00,0x10,0x40,0x06,0x00,
	0x00,0x00,0x00,0x01,0x4c,0x6b,0x08,0x00,0x50,0x40,0x06,0x00,0x00,0x00,0x00,0x01,
	0x48,0x6b,0x08,0x00,0x70,0x40,0x06,0x00,0x01,0x00,0x00,0x01,0x40,0x6b,0x08,0x00,
	0x90,0x40,0x06,0x00,0x07,0x00,0x00,0x01,0x1c,0x6b,0x08,0x00,0x10,0x41,0x06,0x00,
	0x00,0x00,0x00,0x01,0x18,0x6b,0x08,0x00,0x50,0x41,0x06,0x00,0x00,0x00,0x00,0x01,
	0x14,0x6b,0x08,0x00,0x70,0x41,0x06,0x00,0x01,0x00,0x00,0x01,0x0c,0x6b,0x08,0x00,
	0x90,0x41,0x06,0x00,0x07,0x00,0x00,0x01,0xe8,0x6a,0x08,0x00,0x10,0x42,0x06,0x00,
	0x00,0x00,0x00,0x01,0xe4,0x6a,0x08,0x00,0x50,0x42,0x06,0x00,0x00,0x00,0x00,0x01,
	0xe0,0x6a,0x08,0x00,0x70,0x42,0x06,0x00,0x01,0x00,0x00,0x01,0xd8,0x6a,0x08,0x00,
	0x90,0x42,0x06,0x00,0x02,0x00,0x00,0x01,0xcc,0x6a,0x08,0x00,0x90,0x64,0x06,0x00,
	0x00,0x00,0x00,0x01,0xc8,0x6a,0x08,0x00,0xb0,0x64,0x06,0x00,0x00,0x00,0x00,0x01,
	0xc4,0x6a,0x08,0x00,0x00,0x6f,0x06,0x00,0x00,0x00,0x00,0x01,0xc0,0x6a,0x08,0x00,
	0x00,0x70,0x06,0x00,0x01,0x00,0x00,0x01,0xb8,0x6a,0x08,0x00,0x10,0x70,0x06,0x00,
	0x01,0x00,0x00,0x01,0xb0,0x6a,0x08,0x00,0x54,0x70,0x06,0x00,0x02,0x00,0x00,0x01,
	0xa4,0x6a,0x08,0x00,0x60,0x81,0x06,0x00,0x00,0x00,0x00,0x01,0xa0,0x6a,0x08,0x00,
	0x70,0x81,0x06,0x00,0x00,0x00,0x00,0x01,0x9c,0x6a,0x08,0x00,0x80,0x81,0x06,0x00,
	0x00,0x00,0x00,0x01,0x98,0x6a,0x08,0x00,0x88,0x81,0x06,0x00,0x00,0x00,0x00,0x01,
	0x94,0x6a,0x08,0x00,0x94,0x81,0x06,0x00,0x01,0x00,0x00,0x01,0x8c,0x6a,0x08,0x00,
	0xa8,0x81,0x06,0x00,0x00,0x00,0x00,0x01,0x88,0x6a,0x08,0x00,0xd0,0x81,0x06,0x00,
	0x02,0x00,0x00,0x01,0x7c,0x6a,0x08,0x00,0x60,0x82,0x06,0x00,0x00,0x00,0x00,0x01,
	0x78,0x6a,0x08,0x00,0x70,0x82,0x06,0x00,0x00,0x00,0x00,0x01,0x74,0x6a,0x08,0x00,
	0x80,0x82,0x06,0x00,0x00,0x00,0x00,0x01,0x70,0x6a,0x08,0x00,0x88,0x82,0x06,0x00,
	0x00,0x00,0x00,0x01,0x6c,0x6a,0x08,0x00,0x94,0x82,0x06,0x00,0x01,0x00,0x00,0x01,
	0x64,0x6a,0x08,0x00,0xa8,0x82,0x06,0x00,0x00,0x00,0x00,0x01,0x60,0x6a,0x08,0x00,
	0xd0,0x82,0x06,0x00,0x00,0x00,0x00,0x01,0x40,0x6a,0x08,0x00,0x04,0x00,0x07,0x00,
	0x00,0x00,0x00,0x01,0x48,0x6a,0x08,0x00,0x0c,0x00,0x07,0x00,0x03,0x00,0x00,0x01,
	0x4c,0x6a,0x08,0x00,0x10,0x00,0x07,0x00,0x05,0x00,0x00,0x01,0x28,0x6a,0x08,0x00,
	0x28,0x00,0x07,0x00,0x01,0x00,0x00,0x01,0x20,0x6a,0x08,0x00,0x48,0x00,0x07,0x00,
	0x01,0x00,0x00,0x01,0x18,0x6a,0x08,0x00,0x54,0x00,0x07,0x00,0x00,0x00,0x00,0x01,
	0x14,0x6a,0x08,0x00,0x80,0x00,0x07,0x00,0x00,0x00,0x00,0x01,0x10,0x6a,0x08,0x00,
	0x88,0x00,0x07,0x00,0x04,0x00,0x00,0x01,0xfc,0x69,0x08,0x00,0x90,0x00,0x07,0x00,
	0x00,0x00,0x00,0x01,0xf8,0x69,0x08,0x00,0xc0,0x00,0x07,0x00,0x05,0x00,0x00,0x01,
	0xe0,0x69,0x08,0x00,0xd0,0x00,0x07,0x00,0x07,0x00,0x00,0x01,0xc0,0x69,0x08,0x00,
	0x40,0x01,0x07,0x00,0x00,0x00,0x00,0x01,0xbc,0x69,0x08,0x00,0x68,0x01,0x07,0x00,
	0x01,0x00,0x00,0x01,0xb4,0x69,0x08,0x00,0x7c,0x01,0x07,0x00,0x04,0x00,0x00,0x01,
	0xa0,0x69,0x08,0x00,0x88,0x01,0x07,0x00,0x08,0x00,0x00,0x01,0x7c,0x69,0x08,0x00,
	0xa0,0x01,0x07,0x00,0x01,0x00,0x00,0x01,0x74,0x69,0x08,0x00,0xc8,0x01,0x07,0x00,
	0x1f,0x00,0x00,0x01,0xf4,0x68,0x08,0x00,0xe0,0x01,0x07,0x00,0x01,0x00,0x00,0x01,
	0xec,0x68,0x08,0x00,0x68,0x02,0x07,0x00,0x01,0x00,0x00,0x01,0xe4,0x68,0x08,0x00,
	0x7c,0x02,0x07,0x00,0x04,0x00,0x00,0x01,0xd0,0x68,0x08,0x00,0x88,0x02,0x07,0x00,
	0x08,0x00,0x00,0x01,0xac,0x68,0x08,0x00,0xa0,0x02,0x07,0x00,0x01,0x00,0x00,0x01,
	0xa4,0x68,0x08,0x00,0xc8,0x02,0x07,0x00,0x1f,0x00,0x00,0x01,0x24,0x68,0x08,0x00,
	0xe0,0x02,0x07,0x00,0x01,0x00,0x00,0x01,0x1c,0x68,0x08,0x00,0x68,0x03,0x07,0x00,
	0x01,0x00,0x00,0x01,0x14,0x68,0x08,0x00,0x7c,0x03,0x07,0x00,0x04,0x00,0x00,0x01,
	0x00,0x68,0x08,0x00,0x88,0x03,0x07,0x00,0x08,0x00,0x00,0x01,0xdc,0x67,0x08,0x00,
	0xa0,0x03,0x07,0x00,0x01,0x00,0x00,0x01,0xd4,0x67,0x08,0x00,0xc8,0x03,0x07,0x00,
	0x1f,0x00,0x00,0x01,0x54,0x67,0x08,0x00,0xe0,0x03,0x07,0x00,0x01,0x00,0x00,0x01,
	0x4c,0x67,0x08,0x00,0x68,0x04,0x07,0x00,0x01,0x00,0x00,0x01,0x44,0x67,0x08,0x00,
	0x7c,0x04,0x07,0x00,0x04,0x00,0x00,0x01,0x30,0x67,0x08,0x00,0x88,0x04,0x07,0x00,
	0x00,0x00,0x01,0x01,0x00,0x00,0x00,0x80,0x30,0xf0,0x08,0x00,0x01,0x00,0x00,0x01,
	0x28,0x67,0x08,0x00,0xa0,0x04,0x07,0x00,0x05,0x00,0x00,0x01,0x10,0x67,0x08,0x00,
	0xac,0x04,0x07,0x00,0x00,0x00,0x00,0x01,0x0c,0x67,0x08,0x00,0xcc,0x04,0x07,0x00,
	0x07,0x00,0x00,0x01,0xec,0x66,0x08,0x00,0x40,0x05,0x07,0x00,0x01,0x00,0x00,0x01,
	0xe4,0x66,0x08,0x00,0x68,0x05,0x07,0x00,0x01,0x00,0x00,0x01,0xdc,0x66,0x08,0x00,
	0x7c,0x05,0x07,0x00,0x04,0x00,0x00,0x01,0xc8,0x66,0x08,0x00,0x88,0x05,0x07,0x00,
	0x01,0x00,0x00,0x01,0xc0,0x66,0x08,0x00,0xa0,0x05,0x07,0x00,0x05,0x00,0x00,0x01,
	0xa8,0x66,0x08,0x00,0xac,0x05,0x07,0x00,0x00,0x00,0x00,0x01,0xa4,0x66,0x08,0x00,
	0xcc,0x05,0x07,0x00,0x07,0x00,0x00,0x01,0x84,0x66,0x08,0x00,0x40,0x06,0x07,0x00,
	0x01,0x00,0x00,0x01,0x7c,0x66,0x08,0x00,0x68,0x06,0x07,0x00,0x01,0x00,0x00,0x01,
	0x74,0x66,0x08,0x00,0x7c,0x06,0x07,0x00,0x04,0x00,0x00,0x01,0x60,0x66,0x08,0x00,
	0x88,0x06,0x07,0x00,0x01,0x00,0x00,0x01,0x58,0x66,0x08,0x00,0xa0,0x06,0x07,0x00,
	0x05,0x00,0x00,0x01,0x40,0x66,0x08,0x00,0xac,0x06,0x07,0x00,0x00,0x00,0x00,0x01,
	0x3c,0x66,0x08,0x00,0xcc,0x06,0x07,0x00,0x07,0x00,0x00,0x01,0x1c,0x66,0x08,0x00,
	0x40,0x07,0x07,0x00,0x01,0x00,0x00,0x01,0x14,0x66,0x08,0x00,0x68,0x07,0x07,0x00,
	0x01,0x00,0x00,0x01,0x0c,0x66,0x08,0x00,0x7c,0x07,0x07,0x00,0x04,0x00,0x00,0x01,
	0xf8,0x65,0x08,0x00,0x88,0x07,0x07,0x00,0x01,0x00,0x00,0x01,0xf0,0x65,0x08,0x00,
	0xa0,0x07,0x07,0x00,0x05,0x00,0x00,0x01,0xd8,0x65,0x08,0x00,0xac,0x07,0x07,0x00,
	0x00,0x00,0x00,0x01,0xd4,0x65,0x08,0x00,0xcc,0x07,0x07,0x00,0x07,0x00,0x00,0x01,
	0xb4,0x65,0x08,0x00,0x40,0x08,0x07,0x00,0x01,0x00,0x00,0x01,0xac,0x65,0x08,0x00,
	0x68,0x08,0x07,0x00,0x00,0x00,0x00,0x01,0xa4,0x65,0x08,0x00,0x7c,0x08,0x07,0x00,
	0x00,0x00,0x00,0x01,0xa8,0x65,0x08,0x00,0x80,0x08,0x07,0x00,0x03,0x00,0x00,0x01,
	0x94,0x65,0x08,0x00,0x90,0x08,0x07,0x00,0x03,0x00,0x00,0x01,0x84,0x65,0x08,0x00,
	0xb0,0x08,0x07,0x00,0x03,0x00,0x00,0x01,0x74,0x65,0x08,0x00,0xd0,0x08,0x07,0x00,
	0x03,0x00,0x00,0x01,0x64,0x65,0x08,0x00,0xf0,0x08,0x07,0x00,0x03,0x00,0x00,0x01,
	0x54,0x65,0x08,0x00,0x20,0x09,0x07,0x00,0x03,0x00,0x00,0x01,0x44,0x65,0x08,0x00,
	0x40,0x09,0x07,0x00,0x03,0x00,0x00,0x01,0x34,0x65,0x08,0x00,0x60,0x09,0x07,0x00,
	0x02,0x00,0x00,0x01,0x28,0x65,0x08,0x00,0x0c,0x0b,0x07,0x00,0x00,0x00,0x00,0x01,
	0x24,0x65,0x08,0x00,0x1c,0x0b,0x07,0x00,0x00,0x00,0x00,0x01,0x20,0x65,0x08,0x00,
	0x28,0x0b,0x07,0x00,0x06,0x00,0x00,0x01,0x04,0x65,0x08,0x00,0x30,0x0b,0x07,0x00,
	0x00,0x00,0x00,0x01,0x00,0x65,0x08,0x00,0xf0,0x0b,0x07,0x00,0x02,0x00,0x00,0x01,
	0xf4,0x64,0x08,0x00,0x0c,0x0c,0x07,0x00,0x00,0x00,0x00,0x01,0xf0,0x64,0x08,0x00,
	0x1c,0x0c,0x07,0x00,0x00,0x00,0x00,0x01,0xec,0x64,0x08,0x00,0x28,0x0c,0x07,0x00,
	0x06,0x00,0x00,0x01,0xd0,0x64,0x08,0x00,0x30,0x0c,0x07,0x00,0x00,0x00,0x00,0x01,
	0xcc,0x64,0x08,0x00,0xf0,0x0c,0x07,0x00,0x02,0x00,0x00,0x01,0xc0,0x64,0x08,0x00,
	0x0c,0x0d,0x07,0x00,0x00,0x00,0x00,0x01,0xbc,0x64,0x08,0x00,0x1c,0x0d,0x07,0x00,
	0x00,0x00,0x00,0x01,0xb8,0x64,0x08,0x00,0x28,0x0d,0x07,0x00,0x06,0x00,0x00,0x01,
	0x9c,0x64,0x08,0x00,0x30,0x0d,0x07,0x00,0x00,0x00,0x00,0x01,0x98,0x64,0x08,0x00,
	0xf0,0x0d,0x07,0x00,0x01,0x00,0x00,0x01,0x90,0x64,0x08,0x00,0x00,0x80,0x07,0x00,
	0x05,0x00,0x01,0x04,0x00,0x08,0x00,0x00,0xc0,0x90,0x04,0x00,0x04,0x00,0x01,0x04,
	0x80,0xff,0xff,0xff,0xc0,0x90,0x04,0x00,0xa0,0x00,0x00,0x01,0x84,0x5e,0x08,0x00,
	0xc4,0x90,0x04,0x00,0x00,0x00,0x00,0x01,0x8c,0x64,0x08,0x00,0xc0,0x90,0x04,0x00,
	0x00,0x00,0x01,0x01,0x00,0x80,0x00,0x00,0x08,0xa4,0x04,0x00,0x91,0x00,0x00,0x01,
	0x3c,0x5e,0x08,0x00,0x0c,0xa4,0x04,0x00,0x00,0x00,0x00,0x01,0x88,0x64,0x08,0x00,
	0x08,0xa4,0x04,0x00,0x00,0x00,0x01,0x01,0x00,0x04,0x00,0x00,0x84,0xa4,0x04,0x00,
	0xa2,0x00,0x00,0x01,0xb0,0x5d,0x08,0x00,0x88,0xa4,0x04,0x00,0x00,0x00,0x00,0x01,
	0x84,0x64,0x08,0x00,0x84,0xa4,0x04,0x00,0x00,0x00,0x01,0x01,0x00,0x04,0x00,0x00,
	0x98,0x81,0x06,0x00,0xbb,0x00,0x00,0x01,0xc0,0x5c,0x08,0x00,0x9c,0x81,0x06,0x00,
	0x00,0x00,0x00,0x01,0x80,0x64,0x08,0x00,0x98,0x81,0x06,0x00,0x00,0x00,0x01,0x01,
	0x00,0x04,0x00,0x00,0xa0,0x81,0x06,0x00,0xbb,0x00,0x00,0x01,0xd0,0x5b,0x08,0x00,
	0xa4,0x81,0x06,0x00,0x00,0x00,0x00,0x01,0x7c,0x64,0x08,0x00,0xa0,0x81,0x06,0x00,
	0x00,0x00,0x01,0x01,0x00,0x04,0x00,0x00,0x98,0x82,0x06,0x00,0xbb,0x00,0x00,0x01,
	0xe0,0x5a,0x08,0x00,0x9c,0x82,0x06,0x00,0x00,0x00,0x00,0x01,0x78,0x64,0x08,0x00,
	0x98,0x82,0x06,0x00,0x00,0x00,0x01,0x01,0x00,0x04,0x00,0x00,0xa0,0x82,0x06,0x00,
	0xbb,0x00,0x00,0x01,0xf0,0x59,0x08,0x00,0xa4,0x82,0x06,0x00,0x00,0x00,0x00,0x01,
	0x74,0x64,0x08,0x00,0xa0,0x82,0x06,0x00,0x00,0x00,0x01,0x01,0x00,0x04,0x00,0x00,
	0xb0,0x00,0x07,0x00,0xa2,0x00,0x00,0x01,0x64,0x59,0x08,0x00,0xb4,0x00,0x07,0x00,
	0x00,0x00,0x00,0x01,0x70,0x64,0x08,0x00,0xb0,0x00,0x07,0x00,0x00,0x00,0x01,0x01,
	0x00,0x04,0x00,0x00,0xd0,0x01,0x07,0x00,0xbe,0x00,0x00,0x01,0x58,0x57,0x08,0x00,
	0xd4,0x01,0x07,0x00,0xbe,0x00,0x00,0x01,0x54,0x58,0x08,0x00,0xd4,0x01,0x07,0x00,
	0x84,0x00,0x00,0x01,0x50,0x59,0x08,0x00,0xd4,0x01,0x07,0x00,0x00,0x00,0x00,0x01,
	0x6c,0x64,0x08,0x00,0xd0,0x01,0x07,0x00,0x00,0x00,0x01,0x01,0x00,0x04,0x00,0x00,
	0xd8,0x01,0x07,0x00,0xa2,0x00,0x00,0x01,0xcc,0x56,0x08,0x00,0xdc,0x01,0x07,0x00,
	0x00,0x00,0x00,0x01,0x68,0x64,0x08,0x00,0xd8,0x01,0x07,0x00,0x00,0x00,0x01,0x01,
	0x00,0x04,0x00,0x00,0xd0,0x02,0x07,0x00,0xbe,0x00,0x00,0x01,0xc0,0x54,0x08,0x00,
	0xd4,0x02,0x07,0x00,0xbe,0x00,0x00,0x01,0xbc,0x55,0x08,0x00,0xd4,0x02,0x07,0x00,
	0x84,0x00,0x00,0x01,0xb8,0x56,0x08,0x00,0xd4,0x02,0x07,0x00,0x00,0x00,0x00,0x01,
	0x64,0x64,0x08,0x00,0xd0,0x02,0x07,0x00,0x00,0x00,0x01,0x01,0x00,0x04,0x00,0x00,
	0xd8,0x02,0x07,0x00,0xa2,0x00,0x00,0x01,0x34,0x54,0x08,0x00,0xdc,0x02,0x07,0x00,
	0x00,0x00,0x00,0x01,0x60,0x64,0x08,0x00,0xd8,0x02,0x07,0x00,0x00,0x00,0x01,0x01,
	0x00,0x04,0x00,0x00,0xd0,0x03,0x07,0x00,0xbe,0x00,0x00,0x01,0x28,0x52,0x08,0x00,
	0xd4,0x03,0x07,0x00,0xbe,0x00,0x00,0x01,0x24,0x53,0x08,0x00,0xd4,0x03,0x07,0x00,
	0x84,0x00,0x00,0x01,0x20,0x54,0x08,0x00,0xd4,0x03,0x07,0x00,0x00,0x00,0x00,0x01,
	0x5c,0x64,0x08,0x00,0xd0,0x03,0x07,0x00,0x00,0x00,0x01,0x01,0x00,0x04,0x00,0x00,
	0xd8,0x03,0x07,0x00,0xa2,0x00,0x00,0x01,0x9c,0x51,0x08,0x00,0xdc,0x03,0x07,0x00,
	0x00,0x00,0x00,0x01,0x58,0x64,0x08,0x00,0xd8,0x03,0x07,0x00,0x00,0x00,0x01,0x01,
	0x00,0x04,0x00,0x00,0xd0,0x04,0x07,0x00,0xa2,0x00,0x00,0x01,0x10,0x51,0x08,0x00,
	0xd4,0x04,0x07,0x00,0x00,0x00,0x00,0x01,0x54,0x64,0x08,0x00,0xd0,0x04,0x07,0x00,
	0x00,0x00,0x01,0x01,0x00,0x04,0x00,0x00,0xd8,0x04,0x07,0x00,0xa2,0x00,0x00,0x01,
	0x84,0x50,0x08,0x00,0xdc,0x04,0x07,0x00,0x00,0x00,0x00,0x01,0x50,0x64,0x08,0x00,
	0xd8,0x04,0x07,0x00,0x00,0x00,0x01,0x01,0x00,0x04,0x00,0x00,0xd0,0x05,0x07,0x00,
	0xa2,0x00,0x00,0x01,0xf8,0x4f,0x08,0x00,0xd4,0x05,0x07,0x00,0x00,0x00,0x00,0x01,
	0x4c,0x64,0x08,0x00,0xd0,0x05,0x07,0x00,0x00,0x00,0x01,0x01,0x00,0x04,0x00,0x00,
	0xd8,0x05,0x07,0x00,0xa2,0x00,0x00,0x01,0x6c,0x4f,0x08,0x00,0xdc,0x05,0x07,0x00,
	0x00,0x00,0x00,0x01,0x48,0x64,0x08,0x00,0xd8,0x05,0x07,0x00,0x00,0x00,0x01,0x01,
	0x00,0x04,0x00,0x00,0xd0,0x06,0x07,0x00,0xa2,0x00,0x00,0x01,0xe0,0x4e,0x08,0x00,
	0xd4,0x06,0x07,0x00,0x00,0x00,0x00,0x01,0x44,0x64,0x08,0x00,0xd0,0x06,0x07,0x00,
	0x00,0x00,0x01,0x01,0x00,0x04,0x00,0x00,0xd8,0x06,0x07,0x00,0xa2,0x00,0x00,0x01,
	0x54,0x4e,0x08,0x00,0xdc,0x06,0x07,0x00,0x00,0x00,0x00,0x01,0x40,0x64,0x08,0x00,
	0xd8,0x06,0x07,0x00,0x00,0x00,0x01,0x01,0x00,0x04,0x00,0x00,0xd0,0x07,0x07,0x00,
	0xa2,0x00,0x00,0x01,0xc8,0x4d,0x08,0x00,0xd4,0x07,0x07,0x00,0x00,0x00,0x00,0x01,
	0x3c,0x64,0x08,0x00,0xd0,0x07,0x07,0x00,0x00,0x00,0x01,0x01,0x00,0x04,0x00,0x00,
	0xd8,0x07,0x07,0x00,0xa2,0x00,0x00,0x01,0x3c,0x4d,0x08,0x00,0xdc,0x07,0x07,0x00,
	0x00,0x00,0x00,0x01,0x38,0x64,0x08,0x00,0xd8,0x07,0x07,0x00,0x00,0x00,0x01,0x02,
	0xd4,0x33,0xdc,0x33,0x00,0x00,0x01,0x02,0xdc,0x33,0xa0,0x35,0x00,0x00,0x00,0x01,
	0x34,0x64,0x08,0x00,0x28,0x90,0x04,0x00,0x00,0x00,0x00,0x01,0x30,0x64,0x08,0x00,
	0x74,0x81,0x06,0x00,0x00,0x00,0x00,0x01,0x2c,0x64,0x08,0x00,0x74,0x82,0x06,0x00,
	0x00,0x00,0x00,0x01,0x28,0x64,0x08,0x00,0x9c,0x01,0x07,0x00,0x00,0x00,0x00,0x01,
	0x24,0x64,0x08,0x00,0x9c,0x02,0x07,0x00,0x00,0x00,0x00,0x01,0x20,0x64,0x08,0x00,
	0x9c,0x03,0x07,0x00,0x00,0x00,0x00,0x01,0x1c,0x64,0x08,0x00,0x9c,0x04,0x07,0x00,
	0x00,0x00,0x00,0x01,0x18,0x64,0x08,0x00,0x9c,0x05,0x07,0x00,0x00,0x00,0x00,0x01,
	0x14,0x64,0x08,0x00,0x9c,0x06,0x07,0x00,0x00,0x00,0x00,0x01,0x10,0x64,0x08,0x00,
	0x9c,0x07,0x07,0x00,0x00,0x00,0x00,0x01,0x0c,0x64,0x08,0x00,0x84,0x00,0x07,0x00,
	0x00,0x00,0x01,0x01,0x00,0x00,0x00,0x00,0x34,0x5f,0x08,0x00,0x00,0x00,0x01,0x01,
	0x00,0x00,0x00,0x00,0x5c,0x5f,0x08,0x00,0x00,0x00,0x01,0x01,0x00,0x40,0x06,0x00,
	0x30,0x5f,0x08,0x00,0x00,0x00,0x00,0x01,0x70,0x6b,0x08,0x00,0x58,0x5f,0x08,0x00,
	0x00,0x00,0x00,0x01,0x70,0x6b,0x08,0x00,0x6c,0x5f,0x08,0x00,0x04,0x00,0x01,0x04,
	0x00,0x00,0x00,0x80,0x6c,0x5f,0x08,0x00,0x00,0x00,0x01,0x04,0x00,0x00,0x00,0x80,
	0x6c,0x5f,0x08,0x00,0x00,0x08,0x01,0x03,0xa0,0x35,0xd8,0x35,0x07,0x00,0x00,0x04,
	0x34,0x5f,0x08,0x00,0x00,0x00,0x01,0x01,0x00,0x41,0x06,0x00,0x30,0x5f,0x08,0x00,
	0x00,0x00,0x00,0x01,0x3c,0x6b,0x08,0x00,0x58,0x5f,0x08,0x00,0x00,0x00,0x00,0x01,
	0x3c,0x6b,0x08,0x00,0x68,0x5f,0x08,0x00,0x04,0x00,0x01,0x04,0x00,0x00,0x00,0x80,
	0x68,0x5f,0x08,0x00,0x00,0x00,0x01,0x04,0x00,0x00,0x00,0x80,0x68,0x5f,0x08,0x00,
	0x00,0x08,0x01,0x03,0xa0,0x35,0xd8,0x35,0x07,0x00,0x00,0x04,0x34,0x5f,0x08,0x00,
	0x00,0x00,0x01,0x01,0x00,0x42,0x06,0x00,0x30,0x5f,0x08,0x00,0x00,0x00,0x00,0x01,
	0x08,0x6b,0x08,0x00,0x58,0x5f,0x08,0x00,0x00,0x00,0x00,0x01,0x08,0x6b,0x08,0x00,
	0x64,0x5f,0x08,0x00,0x04,0x00,0x01,0x04,0x00,0x00,0x00,0x80,0x64,0x5f,0x08,0x00,
	0x00,0x00,0x01,0x04,0x00,0x00,0x00,0x80,0x64,0x5f,0x08,0x00,0x00,0x08,0x01,0x03,
	0xa0,0x35,0xd8,0x35,0x07,0x00,0x00,0x04,0x34,0x5f,0x08,0x00,0x00,0x00,0x01,0x01,
	0x08,0x00,0x07,0x00,0x30,0x5f,0x08,0x00,0x00,0x00,0x00,0x01,0x44,0x6a,0x08,0x00,
	0x58,0x5f,0x08,0x00,0x00,0x00,0x00,0x01,0x44,0x6a,0x08,0x00,0x60,0x5f,0x08,0x00,
	0x04,0x00,0x01,0x04,0x00,0x00,0x00,0x80,0x60,0x5f,0x08,0x00,0x00,0x00,0x01,0x04,
	0x00,0x00,0x00,0x80,0x60,0x5f,0x08,0x00,0x00,0x08,0x01,0x03,0xa0,0x35,0xd8,0x35,
	0x00,0x00,0x01,0x04,0x00,0x00,0x00,0x00,0x5c,0x5f,0x08,0x00,0x00,0x08,0x01,0x03,
	0xd8,0x35,0x74,0x36,0x04,0x00,0x01,0x04,0xff,0xff,0xff,0x7f,0x58,0x5f,0x08,0x00,
	0x00,0x00,0x04,0x01,0x58,0x5f,0x08,0x00,0x30,0x5f,0x08,0x00,0x05,0x00,0x01,0x04,
	0x01,0x00,0x00,0x00,0x34,0x5f,0x08,0x00,0x00,0x00,0x01,0x01,0x01,0x00,0x00,0x00,
	0x5c,0x5f,0x08,0x00,0x00,0x00,0x00,0x01,0x54,0x6d,0x08,0x00,0x44,0x00,0x06,0x00,
	0x01,0x00,0x00,0x01,0x0c,0x6c,0x08,0x00,0x00,0x04,0x06,0x00,0x00,0x00,0x00,0x01,
	0x44,0x6d,0x08,0x00,0x00,0x02,0x06,0x00,0x00,0x00,0x00,0x01,0x5c,0x6a,0x08,0x00,
	0x20,0x00,0x07,0x00,0x00,0x00,0x00,0x01,0xcc,0x6b,0x08,0x00,0x24,0x04,0x06,0x00,
	0x02,0x00,0x00,0x01,0xd8,0x6b,0x08,0x00,0x30,0x04,0x06,0x00,0x00,0x00,0x00,0x01,
	0xa4,0x6b,0x08,0x00,0x00,0x08,0x06,0x00,0x00,0x00,0x00,0x01,0x90,0x6b,0x08,0x00,
	0x60,0x08,0x06,0x00,0x00,0x00,0x00,0x01,0x8c,0x6b,0x08,0x00,0x00,0x09,0x06,0x00,
	0x00,0x00,0x00,0x01,0x98,0x6b,0x08,0x00,0x44,0x08,0x06,0x00,0x00,0x00,0x00,0x01,
	0xbc,0x6b,0x08,0x00,0x40,0x05,0x06,0x00,0x00,0x00,0x00,0x01,0xa8,0x6b,0x08,0x00,
	0xf0,0x05,0x06,0x00,0x00,0x00,0x01,0x01,0x06,0x00,0x00,0x00,0x90,0xf0,0x08,0x00,
	0x00,0x15,0x03,0x05,0x00,0x00,0x01,0x01,0x00,0x40,0x06,0x00,0x30,0x5f,0x08,0x00,
	0x00,0x00,0x00,0x01,0x70,0x6b,0x08,0x00,0x58,0x5f,0x08,0x00,0x00,0x00,0x00,0x01,
	0x34,0x5f,0x08,0x00,0x5c,0x5f,0x08,0x00,0x04,0x00,0x01,0x04,0x08,0x00,0x00,0x00,
	0x5c,0x5f,0x08,0x00,0x00,0x00,0x01,0x04,0x08,0x00,0x00,0x00,0x5c,0x5f,0x08,0x00,
	0x00,0x08,0x01,0x03,0x94,0x37,0xa0,0x37,0x00,0x00,0x01,0x01,0x00,0x41,0x06,0x00,
	0x30,0x5f,0x08,0x00,0x00,0x00,0x00,0x01,0x3c,0x6b,0x08,0x00,0x58,0x5f,0x08,0x00,
	0x00,0x00,0x00,0x01,0x34,0x5f,0x08,0x00,0x5c,0x5f,0x08,0x00,0x04,0x00,0x01,0x04,
	0x04,0x00,0x00,0x00,0x5c,0x5f,0x08,0x00,0x00,0x00,0x01,0x04,0x04,0x00,0x00,0x00,
	0x5c,0x5f,0x08,0x00,0x00,0x08,0x01,0x03,0x94,0x37,0xa0,0x37,0x00,0x00,0x01,0x01,
	0x00,0x42,0x06,0x00,0x30,0x5f,0x08,0x00,0x00,0x00,0x00,0x01,0x08,0x6b,0x08,0x00,
	0x58,0x5f,0x08,0x00,0x00,0x00,0x00,0x01,0x34,0x5f,0x08,0x00,0x5c,0x5f,0x08,0x00,
	0x04,0x00,0x01,0x04,0x02,0x00,0x00,0x00,0x5c,0x5f,0x08,0x00,0x00,0x00,0x01,0x04,
	0x02,0x00,0x00,0x00,0x5c,0x5f,0x08,0x00,0x00,0x08,0x01,0x03,0x94,0x37,0xa0,0x37,
	0x00,0x00,0x01,0x01,0x08,0x00,0x07,0x00,0x30,0x5f,0x08,0x00,0x00,0x00,0x00,0x01,
	0x44,0x6a,0x08,0x00,0x58,0x5f,0x08,0x00,0x00,0x00,0x00,0x01,0x34,0x5f,0x08,0x00,
	0x5c,0x5f,0x08,0x00,0x04,0x00,0x01,0x04,0x01,0x00,0x00,0x00,0x5c,0x5f,0x08,0x00,
	0x00,0x00,0x01,0x04,0x01,0x00,0x00,0x00,0x5c,0x5f,0x08,0x00,0x00,0x08,0x01,0x03,
	0x94,0x37,0xa0,0x37,0x00,0x00,0x04,0x01,0x58,0x5f,0x08,0x00,0x30,0x5f,0x08,0x00,
	0x09,0x00,0x00,0x01,0x90,0x6f,0x08,0x00,0x08,0x80,0x07,0x00,0x00,0x00,0x00,0x01,
	0x8c,0x6f,0x08,0x00,0x34,0x80,0x07,0x00,0x04,0x00,0x00,0x01,0x78,0x6f,0x08,0x00,
	0x50,0x80,0x07,0x00,0x10,0x00,0x00,0x01,0x34,0x6f,0x08,0x00,0x70,0x80,0x07,0x00,
	0x09,0x00,0x00,0x01,0x0c,0x6f,0x08,0x00,0x08,0x81,0x07,0x00,0x00,0x00,0x00,0x01,
	0x08,0x6f,0x08,0x00,0x34,0x81,0x07,0x00,0x04,0x00,0x00,0x01,0xf4,0x6e,0x08,0x00,
	0x50,0x81,0x07,0x00,0x0e,0x00,0x00,0x01,0xb8,0x6e,0x08,0x00,0x70,0x81,0x07,0x00,
	0x01,0x00,0x00,0x01,0xb0,0x6e,0x08,0x00,0xac,0x81,0x07,0x00,0x00,0x00,0x00,0x01,
	0x10,0x60,0x04,0x00,0x5c,0x5f,0x08,0x00,0x04,0x00,0x01,0x04,0x00,0x00,0x00,0x40,
	0x5c,0x5f,0x08,0x00,0x00,0x00,0x01,0x04,0x00,0x00,0x00,0x40,0x5c,0x5f,0x08,0x00,
	0x00,0x08,0x01,0x03,0x10,0x3a,0x20,0x3a,0x00,0x00,0x00,0x01,0x14,0x60,0x04,0x00,
	0x5c,0x5f,0x08,0x00,0x04,0x00,0x01,0x04,0x00,0x00,0x00,0x40,0x5c,0x5f,0x08,0x00,
	0x00,0x00,0x01,0x04,0x00,0x00,0x00,0x40,0x5c,0x5f,0x08,0x00,0x00,0x08,0x01,0x03,
	0x10,0x3a,0x20,0x3a,0x00,0x00,0x00,0x01,0x18,0x60,0x04,0x00,0x5c,0x5f,0x08,0x00,
	0x04,0x00,0x01,0x04,0x00,0x00,0x00,0x40,0x5c,0x5f,0x08,0x00,0x00,0x00,0x01,0x04,
	0x00,0x00,0x00,0x40,0x5c,0x5f,0x08,0x00,0x00,0x08,0x01,0x03,0x10,0x3a,0x20,0x3a,
	0x04,0x00,0x01,0x04,0xf5,0xff,0xff,0xff,0x00,0x54,0x04,0x00,0x04,0x00,0x01,0x04,
	0xf5,0xff,0xff,0xff,0x04,0x54,0x04,0x00,0x04,0x00,0x01,0x04,0xf5,0xff,0xff,0xff,
	0x0c,0x54,0x04,0x00,0x00,0x00,0x01,0x01,0x10,0x00,0x00,0x00,0x8c,0xf0,0x08,0x00,
	0x00,0x14,0x03,0x05,0x00,0x00,0x01,0x01,0x01,0x00,0x00,0x00,0x84,0x01,0x08,0x00,
	0x00,0x00,0x01,0x01,0x05,0x00,0x00,0x00,0x00,0x55,0x04,0x00,0x00,0x00,0x01,0x01,
	0x05,0x00,0x00,0x00,0x60,0xf0,0x08,0x00,0x00,0x00,0x01,0x01,0x18,0x18,0xa8,0x18,
	0xe4,0xf0,0x08,0x00,0x01,0x00,0x01,0x04,0x01,0x00,0x00,0x00,0x2c,0x01,0x08,0x00,
	0x01,0x00,0x01,0x04,0x01,0x00,0x00,0x00,0x58,0xf0,0x08,0x00,0x00,0x00,0x00,0x01,
	0x58,0xf0,0x08,0x00,0xa4,0x60,0x08,0x00,0x00,0x00,0x01,0x04,0x01,0x00,0x00,0x10,
	0x50,0x01,0x08,0x00,0x00,0x08,0x01,0x03,0x8c,0x39,0x98,0x39,0x00,0x00,0x01,0x01,
	0x01,0x00,0x00,0x00,0x60,0x01,0x08,0x00,0x04,0x00,0x01,0x04,0xfe,0xff,0xff,0xff,
	0x00,0xf2,0x08,0x00,0x00,0x00,0x01,0x01,0x0c,0x19,0xf8,0x19,0x10,0x55,0x04,0x00,
	0x00,0x00,0x01,0x01,0x5c,0x17,0x18,0x18,0xe4,0xf0,0x08,0x00,0x04,0x00,0x01,0x04,
	0xff,0xff,0xff,0xf7,0x70,0x60,0x04,0x00,0x00,0x00,0x01,0x01,0x06,0x00,0x00,0x00,
	0x00,0x55,0x04,0x00,0x00,0x00,0x01,0x01,0x06,0x00,0x00,0x00,0x60,0xf0,0x08,0x00,
	0x00,0x00,0x00,0x01,0x60,0xf0,0x08,0x00,0xa0,0x60,0x08,0x00,0x05,0x00,0x01,0x04,
	0x01,0x00,0x00,0x00,0x00,0xf2,0x08,0x00,0x04,0x00,0x01,0x04,0xfe,0xff,0xff,0xff,
	0x80,0xf0,0x08,0x00,0x04,0x00,0x01,0x04,0xff,0xff,0xff,0x7f,0xe0,0xf0,0x08,0x00,
	0x00,0x00,0x00,0x01,0xbc,0x6f,0x08,0x00,0x10,0xf0,0x08,0x00,0x00,0x00,0x00,0x01,
	0xb8,0x6f,0x08,0x00,0x40,0xf0,0x08,0x00,0x04,0x00,0x01,0x04,0xfe,0xff,0xff,0xff,
	0x80,0xf0,0x08,0x00,0x04,0x00,0x01,0x04,0xff,0xff,0xff,0x7f,0xe0,0xf0,0x08,0x00,
	0x01,0x00,0x00,0x06,0x00,0x00,0x01,0x03,0xbc,0x3a,0xf8,0x3a,0x02,0x00,0x00,0x06,
	0x00,0x00,0x01,0x03,0xbc,0x3a,0xf8,0x3a,0x03,0x00,0x00,0x06,0x05,0x00,0x01,0x04,
	0x02,0x00,0x00,0x00,0x88,0x20,0x04,0x00,0x00,0x00,0x01,0x02,0x0c,0x38,0xf4,0x38,
	0x04,0x00,0x00,0x06,0x05,0x00,0x01,0x04,0x10,0x00,0x00,0x00,0x88,0x20,0x04,0x00,
	0x05,0x00,0x00,0x06,0x00,0x00,0x01,0x03,0xbc,0x3a,0xf8,0x3a,0x06,0x00,0x00,0x06,
	0x00,0x00,0x01,0x03,0xbc,0x3a,0xf8,0x3a,0x07,0x00,0x00,0x06,0x00,0x00,0x01,0x03,
	0xbc,0x3a,0xf8,0x3a,0x08,0x00,0x00,0x06,0x05,0x00,0x01,0x04,0x01,0x00,0x00,0x00,
	0x88,0x20,0x04,0x00,0x00,0x00,0x01,0x02,0xe4,0x1d,0x74,0x1e,0x09,0x00,0x00,0x06,
	0x00,0x00,0x01,0x03,0xbc,0x3a,0xf8,0x3a,0x0a,0x00,0x00,0x06,0x05,0x00,0x01,0x04,
	0x04,0x00,0x00,0x00,0x88,0x20,0x04,0x00,0x00,0x00,0x01,0x02,0x14,0x1f,0xa4,0x1f,
	0x0b,0x00,0x00,0x06,0x05,0x00,0x01,0x04,0x08,0x00,0x00,0x00,0x88,0x20,0x04,0x00,
	0x00,0x00,0x01,0x02,0x44,0x20,0xd4,0x20,0x0d,0x00,0x00,0x06,0x05,0x00,0x01,0x04,
	0x08,0x00,0x00,0x00,0x88,0x20,0x04,0x00,0x00,0x00,0x01,0x02,0x74,0x21,0xdc,0x21,
	0x0c,0x00,0x00,0x06,0x00,0x00,0x01,0x03,0xbc,0x3a,0xf8,0x3a,0x04,0x00,0x01,0x04,
	0xfe,0xff,0xff,0xff,0x84,0x20,0x04,0x00,0x04,0x00,0x01,0x04,0xfe,0xff,0xff,0xff,
	0x80,0xf0,0x08,0x00,0x04,0x00,0x01,0x04,0xff,0xff,0xff,0x7f,0xe0,0xf0,0x08,0x00,
	0x00,0x00,0x00,0x01,0xbc,0x6f,0x08,0x00,0x10,0xf0,0x08,0x00,0x00,0x00,0x00,0x01,
	0xb8,0x6f,0x08,0x00,0x40,0xf0,0x08,0x00,0x00,0x00,0x01,0x04,0x0a,0x00,0x00,0x00,
	0x7c,0x01,0x08,0x00,0x00,0x08,0x01,0x02,0x50,0x25,0x54,0x25,0x00,0x00,0x01,0x02,
	0xb0,0x24,0x00,0x25,0x00,0x00,0x01,0x04,0x0a,0x00,0x00,0x00,0x78,0x01,0x08,0x00,
	0x00,0x08,0x01,0x02,0x50,0x25,0x54,0x25,0x00,0x00,0x01,0x02,0x00,0x25,0x50,0x25,
	0x00,0x00,0x00,0x00,0x00,0x00,0x00,0x00,0x00,0x00,0x00,0x00,0x00,0x00,0x00,0x00,
	0x00,0x00,0x00,0x00,0x00,0x00,0x00,0x00,0x00,0x00,0x00,0x00,0x00,0x00,0x00,0x00,
	0x00,0x00,0x00,0x00,0x00,0x00,0x00,0x00,0x00,0x00,0x00,0x00,0x00,0x00,0x00,0x00,
	0x00,0x00,0x00,0x00,0x00,0x00,0x00,0x00,0x00,0x00,0x00,0x00,0x00,0x00,0x00,0x00,
	0x00,0x00,0x00,0x00,0x00,0x00,0x00,0x00,0x00,0x00,0x00,0x00,0x00,0x00,0x00,0x00,
	0x00,0x00,0x00,0x00,0x00,0x00,0x00,0x00,0x00,0x00,0x00,0x00,0x00,0x00,0x00,0x00,
	0x00,0x00,0x00,0x00,0x00,0x00,0x00,0x00,0x00,0x00,0x00,0x00,0x00,0x00,0x00,0x00,
	0x00,0x00,0x00,0x00,0x00,0x00,0x00,0x00,0x00,0x00,0x00,0x00,0x00,0x00,0x00,0x00,
	0x00,0x00,0x00,0x00,0x00,0x00,0x00,0x00,0x00,0x00,0x00,0x00,0x00,0x00,0x00,0x00,
	0x00,0x00,0x00,0x00,0x00,0x00,0x00,0x00,0x00,0x00,0x00,0x00,0x00,0x00,0x00,0x00,
	0x00,0x00,0x00,0x00,0x00,0x00,0x00,0x00,0x00,0x00,0x00,0x00,0x00,0x00,0x00,0x00,
	0x00,0x00,0x00,0x00,0x00,0x00,0x00,0x00,0x00,0x00,0x00,0x00,0x00,0x00,0x00,0x00,
	0x00,0x00,0x00,0x00,0x00,0x00,0x00,0x00,0x00,0x00,0x00,0x00,0x00,0x00,0x00,0x00,
	0x00,0x00,0x00,0x00,0x00,0x00,0x00,0x00,0x00,0x00,0x00,0x00,0x00,0x00,0x00,0x00,
	0x00,0x00,0x00,0x00,0x00,0x00,0x00,0x00,0x00,0x00,0x00,0x00,0x00,0x00,0x00,0x00,
	0x00,0x00,0x00,0x00,0x00,0x00,0x00,0x00,0x00,0x00,0x00,0x00,0x00,0x00,0x00,0x00,
	0x00,0x00,0x00,0x00,0x00,0x00,0x00,0x00,0x00,0x00,0x00,0x00,0x00,0x00,0x00,0x00,
	0x00,0x00,0x00,0x00,0x00,0x00,0x00,0x00,0x00,0x00,0x00,0x00,0x00,0x00,0x00,0x00,
	0x00,0x00,0x00,0x00,0x00,0x00,0x00,0x00,0x00,0x00,0x00,0x00,0x00,0x00,0x00,0x00,
	0x00,0x00,0x00,0x00,0x00,0x00,0x00,0x00,0x00,0x00,0x00,0x00,0x00,0x00,0x00,0x00,
	0x00,0x00,0x00,0x00,0x00,0x00,0x00,0x00,0x00,0x00,0x00,0x00,0x00,0x00,0x00,0x00,
	0x00,0x00,0x00,0x00,0x00,0x00,0x00,0x00,0x00,0x00,0x00,0x00,0x00,0x00,0x00,0x00,
	0x00,0x00,0x00,0x00,0x00,0x00,0x00,0x00,0x00,0x00,0x00,0x00,0x00,0x00,0x00,0x00,
	0x00,0x00,0x00,0x00,0x00,0x00,0x00,0x00,0x00,0x00,0x00,0x00,0x00,0x00,0x00,0x00,
	0x00,0x00,0x00,0x00,0x00,0x00,0x00,0x00,0x00,0x00,0x00,0x00,0x00,0x00,0x00,0x00,
	0x00,0x00,0x00,0x01,0x54,0x54,0x04,0x00,0x1c,0x5f,0x08,0x00,0x04,0x00,0x01,0x04,
	0x05,0x00,0x00,0x00,0x1c,0x5f,0x08,0x00,0x00,0x00,0x01,0x04,0x05,0x00,0x00,0x00,
	0x1c,0x5f,0x08,0x00,0x00,0x08,0x01,0x02,0xac,0x41,0xb0,0x41,0x00,0x00,0x00,0x01,
	0x24,0x54,0x04,0x00,0x1c,0x5f,0x08,0x00,0x04,0x00,0x01,0x04,0x04,0x00,0x00,0x00,
	0x1c,0x5f,0x08,0x00,0x00,0x00,0x01,0x04,0x04,0x00,0x00,0x00,0x1c,0x5f,0x08,0x00,
	0x00,0x08,0x01,0x02,0xac,0x41,0xb0,0x41,0x00,0x00,0x00,0x01,0x40,0x09,0x06,0x00,
	0x1c,0x5f,0x08,0x00,0x04,0x00,0x01,0x04,0x00,0x02,0x00,0x00,0x1c,0x5f,0x08,0x00,
	0x00,0x00,0x01,0x04,0x00,0x00,0x00,0x00,0x1c,0x5f,0x08,0x00,0x00,0x08,0x01,0x02,
	0xac,0x41,0xb0,0x41,0x00,0x00,0x01,0x01,0x00,0x00,0x00,0x00,0x5c,0x01,0x08,0x00,
	0x00,0x00,0x01,0x01,0x00,0x00,0x00,0x00,0x58,0x01,0x08,0x00,0x00,0x00,0x01,0x01,
	0x00,0x00,0x00,0x00,0x54,0x01,0x08,0x00,0x00,0x00,0x00,0x01,0x38,0x00,0x07,0x00,
	0x38,0x6a,0x08,0x00,0x00,0x00,0x00,0x01,0x38,0x10,0x07,0x00,0x9c,0x60,0x08,0x00,
	0x00,0x00,0x00,0x01,0x38,0x20,0x07,0x00,0x98,0x60,0x08,0x00,0x00,0x00,0x00,0x01,
	0x38,0x30,0x07,0x00,0x94,0x60,0x08,0x00,0x05,0x00,0x01,0x04,0x00,0x00,0x40,0x00,
	0x38,0x00,0x07,0x00,0x05,0x00,0x01,0x04,0x00,0x00,0x40,0x00,0x38,0x10,0x07,0x00,
	0x05,0x00,0x01,0x04,0x00,0x00,0x40,0x00,0x38,0x20,0x07,0x00,0x05,0x00,0x01,0x04,
	0x00,0x00,0x40,0x00,0x38,0x30,0x07,0x00,0x00,0x00,0x00,0x01,0x08,0x50,0x04,0x00,
	0xdc,0x63,0x08,0x00,0x00,0x00,0x00,0x01,0xe8,0x4f,0x04,0x00,0xd8,0x63,0x08,0x00,
	0x04,0x00,0x01,0x04,0xff,0xff,0xff,0x7f,0x08,0x50,0x04,0x00,0x04,0x00,0x01,0x04,
	0xff,0xff,0xff,0x7f,0xe8,0x4f,0x04,0x00,0x00,0x00,0x01,0x01,0x0a,0x00,0x00,0x00,
	0x8c,0xf0,0x08,0x00,0x00,0x14,0x03,0x05,0x00,0x00,0x00,0x01,0x08,0x50,0x04,0x00,
	0x1c,0x5f,0x08,0x00,0x04,0x00,0x01,0x04,0x00,0x00,0x00,0x40,0x1c,0x5f,0x08,0x00,
	0x00,0x00,0x01,0x04,0x00,0x00,0x00,0x40,0x1c,0x5f,0x08,0x00,0x00,0x08,0x01,0x02,
	0x24,0x41,0x40,0x41,0x00,0x00,0x00,0x01,0xe8,0x4f,0x04,0x00,0x1c,0x5f,0x08,0x00,
	0x04,0x00,0x01,0x04,0x00,0x00,0x00,0x40,0x1c,0x5f,0x08,0x00,0x00,0x00,0x01,0x04,
	0x00,0x00,0x00,0x40,0x1c,0x5f,0x08,0x00,0x00,0x08,0x01,0x02,0x24,0x41,0x40,0x41,
	0x00,0x00,0x00,0x01,0x70,0x60,0x04,0x00,0xcc,0x63,0x08,0x00,0x04,0x00,0x01,0x04,
	0xff,0xff,0xff,0x7f,0x70,0x60,0x04,0x00,0x00,0x00,0x01,0x01,0x14,0x00,0x00,0x00,
	0x8c,0xf0,0x08,0x00,0x00,0x14,0x03,0x05,0x00,0x00,0x00,0x01,0x70,0x60,0x04,0x00,
	0x1c,0x5f,0x08,0x00,0x04,0x00,0x01,0x04,0x00,0x00,0x00,0x40,0x1c,0x5f,0x08,0x00,
	0x00,0x00,0x01,0x04,0x00,0x00,0x00,0x40,0x1c,0x5f,0x08,0x00,0x00,0x08,0x01,0x02,
	0x40,0x41,0x4c,0x41,0x00,0x00,0x01,0x02,0xbc,0x3e,0xdc,0x3e,0x01,0x00,0x01,0x04,
	0x01,0x00,0x00,0x00,0x5c,0xf0,0x08,0x00,0x01,0x00,0x01,0x04,0x01,0x00,0x00,0x00,
	0x08,0x01,0x08,0x00,0x00,0x00,0x01,0x02,0xdc,0x3e,0x78,0x3f,0x00,0x00,0x01,0x01,
	0x0a,0x00,0x00,0x00,0x8c,0xf0,0x08,0x00,0x00,0x14,0x03,0x05,0x00,0x00,0x00,0x01,
	0x40,0x09,0x06,0x00,0x1c,0x5f,0x08,0x00,0x04,0x00,0x01,0x04,0x00,0x02,0x00,0x00,
	0x1c,0x5f,0x08,0x00,0x00,0x00,0x01,0x04,0x00,0x00,0x00,0x00,0x1c,0x5f,0x08,0x00,
	0x00,0x08,0x01,0x02,0x78,0x3f,0x8c,0x3f,0x00,0x00,0x00,0x01,0x04,0x55,0x04,0x00,
	0x1c,0x5f,0x08,0x00,0x04,0x00,0x01,0x04,0x00,0x00,0x00,0x40,0x1c,0x5f,0x08,0x00,
	0x00,0x00,0x01,0x04,0x00,0x00,0x00,0x00,0x1c,0x5f,0x08,0x00,0x00,0x08,0x01,0x02,
	0x78,0x3f,0x8c,0x3f,0x00,0x00,0x00,0x01,0x24,0x54,0x04,0x00,0x1c,0x5f,0x08,0x00,
	0x04,0x00,0x01,0x04,0x04,0x00,0x00,0x00,0x1c,0x5f,0x08,0x00,0x00,0x00,0x01,0x04,
	0x04,0x00,0x00,0x00,0x1c,0x5f,0x08,0x00,0x00,0x08,0x01,0x02,0x78,0x3f,0x8c,0x3f,
	0x00,0x00,0x01,0x02,0xdc,0x3e,0x78,0x3f,0x00,0x00,0x00,0x01,0xcc,0x63,0x08,0x00,
	0x70,0x60,0x04,0x00,0x00,0x00,0x01,0x02,0x8c,0x3f,0xf0,0x3f,0x01,0x00,0x01,0x04,
	0x01,0x00,0x00,0x00,0x5c,0x01,0x08,0x00,0x00,0x00,0x01,0x01,0x08,0x00,0x00,0x00,
	0x8c,0xf0,0x08,0x00,0x00,0x14,0x03,0x05,0x00,0x00,0x00,0x01,0x70,0x60,0x04,0x00,
	0x1c,0x5f,0x08,0x00,0x04,0x00,0x01,0x04,0x00,0x00,0x00,0x40,0x1c,0x5f,0x08,0x00,
	0x00,0x00,0x01,0x04,0x00,0x00,0x00,0x40,0x1c,0x5f,0x08,0x00,0x00,0x08,0x01,0x02,
	0xf0,0x3f,0x7c,0x40,0x00,0x00,0x01,0x04,0x19,0x00,0x00,0x00,0x5c,0x01,0x08,0x00,
	0x00,0x08,0x01,0x02,0x4c,0x41,0x60,0x41,0x00,0x00,0x01,0x02,0x8c,0x3f,0xf0,0x3f,
	0x00,0x00,0x00,0x01,0x38,0x6a,0x08,0x00,0x38,0x00,0x07,0x00,0x00,0x00,0x00,0x01,
	0x9c,0x60,0x08,0x00,0x38,0x10,0x07,0x00,0x00,0x00,0x00,0x01,0x98,0x60,0x08,0x00,
	0x38,0x20,0x07,0x00,0x00,0x00,0x00,0x01,0x94,0x60,0x08,0x00,0x38,0x30,0x07,0x00,
	0x00,0x00,0x00,0x01,0xdc,0x63,0x08,0x00,0x08,0x50,0x04,0x00,0x00,0x00,0x00,0x01,
	0xd8,0x63,0x08,0x00,0xe8,0x4f,0x04,0x00,0x00,0x00,0x01,0x01,0x0a,0x00,0x00,0x00,
	0x90,0xf0,0x08,0x00,0x00,0x15,0x03,0x05,0x00,0x00,0x00,0x01,0x08,0x50,0x04,0x00,
	0x0c,0x5f,0x08,0x00,0x04,0x00,0x01,0x04,0x00,0x00,0x00,0x80,0x0c,0x5f,0x08,0x00,
	0x00,0x00,0x01,0x04,0x00,0x00,0x00,0x80,0x0c,0x5f,0x08,0x00,0x00,0x08,0x01,0x02,
	0xb0,0x40,0xe4,0x40,0x00,0x00,0x01,0x02,0x7c,0x40,0xb0,0x40,0x00,0x00,0x00,0x01,
	0xe8,0x4f,0x04,0x00,0x08,0x5f,0x08,0x00,0x04,0x00,0x01,0x04,0x00,0x00,0x00,0x80,
	0x08,0x5f,0x08,0x00,0x00,0x00,0x01,0x04,0x00,0x00,0x00,0x80,0x08,0x5f,0x08,0x00,
	0x00,0x08,0x01,0x02,0xe4,0x40,0x18,0x41,0x00,0x00,0x01,0x02,0x18,0x41,0x24,0x41,
	0x00,0x00,0x00,0x01,0x08,0x50,0x04,0x00,0x1c,0x5f,0x08,0x00,0x04,0x00,0x01,0x04,
	0x00,0x00,0x00,0x40,0x1c,0x5f,0x08,0x00,0x00,0x00,0x01,0x04,0x00,0x00,0x00,0x00,
	0x1c,0x5f,0x08,0x00,0x00,0x08,0x01,0x02,0x60,0x41,0x74,0x41,0x00,0x00,0x01,0x02,
	0x7c,0x40,0xb0,0x40,0x00,0x00,0x00,0x01,0xe8,0x4f,0x04,0x00,0x1c,0x5f,0x08,0x00,
	0x04,0x00,0x01,0x04,0x00,0x00,0x00,0x40,0x1c,0x5f,0x08,0x00,0x00,0x00,0x01,0x04,
	0x00,0x00,0x00,0x00,0x1c,0x5f,0x08,0x00,0x00,0x08,0x01,0x02,0x74,0x41,0x88,0x41,
	0x00,0x00,0x01,0x02,0x18,0x41,0x24,0x41,0x05,0x00,0x01,0x04,0x00,0x00,0x00,0x20,
	0x04,0x55,0x04,0x00,0x01,0x00,0x00,0x06,0x00,0x00,0x00,0x01,0xdc,0x63,0x08,0x00,
	0x08,0x50,0x04,0x00,0x00,0x00,0x00,0x01,0xd8,0x63,0x08,0x00,0xe8,0x4f,0x04,0x00,
	0x02,0x00,0x00,0x06,0x00,0x00,0x01,0x03,0x88,0x41,0xac,0x41,0x03,0x00,0x00,0x06,
	0x00,0x00,0x01,0x03,0x88,0x41,0xac,0x41,0x00,0x00,0x01,0x02,0xf0,0x3f,0x7c,0x40,
	0x04,0x00,0x00,0x06,0x00,0x00,0x01,0x03,0x88,0x41,0xac,0x41,0x00,0x00,0x01,0x02,
	0x7c,0x40,0xb0,0x40,0x05,0x00,0x00,0x06,0x00,0x00,0x01,0x03,0x88,0x41,0xac,0x41,
	0x00,0x00,0x01,0x02,0x18,0x41,0x24,0x41,0x04,0x00,0x01,0x04,0xff,0xff,0xff,0xbf,
	0x04,0x55,0x04,0x00,0x00,0x00,0x01,0x01,0x00,0x00,0x00,0x00,0x38,0xf0,0x08,0x00,
	0x00,0x00,0x01,0x01,0x00,0x00,0x00,0x00,0x08,0xf0,0x08,0x00,0x00,0x00,0x00,0x00,
	0x00,0x00,0x00,0x01,0x80,0xf0,0x08,0x00,0x38,0x4d,0x08,0x00,0x04,0x00,0x01,0x04,
	0x00,0x00,0x00,0x80,0x38,0x4d,0x08,0x00,0x00,0x00,0x01,0x04,0x00,0x00,0x00,0x80,
	0x38,0x4d,0x08,0x00,0x00,0x08,0x01,0x02,0xdc,0x41,0x34,0x42,0x05,0x00,0x01,0x04,
	0x00,0x00,0x00,0x40,0x80,0xf0,0x08,0x00,0x00,0x36,0x03,0x05,0x00,0x36,0x03,0x05,
	0x00,0x00,0x01,0x04,0x01,0x00,0x00,0x00,0x44,0x01,0x08,0x00,0x00,0x08,0x01,0x02,
	0x34,0x42,0x74,0x42,0x05,0x00,0x01,0x04,0x01,0x00,0x00,0x00,0x04,0x44,0x04,0x00,
	0x04,0x00,0x01,0x04,0xfe,0xff,0xff,0xff,0x0c,0x44,0x04,0x00,0x00,0x00,0x01,0x01,
	0x01,0x00,0x00,0x00,0x44,0x01,0x08,0x00,0x04,0x00,0x01,0x04,0xff,0xff,0xff,0xbf,
	0x80,0xf0,0x08,0x00,0x04,0x00,0x01,0x04,0xfe,0xff,0xff,0xff,0x04,0x44,0x04,0x00,
	0x05,0x00,0x01,0x04,0x01,0x00,0x00,0x00,0x0c,0x44,0x04,0x00,0x00,0x00,0x00,0x04,
	0x4c,0x01,0x08,0x00,0x9c,0x01,0x07,0x00,0x00,0x08,0x01,0x02,0x74,0x42,0x9c,0x42,
	0x00,0x00,0x00,0x01,0x4c,0x01,0x08,0x00,0x9c,0x01,0x07,0x00,0x00,0x00,0x01,0x02,
	0x74,0x42,0x9c,0x42,0x00,0x00,0x00,0x04,0x48,0x01,0x08,0x00,0x9c,0x06,0x07,0x00,
	0x00,0x08,0x01,0x02,0x9c,0x42,0xb4,0x42,0x00,0x00,0x00,0x01,0x48,0x01,0x08,0x00,
	0x9c,0x06,0x07,0x00,0x00,0x00,0x01,0x02,0x9c,0x42,0xb4,0x42,0x00,0x00,0x01,0x01,
	0x00,0x00,0x00,0x00,0x44,0x01,0x08,0x00,0x04,0x00,0x01,0x04,0xff,0xff,0xff,0xbf,
	0x80,0xf0,0x08,0x00,0x05,0x00,0x01,0x04,0x00,0x00,0x00,0x80,0x84,0xf0,0x08,0x00,
	0x00,0x00,0x00,0x01,0x80,0xf0,0x08,0x00,0x78,0x5f,0x08,0x00,0x04,0x00,0x01,0x04,
	0x00,0x00,0x80,0x00,0x78,0x5f,0x08,0x00,0x00,0x00,0x01,0x04,0x00,0x00,0x80,0x00,
	0x78,0x5f,0x08,0x00,0x00,0x08,0x00,0x02,0x88,0x45,0x94,0x45,0x00,0x00,0x00,0x01,
	0x80,0xf0,0x08,0x00,0x98,0x5f,0x08,0x00,0x04,0x00,0x01,0x04,0x00,0x00,0x40,0x00,
	0x98,0x5f,0x08,0x00,0x00,0x00,0x01,0x04,0x00,0x00,0x40,0x00,0x98,0x5f,0x08,0x00,
	0x00,0x08,0x01,0x02,0x88,0x45,0x94,0x45,0x00,0x00,0x00,0x04,0x3c,0x01,0x08,0x00,
	0x40,0x01,0x08,0x00,0x00,0x08,0x00,0x02,0x60,0x45,0x7c,0x45,0x00,0x00,0x01,0x02,
	0x34,0x43,0x8c,0x43,0x00,0x00,0x01,0x01,0x00,0x00,0x00,0x00,0x74,0x5f,0x08,0x00,
	0x00,0x00,0x01,0x01,0x00,0x00,0x00,0x00,0x70,0x5f,0x08,0x00,0x00,0x00,0x01,0x01,
	0xb4,0x5f,0x08,0x00,0xac,0x5f,0x08,0x00,0x00,0x00,0x00,0x01,0xa8,0x5f,0x08,0x00,
	0x90,0x5f,0x08,0x00,0x04,0x00,0x01,0x04,0x0f,0x00,0x00,0x00,0x90,0x5f,0x08,0x00,
	0x00,0x00,0x00,0x04,0x90,0x5f,0x08,0x00,0x40,0x01,0x08,0x00,0x00,0x08,0x01,0x02,
	0x88,0x45,0x94,0x45,0x00,0x00,0x01,0x02,0x8c,0x43,0xdc,0x43,0x00,0x00,0x00,0x01,
	0x70,0x40,0x04,0x00,0x9c,0x5f,0x08,0x00,0x00,0x00,0x00,0x01,0x3c,0x01,0x08,0x00,
	0x8c,0x5f,0x08,0x00,0x04,0x00,0x01,0x04,0x07,0x00,0x00,0x00,0x8c,0x5f,0x08,0x00,
	0x0b,0x00,0x01,0x04,0x05,0x00,0x00,0x00,0x8c,0x5f,0x08,0x00,0x0b,0x00,0x01,0x04,
	0x04,0x00,0x00,0x00,0x8c,0x5f,0x08,0x00,0x01,0x00,0x00,0x04,0xac,0x5f,0x08,0x00,
	0x8c,0x5f,0x08,0x00,0x00,0x00,0x01,0x02,0xdc,0x43,0x08,0x45,0x00,0x00,0x02,0x01,
	0x8c,0x5f,0x08,0x00,0xa0,0x5f,0x08,0x00,0x00,0x00,0x00,0x04,0xa0,0x5f,0x08,0x00,
	0x9c,0x5f,0x08,0x00,0x00,0x0a,0x01,0x02,0x94,0x45,0xb0,0x45,0x00,0x00,0x00,0x01,
	0x8c,0x5f,0x08,0x00,0x94,0x5f,0x08,0x00,0x00,0x00,0x04,0x01,0x9c,0x5f,0x08,0x00,
	0x8c,0x5f,0x08,0x00,0x01,0x00,0x01,0x04,0x04,0x00,0x00,0x00,0x94,0x5f,0x08,0x00,
	0x00,0x00,0x02,0x01,0x94,0x5f,0x08,0x00,0x88,0x5f,0x08,0x00,0x01,0x00,0x01,0x04,
	0x04,0x00,0x00,0x00,0x94,0x5f,0x08,0x00,0x00,0x00,0x02,0x01,0x94,0x5f,0x08,0x00,
	0x80,0x5f,0x08,0x00,0x00,0x00,0x04,0x01,0x80,0x5f,0x08,0x00,0x88,0x5f,0x08,0x00,
	0x01,0x00,0x01,0x04,0x04,0x00,0x00,0x00,0x94,0x5f,0x08,0x00,0x00,0x00,0x02,0x01,
	0x94,0x5f,0x08,0x00,0x84,0x5f,0x08,0x00,0x01,0x00,0x01,0x04,0x04,0x00,0x00,0x00,
	0x94,0x5f,0x08,0x00,0x00,0x00,0x02,0x01,0x94,0x5f,0x08,0x00,0x7c,0x5f,0x08,0x00,
	0x00,0x00,0x04,0x01,0x7c,0x5f,0x08,0x00,0x84,0x5f,0x08,0x00,0x00,0x00,0x01,0x01,
	0x01,0x00,0x00,0x00,0x70,0x5f,0x08,0x00,0x00,0x00,0x00,0x01,0x88,0x5f,0x08,0x00,
	0x94,0x5f,0x08,0x00,0x04,0x00,0x01,0x04,0x00,0x00,0x00,0x80,0x94,0x5f,0x08,0x00,
	0x05,0x00,0x00,0x04,0x94,0x5f,0x08,0x00,0x74,0x5f,0x08,0x00,0x01,0x00,0x01,0x04,
	0x04,0x00,0x00,0x00,0x8c,0x5f,0x08,0x00,0x01,0x00,0x01,0x04,0x01,0x00,0x00,0x00,
	0x40,0x01,0x08,0x00,0x04,0x00,0x01,0x04,0x0f,0x00,0x00,0x00,0x40,0x01,0x08,0x00,
	0x00,0x00,0x00,0x01,0x40,0x01,0x08,0x00,0x3c,0x01,0x08,0x00,0x00,0x00,0x00,0x04,
	0x90,0x5f,0x08,0x00,0x40,0x01,0x08,0x00,0x00,0x08,0x01,0x02,0x24,0x45,0x44,0x45,
	0x00,0x00,0x01,0x02,0x8c,0x43,0xdc,0x43,0x00,0x00,0x01,0x03,0x88,0x45,0x94,0x45,
	0x00,0x32,0x03,0x05,0x01,0x00,0x00,0x06,0x00,0x00,0x01,0x01,0x00,0x00,0x00,0x00,
	0x74,0x5f,0x08,0x00,0x05,0x00,0x01,0x04,0x00,0x00,0x00,0x40,0x70,0x0a,0x06,0x00,
	0x00,0x00,0x01,0x01,0x00,0x00,0x00,0x00,0x70,0x5f,0x08,0x00,0x00,0x00,0x01,0x02,
	0x44,0x45,0x60,0x45,0x00,0x00,0x01,0x04,0x00,0x00,0x00,0x80,0x74,0x5f,0x08,0x00,
	0x00,0x08,0x01,0x02,0x08,0x45,0x24,0x45,0x00,0x00,0x01,0x02,0x88,0x45,0x94,0x45,
	0x00,0x00,0x01,0x04,0x00,0x00,0x00,0x00,0x3c,0x01,0x08,0x00,0x00,0x08,0x01,0x03,
	0x7c,0x45,0x88,0x45,0x00,0x00,0x01,0x02,0x34,0x43,0x8c,0x43,0x00,0x00,0x01,0x01,
	0x00,0x00,0x00,0x00,0x40,0x01,0x08,0x00,0x04,0x00,0x01,0x04,0xff,0xff,0xff,0x7f,
	0x84,0xf0,0x08,0x00,0x00,0x00,0x01,0x04,0x01,0x00,0x00,0x00,0x70,0x5f,0x08,0x00,
	0x00,0x08,0x01,0x02,0x24,0x45,0x44,0x45,0x00,0x00,0x01,0x02,0x88,0x45,0x94,0x45,
	0x3e,0x3e,0x40,0x40,0x40,0x03,0x02,0x0c,0x00,0x0c,0x00,0x00,0xdc,0x00,0x00,0x00,
	0x03,0x00,0x00,0x00,0x00,0x00,0x09,0x00,0x00,0x00,0x00,0x00,0x00,0x00,0x00,0x00,
	0x00,0x00,0x00,0x00,0x00,0x00,0x00,0x00,0x00,0x00,0x00,0x00,0x00,0x00,0x00,0x00,
	0x00,0x00,0x00,0x00,0x00,0x00,0x00,0x00,0x00,0x00,0x00,0x00,0x44,0x37,0x3c,0x2f,
	0x36,0x47,0x2f,0x00,0xfe,0x03,0x2f,0x40,0x39,0x40,0x35,0x11,0xfe,0x34,0xd0,0xfd,
	0x34,0x35,0x46,0x39,0x33,0x35,0xd0,0x14,0x01,0x02,0xd0,0xfd,0x05,0x00,0x00,0x00,
	0x74,0x20,0x09,0x00,0x34,0x20,0x09,0x00,0x04,0x20,0x09,0x00,0x38,0x20,0x09,0x00,
	0x08,0x20,0x09,0x00,0x00,0x00,0x00,0x00,0x00,0x00,0x00,0x00,0x00,0x00,0x00,0x00,
	0x00,0x00,0x00,0x00,0x00,0x00,0x00,0x00,0x00,0x00,0x00,0x00,0x00,0x00,0x00,0x00,
	0x00,0x00,0x00,0x00,0x00,0x00,0x00,0x00,0x00,0x00,0x00,0x00,0x00,0x00,0x00,0x00,
	0x00,0x00,0x00,0x00,0x00,0x00,0x00,0x00,0x00,0x00,0x00,0x00,0x00,0x00,0x00,0x00,
	0xc0,0x0f,0x09,0x00,0x00,0xdf,0x03,0xc0,0x88,0x01,0xc0,0x01,0x00,0xe0,0x03,0xc0,
	0x7c,0x02,0xb4,0x02,0x00,0x00,0x00,0x00,0x00,0x00,0x00,0x00,0x00,0x00,0x00,0x00,
	0x00,0x00,0x00,0x00,0x00,0x00,0x00,0x00,0x00,0x00,0x00,0x00,0x00,0x00,0x00,0x00,
	0x00,0x00,0x00,0x00,0x00,0x00,0x00,0x00,0x00,0x00,0x00,0x00,0x00,0x00,0x00,0x00,
	0x00,0x00,0x00,0x00,0x00,0x00,0x00,0x00,0x00,0x00,0x00,0x00,0x00,0x00,0x00,0x00,
	0x40,0x40,0x00,0x0c,0x03,0x00,0x00,0x00,0x00,0x00,0x00,0x00,0x00,0x00,0x00,0x00,
	0x00,0x00,0x00,0x00,0x00,0x00,0x00,0x00,0x00,0x00,0x00,0x00,0x00,0x00,0x00,0x00,
	0x00,0x00,0x00,0x00,0x00,0x00,0x00,0x00,0x00,0x00,0x00,0x00,0x00,0x00,0x00,0x00,
	0x00,0x00,0x00,0x00,0x00,0x00,0x00,0x00,0x00,0x00,0x00,0x00,0x00,0x00,0x00,0x00,
	0x00,0x00,0x00,0x00,0x00,0x00,0x00,0x00,0x00,0x00,0x00,0x00,0x00,0x00,0x00,0x00,
	0x00,0x00,0x00,0x00,0x00,0x00,0x00,0x00,0x00,0x00,0x00,0x00,0x00,0x00,0x00,0x00,
	0x00,0x00,0x00,0x00,0x00,0x00,0x00,0x00,0x00,0x00,0x00,0x00,0x00,0x00,0x00,0x00,
	0x00,0x00,0x00,0x00,0x00,0x00,0x00,0x00,0x00,0x00,0x00,0x00,0x00,0x00,0x00,0x00,
	0x00,0x00,0x00,0x00,0x00,0x00,0x00,0x00,0x00,0x00,0x00,0x00,0x00,0x00,0x00,0x00,
	0x00,0x00,0x00,0x00,0x00,0x00,0x00,0x00,0x00,0x00,0x00,0x00,0x00,0x00,0x00,0x00,
	0x00,0x00,0x00,0x00,0x00,0x00,0x00,0x00,0x00,0x00,0x00,0x00,0x00,0x00,0x00,0x00,
	0x00,0x00,0x00,0x00,0x00,0x00,0x00,0x00,0x00,0x00,0x00,0x00,0x00,0x00,0x00,0x00,
	0x00,0x00,0x00,0x00,0x00,0x00,0x00,0x00,0x00,0x00,0x00,0x00,0x00,0x00,0x00,0x00,
	0x00,0x00,0x00,0x00,0x00,0x00,0x00,0x00,0x00,0x00,0x00,0x00,0x00,0x00,0x00,0x00,
	0x00,0x00,0x00,0x00,0x00,0x00,0x00,0x00,0x00,0x00,0x00,0x00,0x00,0x00,0x00,0x00,
	0x00,0x00,0x00,0x00,0x00,0x00,0x00,0x00,0x00,0x00,0x00,0x00,0x00,0x00,0x00,0x00,
	0x00,0x00,0x00,0x00,0x00,0x00,0x00,0x00,0x00,0x00,0x00,0x00,0x00,0x00,0x00,0x00,
	0x00,0x00,0x00,0x00,0x00,0x00,0x00,0x00,0x00,0x00,0x00,0x00,0x00,0x00,0x00,0x00,
	0x00,0x00,0x00,0x00,0x00,0x00,0x00,0x00,0x00,0x00,0x00,0x00,0x00,0x00,0x00,0x00,
	0x00,0x00,0x00,0x00,0x00,0x00,0x00,0x00,0x00,0x00,0x00,0x00,0x00,0x00,0x00,0x00,
	0x00,0x00,0x00,0x00,0x00,0x00,0x00,0x00,0x00,0x00,0x00,0x00,0x00,0x00,0x00,0x00,
	0x00,0x00,0x00,0x00,0x00,0x00,0x00,0x00,0x00,0x00,0x00,0x00,0x00,0x00,0x00,0x00,
	0x00,0x00,0x00,0x00,0x00,0x00,0x00,0x00,0x00,0x00,0x00,0x00,0x00,0x00,0x00,0x00,
	0x00,0x00,0x00,0x00,0x00,0x00,0x00,0x00,0x00,0x00,0x00,0x00,0x00,0x00,0x00,0x00,
	0x00,0x00,0x00,0x00,0x00,0x00,0x00,0x00,0x00,0x00,0x01,0x01,0x00,0x00,0x00,0x00,
	0xb8,0x0f,0x09,0x00,0x00,0x00,0x00,0x01,0x44,0x94,0x04,0x00,0x04,0x94,0x04,0x00,
	0x00,0x00,0x00,0x01,0x4c,0x94,0x04,0x00,0xbc,0x0f,0x09,0x00,0x00,0x00,0x00,0x01,
	0x78,0x94,0x04,0x00,0xb4,0x0f,0x09,0x00,0x00,0x00,0x01,0x02,0xc0,0x01,0x0c,0x02,
	0x01,0x00,0x01,0x04,0x01,0x00,0x00,0x00,0xb8,0x0f,0x09,0x00,0x4f,0x00,0x00,0x01,
	0x08,0x94,0x04,0x00,0x64,0x0f,0x09,0x00,0x00,0x8b,0x04,0x01,0x64,0x0f,0x09,0x00,
	0xb4,0x0f,0x09,0x00,0x01,0x00,0x01,0x04,0x40,0x00,0x00,0x00,0xb4,0x0f,0x09,0x00,
	0x00,0x00,0x00,0x04,0xb8,0x0f,0x09,0x00,0xbc,0x0f,0x09,0x00,0x00,0x08,0x01,0x02,
	0x0c,0x02,0x20,0x02,0x00,0x00,0x01,0x02,0xc0,0x01,0x0c,0x02,0x00,0x00,0x01,0x01,
	0x01,0x00,0x00,0x00,0x18,0x21,0x09,0x00,0x00,0x00,0x01,0x02,0x20,0x02,0x64,0x02,
	0x00,0x00,0x01,0x01,0x02,0x00,0x00,0x00,0x90,0x20,0x09,0x00,0x00,0x15,0x03,0x05,
	0x00,0x00,0x00,0x01,0x18,0x21,0x09,0x00,0xa4,0x0f,0x09,0x00,0x04,0x00,0x01,0x04,
	0x00,0x01,0x00,0x00,0xa4,0x0f,0x09,0x00,0x00,0x00,0x01,0x04,0x00,0x01,0x00,0x00,
	0xa4,0x0f,0x09,0x00,0x00,0x08,0x01,0x02,0x64,0x02,0x7c,0x02,0x00,0x00,0x01,0x02,
	0x20,0x02,0x64,0x02,0x04,0x00,0x01,0x04,0xfe,0xff,0xff,0xff,0x18,0x21,0x09,0x00,
	0x00,0x00,0x01,0x01,0x05,0x00,0x00,0x00,0x60,0x94,0x04,0x00,0x00,0x00,0x01,0x01,
	0x00,0x00,0x00,0x00,0xac,0x0f,0x09,0x00,0x00,0x00,0x00,0x01,0x48,0x94,0x04,0x00,
	0x04,0x94,0x04,0x00,0x00,0x00,0x00,0x01,0x50,0x94,0x04,0x00,0xb0,0x0f,0x09,0x00,
	0x00,0x00,0x00,0x01,0x7c,0x94,0x04,0x00,0xa8,0x0f,0x09,0x00,0x00,0x00,0x01,0x02,
	0xb4,0x02,0x00,0x03,0x01,0x00,0x01,0x04,0x01,0x00,0x00,0x00,0xac,0x0f,0x09,0x00,
	0x4f,0x00,0x00,0x01,0x08,0x94,0x04,0x00,0x24,0x0f,0x09,0x00,0x00,0x8b,0x04,0x01,
	0x24,0x0f,0x09,0x00,0xa8,0x0f,0x09,0x00,0x01,0x00,0x01,0x04,0x40,0x00,0x00,0x00,
	0xa8,0x0f,0x09,0x00,0x00,0x00,0x00,0x04,0xac,0x0f,0x09,0x00,0xb0,0x0f,0x09,0x00,
	0x00,0x08,0x01,0x02,0x00,0x03,0x14,0x03,0x00,0x00,0x01,0x02,0xb4,0x02,0x00,0x03,
	0x00,0x00,0x01,0x01,0x01,0x00,0x00,0x00,0x18,0x21,0x09,0x00,0x00,0x00,0x01,0x02,
	0x14,0x03,0x58,0x03,0x00,0x00,0x01,0x01,0x02,0x00,0x00,0x00,0x90,0x20,0x09,0x00,
	0x00,0x15,0x03,0x05,0x00,0x00,0x00,0x01,0x18,0x21,0x09,0x00,0xa4,0x0f,0x09,0x00,
	0x04,0x00,0x01,0x04,0x00,0x01,0x00,0x00,0xa4,0x0f,0x09,0x00,0x00,0x00,0x01,0x04,
	0x00,0x01,0x00,0x00,0xa4,0x0f,0x09,0x00,0x00,0x08,0x01,0x02,0x58,0x03,0x70,0x03,
	0x00,0x00,0x01,0x02,0x14,0x03,0x58,0x03,0x04,0x00,0x01,0x04,0xfe,0xff,0xff,0xff,
	0x18,0x21,0x09,0x00,0x00,0x00,0x01,0x01,0x00,0x00,0x05,0x00,0x60,0x94,0x04,0x00
};

const unsigned parity_fw_tgl_dmc_size = 19760u;
